Entity,Year,Access to electricity (% of population),Access to clean fuels for cooking,Renewable energy share in the total final energy consumption (%),Electricity from fossil fuels (TWh),Electricity from nuclear (TWh),Electricity from renewables (TWh),Low-carbon electricity (% electricity),Primary energy consumption per capita (kWh/person),Energy intensity level of primary energy (MJ/$2017 PPP GDP),Value_co2_emissions_kt_by_country,gdp_per_capita,Density\n(P/Km2),Land Area(Km2),Latitude,Longitude
Afghanistan,2000,1.613591,6.2,44.99,0.16,0.0,0.31,65.95744,302.59482,1.64,760.0,179.4265792,60.0,652230.0,33.93911,67.709953
Afghanistan,2001,4.074574,7.2,45.6,0.09,0.0,0.5,84.745766,236.89185,1.74,730.0,179.4265792,60.0,652230.0,33.93911,67.709953
Afghanistan,2002,9.409158,8.2,37.83,0.13,0.0,0.56,81.159424,210.86215,1.4,1029.999971,179.4265792,60.0,652230.0,33.93911,67.709953
Afghanistan,2003,14.738506,9.5,36.66,0.31,0.0,0.63,67.02128,229.96822,1.4,1220.000029,190.6838143,60.0,652230.0,33.93911,67.709953
Afghanistan,2004,20.064968,10.9,44.24,0.33,0.0,0.56,62.92135,204.23125,1.2,1029.999971,211.3820742,60.0,652230.0,33.93911,67.709953
Afghanistan,2005,25.390894,12.2,33.88,0.34,0.0,0.59,63.440857,252.06912,1.41,1549.999952,242.0313132,60.0,652230.0,33.93911,67.709953
Afghanistan,2006,30.71869,13.85,31.89,0.2,0.0,0.64,76.190475,304.4209,1.5,1759.99999,263.7336019,60.0,652230.0,33.93911,67.709953
Afghanistan,2007,36.05101,15.3,28.78,0.2,0.0,0.75,78.94737,354.2799,1.53,1769.999981,359.6931579,60.0,652230.0,33.93911,67.709953
Afghanistan,2008,42.4,16.7,21.17,0.19,0.0,0.54,73.9726,607.8335,1.94,3559.999943,364.663542,60.0,652230.0,33.93911,67.709953
Afghanistan,2009,46.74005,18.4,16.53,0.16,0.0,0.78,82.97872,975.04816,2.25,4880.000114,437.2687402,60.0,652230.0,33.93911,67.709953
Afghanistan,2010,42.7,20.0,15.15,0.19,0.0,0.75,79.78723,1182.892,2.46,7110.000134,543.3065262,60.0,652230.0,33.93911,67.709953
Afghanistan,2011,43.22202,21.8,12.61,0.18,0.0,0.6,76.92309,1436.1143,3.23,8930.000305,591.1900302,60.0,652230.0,33.93911,67.709953
Afghanistan,2012,69.1,23.0,15.36,0.14,0.0,0.74,84.09091,1324.1211,2.61,8079.999924,638.8458516,60.0,652230.0,33.93911,67.709953
Afghanistan,2013,68.29065,24.8,16.86,0.22,0.0,0.89,80.180176,1060.7926,2.46,5989.999771,624.3154545,60.0,652230.0,33.93911,67.709953
Afghanistan,2014,89.5,26.1,18.93,0.16,0.0,1.0,86.2069,868.5762,2.25,4880.000114,614.2233424,60.0,652230.0,33.93911,67.709953
Afghanistan,2015,71.5,27.4,17.53,0.15,0.0,1.03,87.28814,970.0803,2.37,5949.999809,556.0072209,60.0,652230.0,33.93911,67.709953
Afghanistan,2016,97.7,28.6,19.92,0.15,0.0,1.06,87.603294,862.79114,2.24,5300.000191,512.0127781,60.0,652230.0,33.93911,67.709953
Afghanistan,2017,97.7,29.7,19.21,0.18,0.0,1.09,85.826775,829.31195,2.3,4780.00021,516.6798622,60.0,652230.0,33.93911,67.709953
Afghanistan,2018,96.616135,30.9,17.96,0.2,0.0,0.97,82.90598,924.25085,2.44,6070.000172,485.6684187,60.0,652230.0,33.93911,67.709953
Afghanistan,2019,97.7,31.9,18.51,0.18,0.0,0.89,83.17757,802.61255,2.41,6079.999924,494.1793499,60.0,652230.0,33.93911,67.709953
Afghanistan,2020,97.7,33.2,18.51,0.12,0.0,0.68,85.0,702.888,2.41,6079.999924,516.7478708,60.0,652230.0,33.93911,67.709953
Algeria,2000,98.9731,97.1,0.43,23.84,0.0,0.05,0.20929259,9746.524,4.18,80050.0,1765.027146,18.0,2381741.0,28.033886,1.659626
Algeria,2001,98.96687,97.3,0.43,24.96,0.0,0.07,0.2796644,9961.64,4.07,78650.0,1740.606654,18.0,2381741.0,28.033886,1.659626
Algeria,2002,98.95306,97.8,0.51,25.94,0.0,0.06,0.23076923,10180.35,4.12,82400.00153,1781.828908,18.0,2381741.0,28.033886,1.659626
Algeria,2003,98.93401,98.0,0.47,27.54,0.0,0.26,0.93525183,10510.461,4.08,88190.00244,2103.381291,18.0,2381741.0,28.033886,1.659626
Algeria,2004,98.91208,98.2,0.44,29.14,0.0,0.25,0.8506295,10759.022,3.96,89489.99786,2610.185422,18.0,2381741.0,28.033886,1.659626
Algeria,2005,98.88961,98.5,0.58,31.36,0.0,0.55,1.7235976,11113.723,3.9,94190.00244,3113.094883,18.0,2381741.0,28.033886,1.659626
Algeria,2006,98.86901,98.7,0.41,32.9,0.0,0.22,0.6642512,11341.98,4.1,99809.99756,3478.710002,18.0,2381741.0,28.033886,1.659626
Algeria,2007,98.852936,98.8,0.41,34.75,0.0,0.22,0.62911063,11759.701,4.21,102750.0,3950.512993,18.0,2381741.0,28.033886,1.659626
Algeria,2008,99.3,99.0,0.3,37.55,0.0,0.28,0.74015325,12252.297,4.16,107750.0,4923.631615,18.0,2381741.0,28.033886,1.659626
Algeria,2009,98.845184,99.1,0.31,35.91,0.0,0.3,0.8285005,12753.12,4.48,112169.9982,3883.2709,18.0,2381741.0,28.033886,1.659626
Algeria,2010,98.85893,99.2,0.26,42.82,0.0,0.17,0.3954408,12243.156,4.42,114180.0003,4480.786318,18.0,2381741.0,28.033886,1.659626
Algeria,2011,98.88803,99.3,0.18,47.67,0.0,0.5,1.0379905,12710.541,4.47,120790.0009,5455.679403,18.0,2381741.0,28.033886,1.659626
Algeria,2012,98.76466,99.4,0.18,53.36,0.0,0.62,1.1485735,13624.909,4.72,134929.9927,5592.220115,18.0,2381741.0,28.033886,1.659626
Algeria,2013,99.002205,99.4,0.13,55.99,0.0,0.33,0.5859375,14130.735,4.76,139020.0043,5499.587331,18.0,2381741.0,28.033886,1.659626
Algeria,2014,99.08701,99.5,0.07,60.15,0.0,0.25,0.41390726,15108.635,5.0,147740.0055,5493.056695,18.0,2381741.0,28.033886,1.659626
Algeria,2015,99.18666,99.5,0.06,64.46,0.0,0.22,0.34013605,15616.311,5.05,156270.0043,4177.889542,18.0,2381741.0,28.033886,1.659626
Algeria,2016,99.35025,99.6,0.08,66.43,0.0,0.34,0.50921077,15295.143,4.85,154910.0037,3946.452447,18.0,2381741.0,28.033886,1.659626
Algeria,2017,99.63549,99.6,0.14,70.86,0.0,0.64,0.8951049,15164.0,4.93,158339.9963,4109.698217,18.0,2381741.0,28.033886,1.659626
Algeria,2018,99.69784,99.6,0.19,71.32,0.0,0.78,1.0818309,15971.084,5.19,165539.9933,4142.018558,18.0,2381741.0,28.033886,1.659626
Algeria,2019,99.5,99.7,0.16,75.85,0.0,0.84,1.0953188,16259.053,5.32,171250.0,3989.668276,18.0,2381741.0,28.033886,1.659626
Algeria,2020,99.80413,99.7,0.16,72.01,0.0,0.72,0.9899628,14933.807,5.32,171250.0,3306.858208,18.0,2381741.0,28.033886,1.659626
Angola,2000,24.212744,41.1,73.44,0.5,0.0,0.9,64.28571,1979.2562,3.68,16200.0,556.8386317,26.0,1246700.0,-11.202692,17.873887
Angola,2001,20.0,41.7,72.34,0.58,0.0,1.01,63.52201,2079.732,3.65,15960.0,527.3335285,26.0,1246700.0,-11.202692,17.873887
Angola,2002,26.352118,41.7,70.42,0.58,0.0,1.13,66.08187,2143.528,3.34,15689.99958,872.4944418,26.0,1246700.0,-11.202692,17.873887
Angola,2003,27.412777,42.0,65.14,0.71,0.0,1.23,63.40206,2298.9023,3.49,16760.00023,982.9610078,26.0,1246700.0,-11.202692,17.873887
Angola,2004,28.47055,41.9,61.92,0.45,0.0,1.73,79.357796,2454.67,3.17,17450.00076,1255.564513,26.0,1246700.0,-11.202692,17.873887
Angola,2005,29.527786,42.6,68.38,0.53,0.0,2.2,80.58608,2016.8517,2.6,15810.00042,1902.42215,26.0,1246700.0,-11.202692,17.873887
Angola,2006,30.586895,42.9,62.13,0.6,0.0,2.64,81.48148,2453.2468,2.62,16559.99947,2599.565948,26.0,1246700.0,-11.202692,17.873887
Angola,2007,37.5,43.5,58.49,0.68,0.0,2.47,78.4127,2719.0603,2.5,16969.99931,3121.996085,26.0,1246700.0,-11.202692,17.873887
Angola,2008,38.49,43.6,54.88,0.96,0.0,3.1,76.35468,3072.024,2.48,19280.00069,4080.941034,26.0,1246700.0,-11.202692,17.873887
Angola,2009,33.80219,43.8,52.41,1.54,0.0,3.06,66.52174,3368.8357,2.71,21149.99962,3122.781599,26.0,1246700.0,-11.202692,17.873887
Angola,2010,34.895638,44.3,52.51,1.64,0.0,3.68,69.17293,3560.0942,2.61,22799.99924,3587.883645,26.0,1246700.0,-11.202692,17.873887
Angola,2011,34.6,44.8,51.06,1.55,0.0,3.98,71.97106,3594.49,2.62,23870.00084,4615.468219,26.0,1246700.0,-11.202692,17.873887
Angola,2012,37.13132,45.2,49.47,2.29,0.0,3.74,62.023216,3615.5242,2.71,23870.00084,5100.097027,26.0,1246700.0,-11.202692,17.873887
Angola,2013,38.27803,45.8,47.95,3.24,0.0,4.73,59.347553,3897.9126,2.6,26959.99908,5254.881126,26.0,1246700.0,-11.202692,17.873887
Angola,2014,32.0,46.5,48.23,3.98,0.0,5.24,56.83297,4135.0474,3.28,29629.99916,5408.4117,26.0,1246700.0,-11.202692,17.873887
Angola,2015,42.0,47.2,47.84,4.03,0.0,5.28,56.713207,4159.5776,2.86,31649.99962,4166.979833,26.0,1246700.0,-11.202692,17.873887
Angola,2016,41.81313,47.8,49.03,4.2,0.0,6.01,58.863857,3661.5513,2.61,29760.00023,3506.073128,26.0,1246700.0,-11.202692,17.873887
Angola,2017,43.01326,48.4,56.25,2.99,0.0,7.69,72.003746,3370.8962,2.51,24250.0,4095.810057,26.0,1246700.0,-11.202692,17.873887
Angola,2018,45.29,49.1,57.36,2.93,0.0,9.9,77.162895,3366.3933,2.95,23959.99908,3289.643995,26.0,1246700.0,-11.202692,17.873887
Angola,2019,45.6428,49.5,54.69,4.38,0.0,11.02,71.55844,3667.4238,2.94,25209.99908,2809.626088,26.0,1246700.0,-11.202692,17.873887
Angola,2020,46.89061,50.2,54.69,4.49,0.0,12.1,72.9355,3527.16,2.94,25209.99908,1776.166868,26.0,1246700.0,-11.202692,17.873887
Antigua and Barbuda,2000,97.68926,100.0,0.0,0.14,0.0,0.0,0.0,28457.223,3.13,330.0,10872.29295,223.0,443.0,17.060816,-61.796428
Antigua and Barbuda,2001,97.785255,100.0,0.0,0.16,0.0,0.0,0.0,28025.29,3.31,350.0,10367.31961,223.0,443.0,17.060816,-61.796428
Antigua and Barbuda,2002,100.0,100.0,0.0,0.18,0.0,0.0,0.0,29660.344,3.59,389.9999857,10401.05088,223.0,443.0,17.060816,-61.796428
Antigua and Barbuda,2003,97.956825,100.0,0.0,0.2,0.0,0.0,0.0,30824.252,3.63,409.9999964,10797.95106,223.0,443.0,17.060816,-61.796428
Antigua and Barbuda,2004,98.0371,100.0,0.0,0.21,0.0,0.0,0.0,31622.059,3.57,400.000006,11446.96914,223.0,443.0,17.060816,-61.796428
Antigua and Barbuda,2005,92.2,100.0,0.0,0.23,0.0,0.0,0.0,31734.295,3.4,409.9999964,12557.54785,223.0,443.0,17.060816,-61.796428
Antigua and Barbuda,2006,100.0,100.0,0.0,0.24,0.0,0.0,0.0,32290.607,3.12,439.9999976,13995.80442,223.0,443.0,17.060816,-61.796428
Antigua and Barbuda,2007,100.0,100.0,0.0,0.26,0.0,0.0,0.0,33375.836,3.02,460.0000083,15622.69287,223.0,443.0,17.060816,-61.796428
Antigua and Barbuda,2008,100.0,100.0,0.0,0.27,0.0,0.0,0.0,33637.074,3.08,479.9999893,16044.1058,223.0,443.0,17.060816,-61.796428
Antigua and Barbuda,2009,98.48128,100.0,0.0,0.31,0.0,0.0,0.0,34709.18,3.7,1389.999986,14160.562,223.0,443.0,17.060816,-61.796428
Antigua and Barbuda,2010,98.59724,100.0,0.0,0.32,0.0,0.0,0.0,33104.54,4.05,490.0000095,13048.96058,223.0,443.0,17.060816,-61.796428
Antigua and Barbuda,2011,94.55202,100.0,0.08,0.32,0.0,0.0,0.0,32616.084,4.08,540.0000215,12746.63347,223.0,443.0,17.060816,-61.796428
Antigua and Barbuda,2012,100.0,100.0,0.15,0.31,0.0,0.0,0.0,33159.37,4.08,699.9999881,13272.73494,223.0,443.0,17.060816,-61.796428
Antigua and Barbuda,2013,100.0,100.0,0.15,0.31,0.0,0.0,0.0,32853.875,4.13,469.9999988,12910.59063,223.0,443.0,17.060816,-61.796428
Antigua and Barbuda,2014,100.0,100.0,0.14,0.32,0.0,0.0,0.0,33313.0,4.01,479.9999893,13501.58092,223.0,443.0,17.060816,-61.796428
Antigua and Barbuda,2015,100.0,100.0,0.48,0.32,0.0,0.01,3.030303,33830.76,3.98,490.0000095,14285.32978,223.0,443.0,17.060816,-61.796428
Antigua and Barbuda,2016,100.0,100.0,0.6,0.32,0.0,0.0,0.0,34089.41,3.85,500.0,15198.74297,223.0,443.0,17.060816,-61.796428
Antigua and Barbuda,2017,100.0,100.0,0.6,0.32,0.0,0.01,3.030303,32233.041,3.73,500.0,15383.5764,223.0,443.0,17.060816,-61.796428
Antigua and Barbuda,2018,100.0,100.0,0.9,0.32,0.0,0.01,3.030303,33026.227,3.57,509.9999905,16679.59166,223.0,443.0,17.060816,-61.796428
Antigua and Barbuda,2019,100.0,100.0,0.91,0.33,0.0,0.01,2.9411764,33027.516,3.45,519.9999809,17376.64968,223.0,443.0,17.060816,-61.796428
Antigua and Barbuda,2020,100.0,100.0,0.91,0.31,0.0,0.02,6.060606,27785.227,3.45,519.9999809,13992.74448,223.0,443.0,17.060816,-61.796428
Argentina,2000,95.78329,95.0,9.85,50.37,5.99,28.89,40.914955,18849.81,3.69,132270.0,7708.099115,17.0,2780400.0,-38.416097,-63.616672
Argentina,2001,95.51106,95.6,11.51,42.91,6.54,37.04,50.38733,18210.12,3.59,125260.0,7208.373114,17.0,2780400.0,-38.416097,-63.616672
Argentina,2002,96.22887,96.1,11.62,39.7,5.39,36.06,51.07825,17275.256,3.99,117470.0012,2593.404563,17.0,2780400.0,-38.416097,-63.616672
Argentina,2003,96.442635,96.45,10.82,46.73,7.03,34.38,46.982075,18326.521,3.97,127660.0037,3349.8063,17.0,2780400.0,-38.416097,-63.616672
Argentina,2004,96.6535,97.2,9.29,57.35,7.31,31.03,40.066883,19261.457,4.04,141380.0049,4277.721573,17.0,2780400.0,-38.416097,-63.616672
Argentina,2005,96.863846,97.5,9.64,59.89,6.37,34.6,40.620663,20232.844,3.68,145990.0055,5109.852245,17.0,2780400.0,-38.416097,-63.616672
Argentina,2006,97.07606,98.1,9.18,65.58,7.15,38.67,41.131058,21038.723,3.58,154899.9939,5919.012338,17.0,2780400.0,-38.416097,-63.616672
Argentina,2007,97.29279,98.3,7.72,72.95,6.72,31.18,34.19035,21708.37,3.44,162809.9976,7245.446857,17.0,2780400.0,-38.416097,-63.616672
Argentina,2008,97.516754,98.6,7.65,76.62,6.85,31.28,33.22876,21780.38,3.42,167229.9957,9020.873323,17.0,2780400.0,-38.416097,-63.616672
Argentina,2009,97.750656,98.9,8.59,74.01,7.59,34.7,36.362854,20954.271,3.35,156570.0073,8225.137583,17.0,2780400.0,-38.416097,-63.616672
Argentina,2010,98.82,99.1,8.79,78.54,6.69,34.41,34.353058,21507.703,3.26,167220.0012,10385.96443,17.0,2780400.0,-38.416097,-63.616672
Argentina,2011,99.09535,99.3,8.83,84.43,5.89,32.43,31.217922,21894.867,3.18,176639.9994,12848.8642,17.0,2780400.0,-38.416097,-63.616672
Argentina,2012,99.22998,99.5,8.61,91.86,5.9,30.93,28.619164,22494.715,3.3,177960.0067,13082.66433,17.0,2780400.0,-38.416097,-63.616672
Argentina,2013,99.342674,99.6,8.91,91.55,5.73,35.03,30.806438,23152.588,3.31,183250.0,13080.25473,17.0,2780400.0,-38.416097,-63.616672
Argentina,2014,100.0,99.7,9.79,92.18,5.26,34.37,30.066004,22881.006,3.4,179600.0061,12334.79825,17.0,2780400.0,-38.416097,-63.616672
Argentina,2015,99.62539,99.7,9.4,97.18,6.64,33.97,29.472387,23046.873,3.36,185550.0031,13789.06042,17.0,2780400.0,-38.416097,-63.616672
Argentina,2016,99.84958,99.8,9.38,100.8,7.82,31.02,27.81438,22726.455,3.41,183160.0037,12790.24247,17.0,2780400.0,-38.416097,-63.616672
Argentina,2017,100.0,99.8,10.37,99.4,5.77,33.4,28.267298,22503.818,3.32,179320.0073,14613.04182,17.0,2780400.0,-38.416097,-63.616672
Argentina,2018,99.98958,99.8,10.52,98.31,6.51,34.97,29.673082,22163.16,3.31,176899.9939,11795.15939,17.0,2780400.0,-38.416097,-63.616672
Argentina,2019,100.0,99.9,10.74,90.56,7.97,34.63,31.991589,20725.168,3.35,168100.0061,10056.63794,17.0,2780400.0,-38.416097,-63.616672
Argentina,2020,100.0,99.9,10.74,91.58,10.06,37.05,33.967842,19314.066,3.35,168100.0061,8579.017773,17.0,2780400.0,-38.416097,-63.616672
Armenia,2000,98.9,79.5,7.16,2.53,1.84,1.25,54.98221,9270.454,6.79,3560.0,622.7409229,104.0,29743.0,40.069099,45.038189
Armenia,2001,100.0,82.2,5.42,2.62,1.99,0.96,52.962296,9219.866,6.17,3600.0,694.4234554,104.0,29743.0,40.069099,45.038189
Armenia,2002,98.0,84.9,8.9,1.48,2.09,1.64,71.59309,8911.608,5.1,3119.999886,783.241215,104.0,29743.0,40.069099,45.038189
Armenia,2003,99.19013,87.7,9.81,1.43,1.82,1.96,72.55278,9866.072,4.72,3500.0,930.1254727,104.0,29743.0,40.069099,45.038189
Armenia,2004,99.18923,89.9,8.71,1.72,2.2,1.98,70.84745,10294.192,4.52,3759.99999,1191.921006,104.0,29743.0,40.069099,45.038189
Armenia,2005,99.8,91.6,6.49,1.72,2.5,1.75,71.189285,11997.367,4.76,4460.000038,1643.756889,104.0,29743.0,40.069099,45.038189
Armenia,2006,99.18823,92.9,7.65,1.39,2.42,1.81,75.26691,12061.231,4.28,4489.999771,2158.148074,104.0,29743.0,40.069099,45.038189
Armenia,2007,99.193184,94.2,7.02,1.4,2.35,1.83,74.91039,13633.888,4.2,5199.999809,3139.28071,104.0,29743.0,40.069099,45.038189
Armenia,2008,99.205376,95.0,6.4,1.42,2.27,1.78,74.04023,13250.285,4.13,5690.000057,4010.861381,104.0,29743.0,40.069099,45.038189
Armenia,2009,99.2275,95.7,7.8,1.08,2.29,2.0,79.88827,11915.396,4.18,4510.000229,2994.340471,104.0,29743.0,40.069099,45.038189
Armenia,2010,99.8,96.4,9.36,1.35,2.29,2.54,78.15534,13351.512,3.89,4340.000153,3218.378299,104.0,29743.0,40.069099,45.038189
Armenia,2011,99.6058,96.8,8.01,2.25,2.36,2.46,68.17539,14139.787,4.06,4940.000057,3525.807198,104.0,29743.0,40.069099,45.038189
Armenia,2012,99.62897,97.2,6.56,3.19,2.12,2.3,58.08147,15057.879,4.15,5719.99979,3681.844691,104.0,29743.0,40.069099,45.038189
Armenia,2013,99.42,97.5,6.77,2.98,2.17,2.15,59.178085,14838.981,3.92,5500.0,3838.17388,104.0,29743.0,40.069099,45.038189
Armenia,2014,99.71,97.6,7.08,3.09,2.27,1.97,57.84447,15185.13,4.11,5480.000019,3986.231624,104.0,29743.0,40.069099,45.038189
Armenia,2015,100.0,97.8,10.74,2.63,2.57,2.18,64.363144,14124.947,4.12,5340.000153,3607.289299,104.0,29743.0,40.069099,45.038189
Armenia,2016,99.8,97.9,13.15,2.43,2.19,2.33,65.03597,14289.046,3.93,5070.000172,3591.828052,104.0,29743.0,40.069099,45.038189
Armenia,2017,99.7,98.0,12.56,2.7,2.41,2.25,63.315216,15302.439,3.86,5369.999886,3914.527854,104.0,29743.0,40.069099,45.038189
Armenia,2018,99.9,98.0,11.13,3.17,1.9,2.31,57.04607,15133.982,3.51,5710.000038,4220.540321,104.0,29743.0,40.069099,45.038189
Armenia,2019,100.0,98.0,10.34,2.86,2.03,2.41,60.821915,16179.096,3.53,6170.000076,4604.646324,104.0,29743.0,40.069099,45.038189
Armenia,2020,100.0,98.1,10.34,2.98,2.55,1.92,59.999996,17086.047,3.53,6170.000076,4266.018074,104.0,29743.0,40.069099,45.038189
Australia,2000,100.0,100.0,8.42,181.05,0.0,17.11,8.634437,68632.96,6.16,339450.0,21697.70848,3.0,7741220.0,-25.274398,133.775136
Australia,2001,100.0,100.0,8.37,194.33,0.0,17.4,8.218014,68338.28,5.91,345640.0,19527.32358,3.0,7741220.0,-25.274398,133.775136
Australia,2002,100.0,100.0,8.74,197.29,0.0,17.35,8.0833025,68892.78,5.89,353369.9951,20117.78889,3.0,7741220.0,-25.274398,133.775136
Australia,2003,100.0,100.0,7.15,195.13,0.0,18.5,8.659832,69082.79,5.78,352579.9866,23492.40517,3.0,7741220.0,-25.274398,133.775136
Australia,2004,100.0,100.0,6.68,203.66,0.0,19.41,8.701304,70486.32,5.65,365809.9976,30513.94174,3.0,7741220.0,-25.274398,133.775136
Australia,2005,100.0,100.0,6.71,195.95,0.0,19.75,9.156236,69917.164,5.52,370089.9963,34080.9999,3.0,7741220.0,-25.274398,133.775136
Australia,2006,100.0,100.0,6.85,198.72,0.0,21.19,9.63576,71863.76,5.58,375489.9902,36117.48798,3.0,7741220.0,-25.274398,133.775136
Australia,2007,100.0,100.0,6.95,208.59,0.0,20.93,9.119031,72304.695,5.52,385750.0,41001.14298,3.0,7741220.0,-25.274398,133.775136
Australia,2008,100.0,100.0,6.79,211.06,0.0,18.49,8.05489,72089.34,5.53,388940.0024,49654.9106,3.0,7741220.0,-25.274398,133.775136
Australia,2009,100.0,100.0,7.15,216.42,0.0,18.32,7.804379,69689.84,5.43,395290.0085,42783.32257,3.0,7741220.0,-25.274398,133.775136
Australia,2010,100.0,100.0,8.16,212.5,0.0,21.13,9.044215,68523.875,5.33,387540.0085,52087.97229,3.0,7741220.0,-25.274398,133.775136
Australia,2011,100.0,100.0,8.32,213.56,0.0,27.33,11.3454275,69714.19,5.23,386380.0049,62574.1457,3.0,7741220.0,-25.274398,133.775136
Australia,2012,100.0,100.0,8.29,206.75,0.0,26.63,11.410575,67583.03,4.98,386970.0012,68027.84171,3.0,7741220.0,-25.274398,133.775136
Australia,2013,100.0,100.0,9.21,195.78,0.0,34.2,14.870858,67307.04,4.93,380279.9988,68156.62792,3.0,7741220.0,-25.274398,133.775136
Australia,2014,100.0,100.0,9.32,205.46,0.0,36.15,14.96213,66744.195,4.78,371630.0049,62511.69059,3.0,7741220.0,-25.274398,133.775136
Australia,2015,100.0,100.0,9.31,197.72,0.0,33.12,14.3476,67234.93,4.67,377799.9878,56707.02208,3.0,7741220.0,-25.274398,133.775136
Australia,2016,100.0,100.0,9.42,207.66,0.0,38.41,15.609379,66407.09,4.54,384989.9902,49881.76371,3.0,7741220.0,-25.274398,133.775136
Australia,2017,100.0,100.0,9.69,209.14,0.0,40.77,16.313873,65146.316,4.49,389160.0037,53934.25018,3.0,7741220.0,-25.274398,133.775136
Australia,2018,100.0,100.0,9.67,207.45,0.0,42.93,17.145937,65072.668,4.39,387070.0073,57180.7794,3.0,7741220.0,-25.274398,133.775136
Australia,2019,100.0,100.0,10.13,196.45,0.0,53.41,21.37597,66263.54,4.3,386529.9988,54875.28596,3.0,7741220.0,-25.274398,133.775136
Australia,2020,100.0,100.0,10.13,186.92,0.0,63.99,25.503168,61826.21,4.3,386529.9988,51692.84275,3.0,7741220.0,-25.274398,133.775136
Austria,2000,100.0,100.0,26.44,16.41,0.0,43.44,72.58146,48863.28,3.22,63530.0,24564.45829,109.0,83871.0,47.516231,14.550072
Austria,2001,100.0,100.0,25.53,18.82,0.0,42.24,69.17786,50421.105,3.36,67910.0,24537.51426,109.0,83871.0,47.516231,14.550072
Austria,2002,100.0,100.0,24.68,18.79,0.0,41.9,69.03938,50254.64,3.33,69370.00275,26401.74546,109.0,83871.0,47.516231,14.550072
Austria,2003,100.0,100.0,22.56,22.82,0.0,35.24,60.695835,50523.203,3.48,74459.99908,32222.89724,109.0,83871.0,47.516231,14.550072
Austria,2004,100.0,100.0,23.17,22.31,0.0,39.62,63.975456,51139.312,3.44,75800.00305,36821.52147,109.0,83871.0,47.516231,14.550072
Austria,2005,100.0,100.0,24.41,23.61,0.0,40.88,63.389675,51714.72,3.47,76239.99786,38403.13388,109.0,83871.0,47.516231,14.550072
Austria,2006,100.0,100.0,26.64,21.62,0.0,40.66,65.285805,50921.684,3.38,74099.99847,40635.28182,109.0,83871.0,47.516231,14.550072
Austria,2007,100.0,100.0,28.99,19.74,0.0,43.17,68.62184,49669.195,3.2,71239.99786,46855.77175,109.0,83871.0,47.516231,14.550072
Austria,2008,100.0,100.0,29.68,19.97,0.0,44.53,69.03876,50475.008,3.18,70730.00336,51708.76575,109.0,83871.0,47.516231,14.550072
Austria,2009,100.0,100.0,31.31,19.12,0.0,47.18,71.161385,48765.184,3.14,64419.99817,47963.1794,109.0,83871.0,47.516231,14.550072
Austria,2010,100.0,100.0,31.15,22.92,0.0,44.99,66.24944,50240.96,3.29,69959.99908,46858.04327,109.0,83871.0,47.516231,14.550072
Austria,2011,100.0,100.0,31.64,21.35,0.0,40.91,65.70832,47200.484,3.1,68269.99664,51374.95841,109.0,83871.0,47.516231,14.550072
Austria,2012,100.0,100.0,34.38,17.37,0.0,51.33,74.71616,49174.594,3.07,65110.00061,48567.69529,109.0,83871.0,47.516231,14.550072
Austria,2013,100.0,100.0,34.59,14.09,0.0,50.5,78.185486,48493.574,3.1,65750.0,50716.70871,109.0,83871.0,47.516231,14.550072
Austria,2014,100.0,100.0,35.67,11.42,0.0,50.2,81.46706,46196.465,2.97,62049.99924,51717.49594,109.0,83871.0,47.516231,14.550072
Austria,2015,100.0,100.0,34.82,14.26,0.0,47.59,76.94422,45686.785,3.01,63240.00168,44178.04738,109.0,83871.0,47.516231,14.550072
Austria,2016,100.0,100.0,34.64,14.17,0.0,51.08,78.28352,46698.785,2.98,63680.00031,45276.83144,109.0,83871.0,47.516231,14.550072
Austria,2017,100.0,100.0,33.98,16.37,0.0,51.05,75.719376,47423.047,2.97,65860.00061,47312.00623,109.0,83871.0,47.516231,14.550072
Austria,2018,100.0,100.0,34.11,14.98,0.0,50.06,76.96802,46186.543,2.81,63060.00137,51461.43322,109.0,83871.0,47.516231,14.550072
Austria,2019,100.0,100.0,33.77,16.22,0.0,54.64,77.109795,48314.258,2.82,64769.99664,50114.40111,109.0,83871.0,47.516231,14.550072
Austria,2020,100.0,100.0,33.77,13.77,0.0,55.42,80.098274,45028.27,2.82,64769.99664,48586.80132,109.0,83871.0,47.516231,14.550072
Azerbaijan,2000,98.908226,70.3,2.07,16.13,0.0,1.52,8.611898,16123.289,14.46,27690.0,655.1199452,123.0,86600.0,40.143105,47.576927
Azerbaijan,2001,98.6218,73.6,1.75,16.61,0.0,1.29,7.206704,15361.87,13.33,26400.0,703.6838434,123.0,86600.0,40.143105,47.576927
Azerbaijan,2002,100.0,76.8,2.35,16.47,0.0,2.0,10.828371,15003.191,12.31,26180.00031,763.080638,123.0,86600.0,40.143105,47.576927
Azerbaijan,2003,98.92747,80.3,2.94,17.69,0.0,2.44,12.121213,16075.374,11.74,28569.99969,883.7339715,123.0,86600.0,40.143105,47.576927
Azerbaijan,2004,99.0748,82.9,3.07,17.76,0.0,2.73,13.323572,17986.783,11.3,28309.99947,1045.009379,123.0,86600.0,40.143105,47.576927
Azerbaijan,2005,99.221596,85.2,3.36,17.12,0.0,2.98,14.8258705,19273.648,9.28,30040.00092,1578.40239,123.0,86600.0,40.143105,47.576927
Azerbaijan,2006,99.5,87.4,2.86,19.83,0.0,2.49,11.155914,18724.746,6.8,30489.99977,2473.081819,123.0,86600.0,40.143105,47.576927
Azerbaijan,2007,99.52345,89.4,3.78,18.31,0.0,2.34,11.331718,17015.564,5.13,27629.99916,3851.437869,123.0,86600.0,40.143105,47.576927
Azerbaijan,2008,99.68387,90.7,3.08,18.24,0.0,2.21,10.806846,16933.111,5.15,30450.00076,5574.603802,123.0,86600.0,40.143105,47.576927
Azerbaijan,2009,99.854225,92.1,3.27,15.57,0.0,2.29,12.821948,14348.922,4.21,25500.0,4950.294791,123.0,86600.0,40.143105,47.576927
Azerbaijan,2010,99.943794,93.1,4.45,14.34,0.0,3.41,19.211267,13958.922,3.82,24309.99947,5843.533768,123.0,86600.0,40.143105,47.576927
Azerbaijan,2011,99.9,94.0,3.55,16.57,0.0,2.65,13.787722,15663.72,4.2,27280.00069,7189.691229,123.0,86600.0,40.143105,47.576927
Azerbaijan,2012,100.0,94.7,2.84,19.9,0.0,1.8,8.29493,15936.576,4.47,30110.00061,7496.294648,123.0,86600.0,40.143105,47.576927
Azerbaijan,2013,100.0,95.2,2.52,20.56,0.0,1.47,6.672719,16085.35,4.28,30940.00053,7875.756953,123.0,86600.0,40.143105,47.576927
Azerbaijan,2014,100.0,95.5,2.12,22.03,0.0,1.29,5.5317326,16145.47,4.3,32240.00168,7891.313147,123.0,86600.0,40.143105,47.576927
Azerbaijan,2015,100.0,95.9,2.33,21.66,0.0,1.62,6.9587626,17438.53,4.26,31770.00046,5500.310382,123.0,86600.0,40.143105,47.576927
Azerbaijan,2016,100.0,96.2,1.94,21.57,0.0,2.0,8.485363,17089.488,4.35,32240.00168,3880.738731,123.0,86600.0,40.143105,47.576927
Azerbaijan,2017,100.0,96.4,1.91,21.17,0.0,1.79,7.7961674,16612.637,4.37,31959.99908,4147.089716,123.0,86600.0,40.143105,47.576927
Azerbaijan,2018,100.0,96.6,1.93,21.95,0.0,1.87,7.850546,16897.24,4.32,32729.99954,4739.84171,123.0,86600.0,40.143105,47.576927
Azerbaijan,2019,100.0,96.7,1.62,22.91,0.0,1.69,6.869919,17546.781,4.61,35509.99832,4805.753718,123.0,86600.0,40.143105,47.576927
Azerbaijan,2020,100.0,96.8,1.62,23.16,0.0,1.22,5.0041018,17803.629,4.61,35509.99832,4221.407478,123.0,86600.0,40.143105,47.576927
Bahrain,2000,100.0,100.0,0.0,13.02,0.0,0.0,0.0,157253.03,10.43,15880.0,13636.41675,2.239,765.0,26.0667,50.5577
Bahrain,2001,100.0,100.0,0.0,13.74,0.0,0.0,0.0,158559.69,10.41,16390.0,12868.17692,2.239,765.0,26.0667,50.5577
Bahrain,2002,100.0,100.0,0.0,14.34,0.0,0.0,0.0,165096.56,10.45,17219.99931,13049.90973,2.239,765.0,26.0667,50.5577
Bahrain,2003,100.0,100.0,0.0,14.76,0.0,0.0,0.0,165859.02,10.3,17940.00053,14222.0368,2.239,765.0,26.0667,50.5577
Bahrain,2004,100.0,100.0,0.0,15.18,0.0,0.0,0.0,160432.52,9.83,17930.00031,15846.50595,2.239,765.0,26.0667,50.5577
Bahrain,2005,100.0,100.0,0.0,18.2,0.0,0.0,0.0,166315.33,10.55,20690.00053,17959.39683,2.239,765.0,26.0667,50.5577
Bahrain,2006,100.0,100.0,0.0,19.77,0.0,0.0,0.0,164833.39,10.36,22489.99977,19307.50894,2.239,765.0,26.0667,50.5577
Bahrain,2007,100.0,100.0,0.0,20.42,0.0,0.0,0.0,157924.5,10.31,23000.0,20976.44229,2.239,765.0,26.0667,50.5577
Bahrain,2008,100.0,100.0,0.0,21.45,0.0,0.0,0.0,154979.23,10.35,24760.00023,23066.45098,2.239,765.0,26.0667,50.5577
Bahrain,2009,100.0,100.0,0.0,21.21,0.0,0.0,0.0,144448.34,9.7,24719.99931,19355.92101,2.239,765.0,26.0667,50.5577
Bahrain,2010,100.0,100.0,0.0,22.39,0.0,0.0,0.0,141914.1,9.59,25969.99931,20722.07049,2.239,765.0,26.0667,50.5577
Bahrain,2011,100.0,100.0,0.0,22.88,0.0,0.0,0.0,140596.47,9.42,26020.00046,22514.20272,2.239,765.0,26.0667,50.5577
Bahrain,2012,100.0,100.0,0.0,23.29,0.0,0.0,0.0,149451.38,8.64,27170.00008,23654.36959,2.239,765.0,26.0667,50.5577
Bahrain,2013,100.0,100.0,0.0,24.36,0.0,0.0,0.0,161365.53,9.54,28850.00038,24744.29696,2.239,765.0,26.0667,50.5577
Bahrain,2014,100.0,100.0,0.0,25.62,0.0,0.01,0.03901678,153929.6,8.77,30280.00069,24989.43753,2.239,765.0,26.0667,50.5577
Bahrain,2015,100.0,100.0,0.0,26.77,0.0,0.01,0.037341297,149472.8,9.05,30579.99992,22634.08565,2.239,765.0,26.0667,50.5577
Bahrain,2016,100.0,100.0,0.0,26.8,0.0,0.01,0.037299518,144113.94,8.62,30299.99924,22608.45256,2.239,765.0,26.0667,50.5577
Bahrain,2017,100.0,100.0,0.0,27.47,0.0,0.01,0.036390103,143466.25,8.33,30520.00046,23742.93734,2.239,765.0,26.0667,50.5577
Bahrain,2018,100.0,100.0,0.0,27.77,0.0,0.01,0.03599712,142291.5,8.27,30809.99947,24085.95599,2.239,765.0,26.0667,50.5577
Bahrain,2019,100.0,100.0,0.0,31.43,0.0,0.01,0.031806614,155398.47,8.73,33259.99832,23551.93009,2.239,765.0,26.0667,50.5577
Bahrain,2020,100.0,100.0,0.0,29.85,0.0,0.01,0.03348962,156095.8,8.73,33259.99832,20409.9528,2.239,765.0,26.0667,50.5577
Bangladesh,2000,32.0,8.3,59.06,13.93,0.0,0.94,6.3214526,1053.6212,3.14,21650.0,418.0689421,1.265,148460.0,23.684994,90.356331
Bangladesh,2001,35.032646,8.3,55.82,15.41,0.0,0.98,5.9792557,1181.6239,3.27,25780.0,415.0344043,1.265,148460.0,23.684994,90.356331
Bangladesh,2002,37.85107,8.4,54.33,16.55,0.0,1.05,5.9659085,1163.1385,3.23,27430.00031,413.0802826,1.265,148460.0,23.684994,90.356331
Bangladesh,2003,40.66426,8.6,52.62,17.47,0.0,1.12,6.0247445,1208.1465,3.2,28629.99916,446.3106757,1.265,148460.0,23.684994,90.356331
Bangladesh,2004,40.6,8.9,52.05,22.05,0.0,1.21,5.2020636,1261.467,3.1,30530.00069,475.2919302,1.265,148460.0,23.684994,90.356331
Bangladesh,2005,44.23,9.2,50.66,24.15,0.0,1.28,5.033425,1345.851,3.05,32709.99908,499.4619402,1.265,148460.0,23.684994,90.356331
Bangladesh,2006,50.5251,9.8,48.69,27.86,0.0,1.39,4.7521367,1438.764,3.05,35900.00153,509.6401899,1.265,148460.0,23.684994,90.356331
Bangladesh,2007,46.5,10.3,47.19,28.45,0.0,0.76,2.6018488,1458.1193,2.98,37990.00168,558.0518407,1.265,148460.0,23.684994,90.356331
Bangladesh,2008,54.735516,11.0,45.2,31.36,0.0,0.96,2.970297,1528.589,2.94,41580.00183,634.9870697,1.265,148460.0,23.684994,90.356331
Bangladesh,2009,57.568848,11.8,43.1,34.6,0.0,0.47,1.3401768,1660.9723,2.94,44750.0,702.2644196,1.265,148460.0,23.684994,90.356331
Bangladesh,2010,55.26,12.7,40.28,37.65,0.0,0.84,2.182385,1685.9304,2.93,50580.00183,781.1535777,1.265,148460.0,23.684994,90.356331
Bangladesh,2011,59.6,13.7,38.41,40.67,0.0,0.99,2.3763802,1806.3944,2.85,54419.99817,861.7621622,1.265,148460.0,23.684994,90.356331
Bangladesh,2012,66.15557,14.7,37.31,44.91,0.0,0.93,2.0287957,1938.1482,2.77,57990.00168,883.1171296,1.265,148460.0,23.684994,90.356331
Bangladesh,2013,61.5,15.8,37.08,48.94,0.0,1.1,2.1982415,1991.1696,2.73,60599.99847,981.8608514,1.265,148460.0,23.684994,90.356331
Bangladesh,2014,62.4,17.1,35.32,51.78,0.0,0.81,1.5402168,2040.6984,2.66,63830.00183,1118.873808,1.265,148460.0,23.684994,90.356331
Bangladesh,2015,74.90374,18.3,31.93,54.76,0.0,0.83,1.4930743,2440.7686,2.69,72190.00244,1248.45331,1.265,148460.0,23.684994,90.356331
Bangladesh,2016,75.92,19.3,30.49,63.57,0.0,1.27,1.9586676,2415.728,2.61,74379.99725,1401.564635,1.265,148460.0,23.684994,90.356331
Bangladesh,2017,88.0,20.6,28.36,67.59,0.0,1.32,1.9155419,2494.115,2.5,79339.99634,1563.767819,1.265,148460.0,23.684994,90.356331
Bangladesh,2018,91.8,21.9,26.88,72.56,0.0,1.4,1.8929151,2630.0278,2.3,83449.99695,1698.132081,1.265,148460.0,23.684994,90.356331
Bangladesh,2019,92.2,23.4,24.75,78.37,0.0,1.14,1.4337819,2916.3176,2.36,90739.99786,1855.740094,1.265,148460.0,23.684994,90.356331
Bangladesh,2020,96.2,25.0,24.75,74.41,0.0,1.31,1.7300581,2730.078,2.36,90739.99786,1961.613749,1.265,148460.0,23.684994,90.356331
Barbados,2000,100.0,100.0,14.32,0.76,0.0,0.0,0.0,26318.064,3.83,1240.0,11268.42006,668.0,430.0,13.193887,-59.543198
Barbados,2001,100.0,100.0,12.56,0.8,0.0,0.0,0.0,26262.209,4.01,1310.0,11209.42112,668.0,430.0,13.193887,-59.543198
Barbados,2002,100.0,100.0,11.3,0.83,0.0,0.0,0.0,26331.5,3.91,1370.000005,11361.51677,668.0,430.0,13.193887,-59.543198
Barbados,2003,100.0,100.0,9.95,0.87,0.0,0.0,0.0,26508.63,3.92,1379.999995,11699.37047,668.0,430.0,13.193887,-59.543198
Barbados,2004,99.99674,100.0,9.93,0.9,0.0,0.0,0.0,26606.236,3.97,1360.000014,12512.57797,668.0,430.0,13.193887,-59.543198
Barbados,2005,99.98045,100.0,9.91,0.95,0.0,0.0,0.0,26715.06,3.97,1419.999957,13822.74175,668.0,430.0,13.193887,-59.543198
Barbados,2006,100.0,100.0,9.9,0.98,0.0,0.0,0.0,26681.957,3.84,1470.000029,15199.56753,668.0,430.0,13.193887,-59.543198
Barbados,2007,100.0,100.0,9.71,1.0,0.0,0.0,0.0,25360.926,3.81,1480.000019,16770.66103,668.0,430.0,13.193887,-59.543198
Barbados,2008,100.0,100.0,8.63,1.01,0.0,0.0,0.0,29773.459,4.52,1779.999971,17092.58214,668.0,430.0,13.193887,-59.543198
Barbados,2009,100.0,100.0,9.4,1.02,0.0,0.0,0.0,27941.865,4.81,4619.999886,15885.41018,668.0,430.0,13.193887,-59.543198
Barbados,2010,100.0,100.0,9.08,0.97,0.0,0.0,0.0,26839.543,4.57,1549.999952,16056.37098,668.0,430.0,13.193887,-59.543198
Barbados,2011,100.0,100.0,4.66,0.99,0.0,0.0,0.0,28088.297,4.61,1759.99999,16458.35321,668.0,430.0,13.193887,-59.543198
Barbados,2012,100.0,100.0,4.21,1.06,0.0,0.0,0.0,26331.783,4.53,2119.999886,16249.67395,668.0,430.0,13.193887,-59.543198
Barbados,2013,100.0,100.0,3.51,0.95,0.0,0.0,0.0,26676.488,4.51,1440.000057,16451.27931,668.0,430.0,13.193887,-59.543198
Barbados,2014,100.0,100.0,3.44,0.96,0.0,0.01,1.0309278,23147.074,3.98,1269.999981,16489.07224,668.0,430.0,13.193887,-59.543198
Barbados,2015,100.0,100.0,3.16,0.97,0.0,0.01,1.0204082,24569.877,3.87,1269.999981,16524.8995,668.0,430.0,13.193887,-59.543198
Barbados,2016,100.0,100.0,3.49,0.98,0.0,0.02,2.0,25016.707,3.86,1289.999962,16900.04829,668.0,430.0,13.193887,-59.543198
Barbados,2017,100.0,100.0,5.13,0.98,0.0,0.03,2.970297,23670.777,3.55,1179.999948,17391.66891,668.0,430.0,13.193887,-59.543198
Barbados,2018,100.0,100.0,5.79,0.97,0.0,0.03,3.0,25095.537,3.87,1240.00001,17745.25537,668.0,430.0,13.193887,-59.543198
Barbados,2019,100.0,100.0,4.31,0.98,0.0,0.04,3.9215686,25172.027,3.54,1250.0,18148.49785,668.0,430.0,13.193887,-59.543198
Barbados,2020,100.0,100.0,4.31,0.93,0.0,0.07,7.0,21577.828,3.54,1250.0,15373.8547,668.0,430.0,13.193887,-59.543198
Belarus,2000,100.0,94.7,5.65,24.51,0.0,0.03,0.12224939,24868.184,12.85,52940.0,1276.493985,47.0,207600.0,53.709807,27.953389
Belarus,2001,100.0,95.2,6.26,23.53,0.0,0.03,0.12733448,24306.926,12.33,51880.0,1244.373185,47.0,207600.0,53.709807,27.953389
Belarus,2002,100.0,95.8,6.52,24.84,0.0,0.03,0.120627254,25309.941,11.96,51840.00015,1479.314583,47.0,207600.0,53.709807,27.953389
Belarus,2003,100.0,96.4,6.25,25.0,0.0,0.03,0.11985617,25292.014,11.5,52700.00076,1819.766059,47.0,207600.0,53.709807,27.953389
Belarus,2004,100.0,96.9,6.27,29.31,0.0,0.03,0.10224949,28508.88,10.66,56040.00092,2378.623286,47.0,207600.0,53.709807,27.953389
Belarus,2005,100.0,97.1,6.83,29.07,0.0,0.04,0.13740982,28600.459,9.74,56779.99878,3125.810535,47.0,207600.0,53.709807,27.953389
Belarus,2006,100.0,97.5,7.2,29.79,0.0,0.06,0.20100503,30598.045,9.42,59119.99893,3847.434124,47.0,207600.0,53.709807,27.953389
Belarus,2007,100.0,97.9,7.28,29.81,0.0,0.07,0.23427042,29999.406,8.5,57650.00153,4735.657608,47.0,207600.0,53.709807,27.953389
Belarus,2008,100.0,98.15,7.08,32.79,0.0,0.11,0.3343465,30513.402,7.72,60529.99878,6377.369732,47.0,207600.0,53.709807,27.953389
Belarus,2009,100.0,98.5,7.39,28.38,0.0,0.1,0.3511236,28957.873,7.29,57400.00153,5352.583912,47.0,207600.0,53.709807,27.953389
Belarus,2010,100.0,98.7,7.3,32.68,0.0,0.12,0.36585367,31470.04,7.01,61669.99817,6033.686239,47.0,207600.0,53.709807,27.953389
Belarus,2011,100.0,98.8,7.52,30.12,0.0,0.12,0.3968254,30981.086,7.06,58549.99924,6527.173869,47.0,207600.0,53.709807,27.953389
Belarus,2012,100.0,99.0,7.25,28.78,0.0,0.16,0.552868,33557.434,7.24,59939.99863,6953.132515,47.0,207600.0,53.709807,27.953389
Belarus,2013,100.0,99.1,6.97,29.31,0.0,0.29,0.9797297,30421.854,6.39,59990.00168,7998.125239,47.0,207600.0,53.709807,27.953389
Belarus,2014,100.0,99.2,6.69,32.36,0.0,0.27,0.8274594,30426.229,6.4,59500.0,8341.399679,47.0,207600.0,53.709807,27.953389
Belarus,2015,100.0,99.3,6.83,31.73,0.0,0.29,0.90568393,27527.16,6.07,54819.99969,5967.052204,47.0,207600.0,53.709807,27.953389
Belarus,2016,100.0,99.4,6.74,31.15,0.0,0.4,1.2678288,28104.533,6.18,55139.99939,5039.681886,47.0,207600.0,53.709807,27.953389
Belarus,2017,100.0,99.4,7.29,31.71,0.0,0.75,2.3105361,28623.031,6.14,56009.99832,5785.670673,47.0,207600.0,53.709807,27.953389
Belarus,2018,100.0,99.5,7.22,35.85,0.0,0.81,2.2094927,31689.998,6.29,58950.00076,6360.062473,47.0,207600.0,53.709807,27.953389
Belarus,2019,100.0,99.5,7.83,36.74,0.0,0.94,2.494692,31923.436,5.97,57669.99817,6837.717826,47.0,207600.0,53.709807,27.953389
Belarus,2020,100.0,99.6,7.83,34.59,0.34,1.27,4.4475136,29768.562,5.97,57669.99817,6424.152176,47.0,207600.0,53.709807,27.953389
Belgium,2000,100.0,100.0,1.44,33.58,48.16,1.05,59.439545,72420.41,5.51,117270.0,23041.53473,383.0,30528.0,50.503887,4.469936
Belgium,2001,100.0,100.0,1.58,31.2,46.35,1.08,60.32049,71475.5,5.41,118340.0,22995.15752,383.0,30528.0,50.503887,4.469936
Belgium,2002,100.0,100.0,1.68,32.44,47.36,1.14,59.92093,70828.99,5.15,110849.9985,24887.56133,383.0,30528.0,50.503887,4.469936
Belgium,2003,100.0,100.0,1.89,34.99,47.38,1.2,58.13091,73221.56,5.32,115500.0,30587.66841,383.0,30528.0,50.503887,4.469936
Belgium,2004,100.0,100.0,2.02,34.11,47.31,1.5,58.863968,73126.234,5.15,114019.9966,35364.37533,383.0,30528.0,50.503887,4.469936
Belgium,2005,100.0,100.0,2.46,34.39,47.6,2.11,59.108204,71894.96,5.01,110610.0006,36795.97688,383.0,30528.0,50.503887,4.469936
Belgium,2006,100.0,100.0,2.82,33.46,46.65,2.96,59.72072,71647.29,4.82,108650.0015,38672.70594,383.0,30528.0,50.503887,4.469936
Belgium,2007,100.0,100.0,3.34,34.84,48.23,3.49,59.750465,71662.34,4.56,104589.9963,44262.896,383.0,30528.0,50.503887,4.469936
Belgium,2008,100.0,100.0,3.91,32.82,45.57,4.42,60.367107,72317.91,4.68,106930.0003,48106.89292,383.0,30528.0,50.503887,4.469936
Belgium,2009,100.0,100.0,4.83,37.0,47.22,5.45,58.737595,66274.0,4.58,99669.99817,44583.54481,383.0,30528.0,50.503887,4.469936
Belgium,2010,100.0,100.0,6.22,38.39,47.94,6.54,58.662643,70300.14,4.81,106720.0012,44141.87814,383.0,30528.0,50.503887,4.469936
Belgium,2011,100.0,100.0,6.66,32.51,48.23,8.31,63.492416,65134.08,4.4,96480.00336,47348.52502,383.0,30528.0,50.503887,4.469936
Belgium,2012,100.0,100.0,7.67,30.62,40.29,10.51,62.392532,62090.016,4.19,95269.99664,44673.11588,383.0,30528.0,50.503887,4.469936
Belgium,2013,100.0,100.0,8.22,27.37,42.64,11.71,66.50758,63218.38,4.34,96589.99634,46744.66254,383.0,30528.0,50.503887,4.469936
Belgium,2014,100.0,100.0,9.13,25.03,33.7,12.21,64.71666,58234.56,4.03,90139.99939,47700.54036,383.0,30528.0,50.503887,4.469936
Belgium,2015,100.0,100.0,9.37,27.57,26.1,14.45,59.5273,58448.152,3.94,95129.99725,40991.80814,383.0,30528.0,50.503887,4.469936
Belgium,2016,100.0,100.0,9.2,26.19,43.52,14.25,68.80657,62694.066,4.12,94220.00122,41984.10303,383.0,30528.0,50.503887,4.469936
Belgium,2017,100.0,100.0,9.64,26.9,42.23,15.8,68.32686,62897.13,4.04,92720.00122,44089.31009,383.0,30528.0,50.503887,4.469936
Belgium,2018,100.0,100.0,10.66,27.75,28.6,17.17,62.255173,62384.855,3.82,93660.00366,47519.5531,383.0,30528.0,50.503887,4.469936
Belgium,2019,100.0,100.0,10.21,29.32,43.52,19.47,68.237465,64152.26,3.87,93010.00214,46591.49161,383.0,30528.0,50.503887,4.469936
Belgium,2020,100.0,100.0,10.21,30.0,34.43,23.46,65.866425,57433.73,3.87,93010.00214,45159.34822,383.0,30528.0,50.503887,4.469936
Belize,2000,79.0,79.9,34.55,0.09,0.0,0.09,49.999996,10038.552,6.7,450.0,3364.491731,17.0,22966.0,17.189877,-88.49765
Belize,2001,80.19696,80.6,29.61,0.06,0.0,0.09,59.999996,10707.64,6.75,530.0,3404.420586,17.0,22966.0,17.189877,-88.49765
Belize,2002,81.02942,81.5,31.19,0.06,0.0,0.09,59.999996,10042.477,6.33,519.9999809,3526.081513,17.0,22966.0,17.189877,-88.49765
Belize,2003,81.856636,81.9,30.18,0.11,0.0,0.06,35.294117,9553.475,5.66,509.9999905,3650.60647,17.0,22966.0,17.189877,-88.49765
Belize,2004,82.68098,82.6,32.02,0.1,0.0,0.06,37.5,8929.1455,5.39,439.9999976,3802.26316,17.0,22966.0,17.189877,-88.49765
Belize,2005,83.504776,82.9,31.01,0.1,0.0,0.07,41.17647,9279.945,5.21,469.9999988,3885.034074,17.0,22966.0,17.189877,-88.49765
Belize,2006,90.98853,83.2,36.8,0.05,0.0,0.18,78.26087,10366.804,5.45,509.9999905,4155.323885,17.0,22966.0,17.189877,-88.49765
Belize,2007,85.16064,83.3,32.31,0.06,0.0,0.18,75.0,9503.804,5.4,529.9999714,4252.395404,17.0,22966.0,17.189877,-88.49765
Belize,2008,85.99806,83.5,34.06,0.03,0.0,0.2,86.95652,8935.545,4.9,500.0,4404.308198,17.0,22966.0,17.189877,-88.49765
Belize,2009,86.84543,83.4,29.18,0.05,0.0,0.2,80.0,9060.757,5.32,1460.000038,4186.519998,17.0,22966.0,17.189877,-88.49765
Belize,2010,89.91722,83.6,32.93,0.18,0.0,0.31,63.265305,10492.445,5.44,560.0000024,4270.780085,17.0,22966.0,17.189877,-88.49765
Belize,2011,91.68173,83.4,44.36,0.14,0.0,0.29,67.44186,8946.38,6.31,670.0000167,4423.496842,17.0,22966.0,17.189877,-88.49765
Belize,2012,90.99592,83.3,50.07,0.2,0.0,0.27,57.44681,9087.132,5.45,670.0000167,4505.600593,17.0,22966.0,17.189877,-88.49765
Belize,2013,91.186104,83.3,40.99,0.15,0.0,0.3,66.66667,9683.304,5.03,460.0000083,4568.641228,17.0,22966.0,17.189877,-88.49765
Belize,2014,91.36426,83.0,37.47,0.19,0.0,0.32,62.7451,9421.46,4.9,479.9999893,4718.436581,17.0,22966.0,17.189877,-88.49765
Belize,2015,91.8,82.9,30.34,0.23,0.0,0.31,57.407406,10197.744,5.84,680.0000072,4770.232656,17.0,22966.0,17.189877,-88.49765
Belize,2016,93.22231,82.8,33.38,0.21,0.0,0.32,60.37736,10002.819,5.75,649.9999762,4856.973249,17.0,22966.0,17.189877,-88.49765
Belize,2017,94.18901,82.6,36.25,0.35,0.0,0.41,53.94737,10896.961,5.92,639.9999857,4945.857699,17.0,22966.0,17.189877,-88.49765
Belize,2018,91.72,82.4,34.64,0.39,0.0,0.4,50.63291,9546.048,5.69,629.9999952,5001.422157,17.0,22966.0,17.189877,-88.49765
Belize,2019,92.72,82.1,29.09,0.41,0.0,0.47,53.409092,9883.737,6.12,639.9999857,5078.809944,17.0,22966.0,17.189877,-88.49765
Belize,2020,97.113335,82.1,29.09,0.38,0.0,0.24,38.70968,7226.4336,6.12,639.9999857,4115.177008,17.0,22966.0,17.189877,-88.49765
Benin,2000,21.531084,0.6,70.29,0.08,0.0,0.0,0.0,980.96387,4.88,1420.0,512.673902,108.0,112622.0,9.30769,2.315834
Benin,2001,21.9,0.8,66.86,0.06,0.0,0.0,0.0,1083.3461,4.93,1740.0,518.0674741,108.0,112622.0,9.30769,2.315834
Benin,2002,23.415928,1.0,64.04,0.06,0.0,0.0,0.0,1204.5461,5.05,2180.000067,574.9297982,108.0,112622.0,9.30769,2.315834
Benin,2003,24.349323,1.3,61.73,0.07,0.0,0.0,0.0,1357.0039,5.15,2440.000057,711.2849548,108.0,112622.0,9.30769,2.315834
Benin,2004,25.279833,1.7,60.69,0.08,0.0,0.0,0.0,1388.154,5.15,2650.000095,798.7443045,108.0,112622.0,9.30769,2.315834
Benin,2005,26.209805,2.1,59.2,0.1,0.0,0.0,0.0,1262.3934,5.08,2900.000095,822.7851431,108.0,112622.0,9.30769,2.315834
Benin,2006,27.9,2.5,57.31,0.14,0.0,0.0,0.0,1672.0192,5.76,3470.000029,856.0549166,108.0,112622.0,9.30769,2.315834
Benin,2007,28.078016,2.9,54.49,0.2,0.0,0.0,0.0,1918.3821,5.91,4000.0,966.2036183,108.0,112622.0,9.30769,2.315834
Benin,2008,29.021614,3.4,54.76,0.21,0.0,0.0,0.0,1904.8895,5.76,4019.999981,1125.426134,108.0,112622.0,9.30769,2.315834
Benin,2009,29.975151,3.7,52.83,0.12,0.0,0.0,0.0,2054.215,5.91,4420.000076,1088.757906,108.0,112622.0,9.30769,2.315834
Benin,2010,34.2,4.0,47.19,0.11,0.0,0.0,0.0,2287.7693,6.0,4829.999924,1036.534515,108.0,112622.0,9.30769,2.315834
Benin,2011,36.9,4.1,48.7,0.09,0.0,0.0,0.0,2071.1877,5.82,4650.000095,1130.273251,108.0,112622.0,9.30769,2.315834
Benin,2012,38.4,4.3,50.33,0.05,0.0,0.0,0.0,1909.2642,5.61,4440.000057,1145.140105,108.0,112622.0,9.30769,2.315834
Benin,2013,34.69122,4.3,51.97,0.09,0.0,0.0,0.0,1889.7343,5.71,4679.999828,1251.209767,108.0,112622.0,9.30769,2.315834
Benin,2014,34.1,4.3,51.05,0.22,0.0,0.0,0.0,1940.2653,5.54,5190.000057,1291.410185,108.0,112622.0,9.30769,2.315834
Benin,2015,29.62,4.3,49.94,0.3,0.0,0.0,0.0,2083.4993,5.79,5510.000229,1076.796698,108.0,112622.0,9.30769,2.315834
Benin,2016,37.095245,4.3,45.42,0.25,0.0,0.0,0.0,2467.0088,6.22,6739.999771,1087.287331,108.0,112622.0,9.30769,2.315834
Benin,2017,34.5,4.2,45.38,0.31,0.0,0.0,0.0,2540.225,6.11,6869.999886,1136.593872,108.0,112622.0,9.30769,2.315834
Benin,2018,39.246918,4.2,43.97,0.19,0.0,0.0,0.0,2736.8003,6.05,7420.000076,1241.825298,108.0,112622.0,9.30769,2.315834
Benin,2019,40.32869,4.0,46.47,0.19,0.0,0.01,5.0,2416.162,5.69,7300.000191,1219.515506,108.0,112622.0,9.30769,2.315834
Benin,2020,41.410957,4.0,46.47,0.22,0.0,0.01,4.347826,2518.621,5.69,7300.000191,1291.040972,108.0,112622.0,9.30769,2.315834
Bhutan,2000,31.15,27.8,91.4,0.0,0.0,1.79,100.0,8469.052,18.42,210.0,718.196337,20.0,38394.0,27.514162,90.433601
Bhutan,2001,40.04513,30.9,91.75,0.0,0.0,1.92,100.0,9100.751,17.29,230.0,764.4328082,20.0,38394.0,27.514162,90.433601
Bhutan,2002,43.978878,34.8,91.2,0.0,0.0,2.18,100.0,9810.103,15.99,239.9999946,845.5006721,20.0,38394.0,27.514162,90.433601
Bhutan,2003,41.1,38.8,91.92,0.0,0.0,2.5,100.0,10658.221,14.96,259.9999905,962.0953713,20.0,38394.0,27.514162,90.433601
Bhutan,2004,51.83301,42.7,93.46,0.0,0.0,2.33,100.0,10014.694,14.15,289.9999917,1068.431811,20.0,38394.0,27.514162,90.433601
Bhutan,2005,59.808113,47.3,91.67,0.0,0.0,2.62,100.00001,11119.834,13.61,319.9999928,1228.432356,20.0,38394.0,27.514162,90.433601
Bhutan,2006,59.685055,51.1,91.92,0.0,0.0,4.47,100.0,17746.78,12.99,319.9999928,1330.977444,20.0,38394.0,27.514162,90.433601
Bhutan,2007,71.8,54.65,92.07,0.0,0.0,6.49,100.0,21903.543,11.3,319.9999928,1757.190496,20.0,38394.0,27.514162,90.433601
Bhutan,2008,67.55525,57.8,91.81,0.0,0.0,6.89,100.0,22370.271,11.12,300.0000119,1828.154677,20.0,38394.0,27.514162,90.433601
Bhutan,2009,71.5039,61.2,92.38,0.0,0.0,6.93,100.0,22935.088,10.69,319.9999928,1819.19731,20.0,38394.0,27.514162,90.433601
Bhutan,2010,73.28291,63.9,90.8,0.0,0.0,7.26,100.0,24284.154,10.11,400.000006,2258.186435,20.0,38394.0,27.514162,90.433601
Bhutan,2011,81.76709,66.7,89.01,0.0,0.0,6.97,100.0,23369.613,9.47,589.9999738,2563.261224,20.0,38394.0,27.514162,90.433601
Bhutan,2012,91.5,68.9,87.32,0.0,0.0,6.74,100.0,22460.117,9.51,639.9999857,2538.949519,20.0,38394.0,27.514162,90.433601
Bhutan,2013,87.45114,71.2,86.7,0.0,0.0,7.53,100.0,24615.076,9.41,670.0000167,2472.724753,20.0,38394.0,27.514162,90.433601
Bhutan,2014,91.48351,72.9,86.54,0.0,0.0,7.15,100.0,23328.47,9.32,699.9999881,2652.225654,20.0,38394.0,27.514162,90.433601
Bhutan,2015,95.530716,75.0,86.68,0.0,0.0,7.73,100.0,24203.82,8.7,769.9999809,2752.630172,20.0,38394.0,27.514162,90.433601
Bhutan,2016,99.58979,76.0,85.02,0.0,0.0,7.88,100.0,24692.543,8.3,930.0000072,2930.574923,20.0,38394.0,27.514162,90.433601
Bhutan,2017,97.7,77.4,83.63,0.0,0.0,7.65,100.0,24327.346,8.06,970.0000286,3286.596744,20.0,38394.0,27.514162,90.433601
Bhutan,2018,99.974365,78.3,82.22,0.0,0.0,6.89,100.0,23138.41,8.22,1049.999952,3243.477437,20.0,38394.0,27.514162,90.433601
Bhutan,2019,100.0,79.4,82.27,0.0,0.0,8.95,100.0,27251.602,7.91,1049.999952,3322.863329,20.0,38394.0,27.514162,90.433601
Bhutan,2020,100.0,80.2,82.27,0.0,0.0,8.95,100.0,26593.059,7.91,1049.999952,3000.779327,20.0,38394.0,27.514162,90.433601
Bosnia and Herzegovina,2000,100.0,52.1,19.35,5.01,0.0,5.04,50.149254,15474.596,6.82,13960.0,1484.176056,64.0,51197.0,43.915886,17.679076
Bosnia and Herzegovina,2001,99.4,51.45,20.27,5.13,0.0,5.13,50.0,15337.629,6.31,13760.0,1544.602075,64.0,51197.0,43.915886,17.679076
Bosnia and Herzegovina,2002,98.5,50.9,21.21,5.19,0.0,5.22,50.144093,15402.803,6.29,14560.00042,1789.857691,64.0,51197.0,43.915886,17.679076
Bosnia and Herzegovina,2003,100.0,50.8,20.14,6.36,0.0,4.46,41.219963,13485.733,6.04,14869.99989,2258.946452,64.0,51197.0,43.915886,17.679076
Bosnia and Herzegovina,2004,100.0,49.3,20.1,6.34,0.0,5.92,48.287113,14065.254,6.22,15569.99969,2698.46718,64.0,51197.0,43.915886,17.679076
Bosnia and Herzegovina,2005,100.0,48.9,19.73,6.21,0.0,5.94,48.88889,13151.445,5.99,16229.99954,2980.601268,64.0,51197.0,43.915886,17.679076
Bosnia and Herzegovina,2006,99.387276,47.9,18.12,7.0,0.0,5.8,45.3125,13561.985,5.98,17909.99985,3416.512376,64.0,51197.0,43.915886,17.679076
Bosnia and Herzegovina,2007,99.7,47.1,14.84,7.32,0.0,3.96,35.106384,13117.112,5.65,18889.99939,4193.368011,64.0,51197.0,43.915886,17.679076
Bosnia and Herzegovina,2008,100.0,46.7,14.28,9.36,0.0,4.82,33.99154,15073.022,6.02,20760.00023,5090.945834,64.0,51197.0,43.915886,17.679076
Bosnia and Herzegovina,2009,100.0,45.8,17.43,8.86,0.0,6.18,41.090427,18430.324,6.48,20590.00015,4714.693746,64.0,51197.0,43.915886,17.679076
Bosnia and Herzegovina,2010,100.0,45.0,19.57,8.55,0.0,7.95,48.18182,20074.406,6.7,20840.00015,4635.510195,64.0,51197.0,43.915886,17.679076
Bosnia and Herzegovina,2011,99.70578,44.7,14.16,10.24,0.0,4.34,29.766804,19803.19,7.31,23739.99977,5092.554723,64.0,51197.0,43.915886,17.679076
Bosnia and Herzegovina,2012,100.0,44.2,15.28,9.27,0.0,4.17,31.026787,19624.715,6.9,21959.99908,4777.066914,64.0,51197.0,43.915886,17.679076
Bosnia and Herzegovina,2013,99.5,44.2,19.48,9.6,0.0,7.16,42.720764,20242.201,6.51,21850.00038,5129.663534,64.0,51197.0,43.915886,17.679076
Bosnia and Herzegovina,2014,100.0,44.05,23.68,9.61,0.0,5.89,38.0,19855.676,5.98,19489.99977,5330.355075,64.0,51197.0,43.915886,17.679076
Bosnia and Herzegovina,2015,99.7,43.9,25.28,9.47,0.0,5.5,36.740147,20149.87,5.97,19620.00084,4729.689959,64.0,51197.0,43.915886,17.679076
Bosnia and Herzegovina,2016,100.0,45.2,23.03,11.37,0.0,5.62,33.07828,20852.678,6.33,22340.00015,4994.971551,64.0,51197.0,43.915886,17.679076
Bosnia and Herzegovina,2017,100.0,43.6,18.52,11.68,0.0,3.78,24.450193,20939.965,6.12,22680.00031,5394.268944,64.0,51197.0,43.915886,17.679076
Bosnia and Herzegovina,2018,100.0,44.7,35.4,11.76,0.0,6.48,35.526318,21542.352,6.54,22600.00038,6070.349081,64.0,51197.0,43.915886,17.679076
Bosnia and Herzegovina,2019,100.0,45.0,37.02,10.36,0.0,6.31,37.85243,20694.338,6.14,21069.99969,6119.762345,64.0,51197.0,43.915886,17.679076
Bosnia and Herzegovina,2020,100.0,45.2,37.02,10.82,0.0,4.9,31.170483,19464.836,6.14,21069.99969,6079.738285,64.0,51197.0,43.915886,17.679076
Botswana,2000,26.40898,44.4,38.46,0.89,0.0,0.0,0.0,8308.661,4.0,4030.0,3522.310821,4.0,581730.0,-22.328474,24.684866
Botswana,2001,24.8,46.3,37.51,0.95,0.0,0.0,0.0,8561.099,4.04,3870.0,3278.016079,4.0,581730.0,-22.328474,24.684866
Botswana,2002,27.0,47.8,36.13,0.84,0.0,0.0,0.0,8817.649,3.86,4030.00021,3190.624811,4.0,581730.0,-22.328474,24.684866
Botswana,2003,33.083107,49.5,36.21,0.68,0.0,0.0,0.0,8856.523,3.68,3920.000076,4330.972369,4.0,581730.0,-22.328474,24.684866
Botswana,2004,35.298912,51.1,34.34,0.74,0.0,0.0,0.0,8571.5,3.69,3970.000029,5073.520408,4.0,581730.0,-22.328474,24.684866
Botswana,2005,37.51418,52.6,33.0,0.81,0.0,0.0,0.0,8948.104,3.64,4280.00021,5513.331063,4.0,581730.0,-22.328474,24.684866
Botswana,2006,39.73132,53.7,31.4,0.75,0.0,0.0,0.0,9380.948,3.47,4090.000153,5521.990608,4.0,581730.0,-22.328474,24.684866
Botswana,2007,41.95298,55.1,29.03,0.58,0.0,0.0,0.0,9445.073,3.28,4320.000172,5832.737052,4.0,581730.0,-22.328474,24.684866
Botswana,2008,44.5,56.4,27.86,0.55,0.0,0.0,0.0,9627.653,3.24,4389.999866,5713.543931,4.0,581730.0,-22.328474,24.684866
Botswana,2009,43.36,57.6,28.29,0.41,0.0,0.0,0.0,8820.0205,3.25,4190.000057,5255.776533,4.0,581730.0,-22.328474,24.684866
Botswana,2010,52.01778,58.5,29.41,0.5,0.0,0.0,0.0,8901.267,3.25,3369.999886,6434.812485,4.0,581730.0,-22.328474,24.684866
Botswana,2011,53.24,59.6,28.41,0.45,0.0,0.0,0.0,9151.255,2.91,3880.000114,7617.310041,4.0,581730.0,-22.328474,24.684866
Botswana,2012,56.018814,60.2,27.55,0.33,0.0,0.0,0.0,8872.199,3.14,3410.000086,7050.573472,4.0,581730.0,-22.328474,24.684866
Botswana,2013,57.99192,60.8,26.36,0.86,0.0,0.0,0.0,8641.081,2.97,5420.000076,7224.912737,4.0,581730.0,-22.328474,24.684866
Botswana,2014,59.952995,61.3,25.38,2.17,0.0,0.0,0.0,8513.395,3.11,6989.999771,7495.220866,4.0,581730.0,-22.328474,24.684866
Botswana,2015,62.13,61.7,25.58,2.79,0.0,0.0,0.0,10171.935,3.15,6949.999809,6402.910183,4.0,581730.0,-22.328474,24.684866
Botswana,2016,64.17506,62.4,26.13,2.52,0.0,0.0,0.0,10964.355,2.89,6630.000114,6982.917492,4.0,581730.0,-22.328474,24.684866
Botswana,2017,67.4,63.0,26.12,2.84,0.0,0.0,0.0,9879.757,2.98,7329.999924,7296.092142,4.0,581730.0,-22.328474,24.684866
Botswana,2018,68.22926,63.8,25.76,2.96,0.0,0.01,0.33670032,9597.184,2.76,7309.999943,7503.878588,4.0,581730.0,-22.328474,24.684866
Botswana,2019,69.95974,63.9,25.57,3.05,0.0,0.01,0.3267974,9467.984,2.69,7250.0,7203.064221,4.0,581730.0,-22.328474,24.684866
Botswana,2020,71.99476,64.7,25.57,2.05,0.0,0.01,0.48543692,8843.107,2.69,7250.0,6404.899932,4.0,581730.0,-22.328474,24.684866
Brazil,2000,94.391716,89.0,42.66,28.87,4.94,308.77,91.57278,13400.32,3.88,313670.0,3749.910848,25.0,8515770.0,-14.235004,-51.92528
Brazil,2001,96.016525,89.7,41.33,35.19,14.27,273.71,89.111,12893.828,3.9,319380.0,3160.249345,25.0,8515770.0,-14.235004,-51.92528
Brazil,2002,96.65299,90.1,42.85,33.5,13.84,292.95,90.15546,13021.791,3.89,317760.0098,2839.491501,25.0,8515770.0,-14.235004,-51.92528
Brazil,2003,96.980095,90.6,45.11,31.62,13.4,313.88,91.18975,13111.923,3.91,310809.9976,3070.436419,25.0,8515770.0,-14.235004,-51.92528
Brazil,2004,96.76511,91.1,45.18,40.14,11.6,329.43,89.46926,13593.7,3.9,328519.989,3637.31389,25.0,8515770.0,-14.235004,-51.92528
Brazil,2005,97.09351,91.6,46.13,39.56,9.2,346.96,90.00303,13792.465,3.88,331690.0024,4790.456566,25.0,8515770.0,-14.235004,-51.92528
Brazil,2006,97.594315,92.1,46.67,39.4,12.98,359.55,90.43527,14020.683,3.86,335619.9951,5886.391522,25.0,8515770.0,-14.235004,-51.92528
Brazil,2007,98.12538,92.6,47.19,37.64,11.65,387.88,91.390076,14770.351,3.84,352559.9976,7348.187963,25.0,8515770.0,-14.235004,-51.92528
Brazil,2008,98.52663,93.1,47.04,55.87,13.21,385.61,87.71251,15255.087,3.86,373630.0049,8831.183643,25.0,8515770.0,-14.235004,-51.92528
Brazil,2009,98.85694,93.6,48.92,36.32,12.22,410.13,92.08145,15004.24,3.74,350000.0,8597.794335,25.0,8515770.0,-14.235004,-51.92528
Brazil,2010,98.6,94.0,46.81,61.02,13.77,435.99,88.053566,16220.931,3.85,397929.9927,11286.07154,25.0,8515770.0,-14.235004,-51.92528
Brazil,2011,99.32869,94.3,45.26,50.27,14.8,462.32,90.468155,16629.84,3.75,418309.9976,13245.38737,25.0,8515770.0,-14.235004,-51.92528
Brazil,2012,99.51949,94.7,43.49,77.21,15.17,454.78,85.88896,16963.494,3.82,454230.011,12370.22325,25.0,8515770.0,-14.235004,-51.92528
Brazil,2013,99.57515,95.0,42.32,112.0,14.65,436.84,80.12387,17221.44,3.88,486839.9963,12300.38671,25.0,8515770.0,-14.235004,-51.92528
Brazil,2014,99.650246,95.2,41.71,136.58,14.46,430.82,76.527,17519.043,3.98,511619.9951,12112.83496,25.0,8515770.0,-14.235004,-51.92528
Brazil,2015,99.7109,95.4,43.62,128.85,13.91,428.81,77.456825,17140.15,4.05,485339.9963,8813.989806,25.0,8515770.0,-14.235004,-51.92528
Brazil,2016,99.7,95.7,45.46,93.06,14.97,463.37,83.713684,16591.764,4.03,447079.9866,8710.06329,25.0,8515770.0,-14.235004,-51.92528
Brazil,2017,99.8,95.7,45.33,101.9,14.86,464.4,82.4661,16608.686,4.05,456489.9902,9928.675897,25.0,8515770.0,-14.235004,-51.92528
Brazil,2018,99.7,95.8,46.95,86.69,14.79,492.66,85.409164,16539.11,3.93,433989.9902,9151.381732,25.0,8515770.0,-14.235004,-51.92528
Brazil,2019,99.8,95.8,47.57,90.91,15.16,512.59,85.30534,16681.945,3.93,434299.9878,8897.552966,25.0,8515770.0,-14.235004,-51.92528
Brazil,2020,100.0,95.9,47.57,81.15,13.21,520.01,86.79134,15921.327,3.93,434299.9878,6796.844542,25.0,8515770.0,-14.235004,-51.92528
Burkina Faso,2000,9.07502,2.7,85.41,0.22,0.0,0.1,31.25,358.42392,5.49,940.0,255.7186873,76.0,274200.0,12.238333,-1.561593
Burkina Faso,2001,9.521352,2.9,83.68,0.27,0.0,0.05,15.625,386.41492,5.15,970.0,267.0975996,76.0,274200.0,12.238333,-1.561593
Burkina Faso,2002,9.960099,3.1,79.34,0.3,0.0,0.06,16.666666,392.5639,4.21,959.9999785,294.6653885,76.0,274200.0,12.238333,-1.561593
Burkina Faso,2003,11.4,3.4,79.08,0.35,0.0,0.1,22.222223,421.1035,4.03,1039.999962,374.627358,76.0,274200.0,12.238333,-1.561593
Burkina Faso,2004,10.824239,3.7,83.53,0.37,0.0,0.1,21.276596,367.58755,4.8,1059.999943,418.3766603,76.0,274200.0,12.238333,-1.561593
Burkina Faso,2005,11.254328,3.9,86.54,0.39,0.0,0.1,20.408163,378.25854,5.55,1059.999943,457.9334308,76.0,274200.0,12.238333,-1.561593
Burkina Faso,2006,11.68629,4.4,84.62,0.44,0.0,0.08,15.384616,361.50507,5.6,1240.00001,473.4498682,76.0,274200.0,12.238333,-1.561593
Burkina Faso,2007,12.122773,4.6,82.43,0.47,0.0,0.11,18.965517,496.80994,5.72,1409.999967,535.0622795,76.0,274200.0,12.238333,-1.561593
Burkina Faso,2008,12.566488,5.1,82.94,0.45,0.0,0.13,22.413794,526.8172,5.72,1700.000048,643.404581,76.0,274200.0,12.238333,-1.561593
Burkina Faso,2009,12.63,5.4,83.6,0.53,0.0,0.13,19.696968,480.64005,5.66,1730.000019,624.1751645,76.0,274200.0,12.238333,-1.561593
Burkina Faso,2010,13.1,5.8,81.45,0.51,0.0,0.13,20.3125,509.41,5.42,2289.999962,647.8360955,76.0,274200.0,12.238333,-1.561593
Burkina Faso,2011,14.808414,6.3,80.57,0.6,0.0,0.09,13.043478,563.3461,5.2,2460.000038,751.1727704,76.0,274200.0,12.238333,-1.561593
Burkina Faso,2012,15.117994,6.7,77.18,0.76,0.0,0.11,12.643678,644.37476,5.15,2940.000057,758.000427,76.0,274200.0,12.238333,-1.561593
Burkina Faso,2013,15.4056425,7.1,75.43,0.87,0.0,0.12,12.121212,749.67834,5.04,3130.000114,787.4694383,76.0,274200.0,12.238333,-1.561593
Burkina Faso,2014,19.2,7.6,75.24,1.02,0.0,0.1,8.928572,677.6461,4.91,3180.000067,792.8462374,76.0,274200.0,12.238333,-1.561593
Burkina Faso,2015,16.076975,8.1,72.71,1.33,0.0,0.1,6.993007,836.0298,4.94,3700.000048,653.3272681,76.0,274200.0,12.238333,-1.561593
Burkina Faso,2016,16.641056,8.7,72.27,1.39,0.0,0.16,10.322581,780.0771,4.76,3700.000048,688.2506963,76.0,274200.0,12.238333,-1.561593
Burkina Faso,2017,17.214043,9.0,69.08,1.48,0.0,0.16,9.756098,878.57794,4.72,4269.999981,734.996268,76.0,274200.0,12.238333,-1.561593
Burkina Faso,2018,14.4,9.5,66.97,1.42,0.0,0.23,13.939394,950.3871,4.6,4670.000076,804.5005378,76.0,274200.0,12.238333,-1.561593
Burkina Faso,2019,18.374855,10.1,64.85,1.51,0.0,0.21,12.209302,946.95734,4.49,5000.0,796.1152068,76.0,274200.0,12.238333,-1.561593
Burkina Faso,2020,18.95724,10.6,64.85,1.43,0.0,0.21,12.804878,878.9815,4.49,5000.0,857.9327297,76.0,274200.0,12.238333,-1.561593
Burundi,2000,2.4632368,0.3,93.23,0.0,0.0,0.1,100.0,261.95847,10.37,260.0,136.4639708,463.0,27830.0,-3.373056,29.918886
Burundi,2001,2.79742,0.3,94.84,0.0,0.0,0.11,100.0,217.60869,10.52,200.0,134.3634269,463.0,27830.0,-3.373056,29.918886
Burundi,2002,3.1240184,0.3,94.65,0.0,0.0,0.13,100.0,200.19261,10.07,209.9999934,123.1175361,463.0,27830.0,-3.373056,29.918886
Burundi,2003,3.4453816,0.3,95.76,0.0,0.0,0.1,100.0,157.22882,10.05,159.9999964,113.5672513,463.0,27830.0,-3.373056,29.918886
Burundi,2004,3.7638588,0.3,96.04,0.0,0.0,0.09,99.99999,174.65433,9.66,150.000006,128.3367028,463.0,27830.0,-3.373056,29.918886
Burundi,2005,3.207317,0.3,96.01,0.0,0.0,0.09,99.99999,145.98683,9.48,150.000006,151.6815663,463.0,27830.0,-3.373056,29.918886
Burundi,2006,2.66,0.3,95.31,0.0,0.0,0.09,99.99999,163.21136,9.05,180.0000072,167.3764625,463.0,27830.0,-3.373056,29.918886
Burundi,2007,4.7259464,0.3,95.29,0.0,0.0,0.12,100.0,246.2004,8.83,180.0000072,172.4955966,463.0,27830.0,-3.373056,29.918886
Burundi,2008,4.8,0.3,95.15,0.0,0.0,0.11,100.0,155.42688,8.45,180.0000072,198.3528517,463.0,27830.0,-3.373056,29.918886
Burundi,2009,5.399017,0.3,95.18,0.0,0.0,0.12,100.0,149.19579,8.03,180.0000072,212.1370572,463.0,27830.0,-3.373056,29.918886
Burundi,2010,5.3,0.3,92.57,0.0,0.0,0.14,100.0,199.67647,7.93,300.0000119,234.2355389,463.0,27830.0,-3.373056,29.918886
Burundi,2011,6.122684,0.2,91.65,0.01,0.0,0.13,92.85714,226.62114,7.77,360.0000143,249.5779794,463.0,27830.0,-3.373056,29.918886
Burundi,2012,6.5,0.2,91.45,0.01,0.0,0.14,93.33333,205.98769,7.41,370.0000048,252.3588707,463.0,27830.0,-3.373056,29.918886
Burundi,2013,6.9,0.2,91.08,0.03,0.0,0.15,83.333336,216.88063,7.42,389.9999857,256.9756526,463.0,27830.0,-3.373056,29.918886
Burundi,2014,7.0,0.2,91.28,0.04,0.0,0.15,78.94737,196.12764,7.08,379.9999952,274.8578362,463.0,27830.0,-3.373056,29.918886
Burundi,2015,8.427652,0.2,91.15,0.03,0.0,0.15,83.333336,193.7544,7.38,400.000006,305.5496525,463.0,27830.0,-3.373056,29.918886
Burundi,2016,9.34841,0.2,89.52,0.03,0.0,0.16,84.210526,208.42976,7.56,439.9999976,260.5652208,463.0,27830.0,-3.373056,29.918886
Burundi,2017,9.3,0.2,88.12,0.08,0.0,0.21,72.413795,246.89967,7.62,529.9999714,253.8263541,463.0,27830.0,-3.373056,29.918886
Burundi,2018,10.884909,0.2,85.58,0.1,0.0,0.17,62.96296,290.7686,7.71,689.9999976,238.783467,463.0,27830.0,-3.373056,29.918886
Burundi,2019,11.356528,0.2,84.77,0.12,0.0,0.24,66.666664,309.34055,7.62,720.0000286,228.2135892,463.0,27830.0,-3.373056,29.918886
Burundi,2020,11.735556,0.2,84.77,0.11,0.0,0.24,68.57143,289.06625,7.62,720.0000286,238.9907259,463.0,27830.0,-3.373056,29.918886
Cambodia,2000,16.6,3.6,81.58,0.42,0.0,0.05,10.638298,739.4555,7.91,1960.0,300.613679,95.0,181035.0,12.565679,104.990963
Cambodia,2001,14.624778,4.1,80.51,0.48,0.0,0.03,5.882353,769.4097,7.51,2150.0,321.1502236,95.0,181035.0,12.565679,104.990963
Cambodia,2002,18.1871,4.7,80.97,0.66,0.0,0.03,4.347826,754.1447,7.05,2210.000038,338.9874773,95.0,181035.0,12.565679,104.990963
Cambodia,2003,19.3,5.3,79.92,0.67,0.0,0.04,5.633803,803.81635,6.69,2380.000114,362.3354822,95.0,181035.0,12.565679,104.990963
Cambodia,2004,25.298384,5.9,80.69,0.73,0.0,0.03,3.9473684,813.56445,6.23,2380.000114,408.5136388,95.0,181035.0,12.565679,104.990963
Cambodia,2005,20.5,6.7,79.24,0.86,0.0,0.04,4.4444447,909.82135,5.73,2660.000086,474.1111921,95.0,181035.0,12.565679,104.990963
Cambodia,2006,32.40758,7.6,78.01,0.98,0.0,0.13,11.711712,967.99585,5.31,2960.000038,539.7503289,95.0,181035.0,12.565679,104.990963
Cambodia,2007,35.967636,8.4,74.79,1.25,0.0,0.16,11.347518,1116.1547,5.03,3660.000086,631.5252576,95.0,181035.0,12.565679,104.990963
Cambodia,2008,26.4,9.4,74.13,1.23,0.0,0.16,11.510792,1152.201,4.76,4059.999943,745.609127,95.0,181035.0,12.565679,104.990963
Cambodia,2009,43.112152,10.5,68.04,1.02,0.0,0.15,12.820514,1399.9335,5.07,4750.0,738.0547312,95.0,181035.0,12.565679,104.990963
Cambodia,2010,31.1,11.7,64.82,0.81,0.0,0.12,12.903226,1591.3198,5.05,5139.999866,785.5026671,95.0,181035.0,12.565679,104.990963
Cambodia,2011,50.307262,13.1,63.99,0.81,0.0,0.18,18.181818,1623.9176,4.81,5360.000134,882.275614,95.0,181035.0,12.565679,104.990963
Cambodia,2012,53.930565,14.5,64.36,0.51,0.0,0.86,62.773724,1783.7217,4.68,5670.000076,950.880346,95.0,181035.0,12.565679,104.990963
Cambodia,2013,57.573696,16.2,64.97,0.47,0.0,1.26,72.83237,1866.1189,4.47,5739.999771,1013.420536,95.0,181035.0,12.565679,104.990963
Cambodia,2014,56.1,18.0,63.7,1.03,0.0,1.96,65.55184,2031.7474,4.5,6949.999809,1093.495976,95.0,181035.0,12.565679,104.990963
Cambodia,2015,64.91042,20.3,60.63,2.1,0.0,2.16,50.704227,2299.249,4.58,8430.000305,1162.904995,95.0,181035.0,12.565679,104.990963
Cambodia,2016,69.54431,22.7,58.01,2.62,0.0,2.81,51.749542,2828.744,4.74,11069.99969,1269.591499,95.0,181035.0,12.565679,104.990963
Cambodia,2017,89.07,25.5,56.25,3.7,0.0,3.07,45.34712,2950.2996,4.59,12689.99958,1385.260066,95.0,181035.0,12.565679,104.990963
Cambodia,2018,81.07565,28.9,56.38,2.96,0.0,5.0,62.81407,3674.9282,4.61,14579.99992,1512.126989,95.0,181035.0,12.565679,104.990963
Cambodia,2019,84.0,32.6,53.36,3.94,0.0,4.51,53.372787,4069.4607,4.68,16180.00031,1643.121389,95.0,181035.0,12.565679,104.990963
Cambodia,2020,86.4,36.8,53.36,3.83,0.0,4.62,54.674557,3918.6375,4.68,16180.00031,1543.669258,95.0,181035.0,12.565679,104.990963
Cameroon,2000,41.0,9.8,84.59,0.04,0.0,3.41,98.840576,1575.576,6.23,5210.0,681.102043,56.0,475440.0,7.369722,12.354722
Cameroon,2001,46.2,10.7,85.3,0.06,0.0,3.44,98.28571,1529.8099,6.04,5160.0,687.6481344,56.0,475440.0,7.369722,12.354722
Cameroon,2002,44.0404,11.7,85.26,0.11,0.0,3.15,96.62577,1467.4718,6.1,5130.000114,759.1118514,56.0,475440.0,7.369722,12.354722
Cameroon,2003,45.123013,12.7,85.3,0.15,0.0,3.49,95.87912,1529.6643,6.07,5210.000038,950.5648637,56.0,475440.0,7.369722,12.354722
Cameroon,2004,47.1,13.7,85.53,0.18,0.0,3.88,95.566505,1551.4,5.86,5119.999886,1090.785332,56.0,475440.0,7.369722,12.354722
Cameroon,2005,47.281933,14.7,86.31,0.22,0.0,3.73,94.43038,1456.8976,5.79,5019.999981,1100.174926,56.0,475440.0,7.369722,12.354722
Cameroon,2006,49.0,15.9,85.51,0.54,0.0,3.85,87.69932,1606.5828,5.17,5090.000153,1147.4366,56.0,475440.0,7.369722,12.354722
Cameroon,2007,48.2,16.8,80.82,1.24,0.0,3.81,75.44554,1647.3816,4.65,6130.000114,1277.516807,56.0,475440.0,7.369722,12.354722
Cameroon,2008,50.541397,17.7,80.82,1.29,0.0,4.19,76.459854,1625.477,4.53,6389.999866,1439.547804,56.0,475440.0,7.369722,12.354722
Cameroon,2009,51.644154,18.55,79.25,1.59,0.0,3.98,71.454216,1695.7526,4.8,7030.00021,1411.474572,56.0,475440.0,7.369722,12.354722
Cameroon,2010,52.759556,19.4,78.76,1.49,0.0,4.22,73.905426,1886.1508,4.68,7010.000229,1352.302275,56.0,475440.0,7.369722,12.354722
Cameroon,2011,53.7,20.0,78.61,1.38,0.0,4.35,75.91623,1931.2103,4.71,6809.999943,1465.145788,56.0,475440.0,7.369722,12.354722
Cameroon,2012,55.039154,20.8,78.53,1.09,0.0,4.21,79.43396,1873.3829,4.7,6880.000114,1403.522915,56.0,475440.0,7.369722,12.354722
Cameroon,2013,56.207813,21.4,77.6,1.82,0.0,4.33,70.4065,1600.2953,4.67,7550.000191,1527.751257,56.0,475440.0,7.369722,12.354722
Cameroon,2014,56.8,21.7,76.79,2.33,0.0,4.34,65.06747,1941.542,4.78,8250.0,1604.214035,56.0,475440.0,7.369722,12.354722
Cameroon,2015,58.595592,22.0,78.06,3.37,0.0,4.33,56.23377,1888.3931,4.77,8460.000038,1382.50979,56.0,475440.0,7.369722,12.354722
Cameroon,2016,59.808777,22.2,78.78,2.58,0.0,4.34,62.716763,1785.7306,4.65,9079.999924,1413.255957,56.0,475440.0,7.369722,12.354722
Cameroon,2017,61.030865,22.2,79.17,2.78,0.0,5.06,64.54082,1763.4426,4.53,9170.000076,1469.4475,56.0,475440.0,7.369722,12.354722
Cameroon,2018,62.2,22.1,79.25,3.29,0.0,4.99,60.265697,1746.7549,4.43,9590.000153,1585.240534,56.0,475440.0,7.369722,12.354722
Cameroon,2019,63.48988,22.2,79.41,2.99,0.0,5.36,64.19161,1720.2494,4.33,9430.000305,1533.095688,56.0,475440.0,7.369722,12.354722
Cameroon,2020,64.72137,21.9,79.41,2.84,0.0,5.45,65.74186,1758.1206,4.33,9430.000305,1537.130218,56.0,475440.0,7.369722,12.354722
Canada,2000,100.0,100.0,22.04,155.56,69.16,363.7,73.5631,118875.336,9.31,514220.0,24271.00206,4.0,9984670.0,56.130366,-106.346771
Canada,2001,100.0,100.0,21.53,159.93,72.86,339.58,72.05828,115218.68,9.04,506620.0,23822.06012,4.0,9984670.0,56.130366,-106.346771
Canada,2002,100.0,100.0,21.77,155.12,71.75,357.06,73.43517,117915.38,8.77,524349.9756,24255.33858,4.0,9984670.0,56.130366,-106.346771
Canada,2003,100.0,100.0,21.18,157.35,71.15,343.88,72.50952,117365.12,8.89,544539.978,28300.4631,4.0,9984670.0,56.130366,-106.346771
Canada,2004,100.0,100.0,21.58,148.86,85.87,347.68,74.44069,118078.05,8.77,536419.9829,32143.68141,4.0,9984670.0,56.130366,-106.346771
Canada,2005,100.0,100.0,21.99,150.78,86.83,368.86,75.1381,117744.77,8.46,549030.0293,36382.50792,4.0,9984670.0,56.130366,-106.346771
Canada,2006,100.0,100.0,21.92,139.71,92.44,360.48,76.42542,115946.31,8.25,540530.0293,40504.06073,4.0,9984670.0,56.130366,-106.346771
Canada,2007,100.0,100.0,21.84,149.36,88.19,375.42,75.63339,119158.6,7.71,571630.0049,44659.89514,4.0,9984670.0,56.130366,-106.346771
Canada,2008,100.0,100.0,21.91,141.33,88.3,385.21,77.01353,116479.15,7.44,550469.9707,46710.50558,4.0,9984670.0,56.130366,-106.346771
Canada,2009,100.0,100.0,22.5,129.76,85.13,380.24,78.19636,110665.805,7.37,521320.0073,40876.31015,4.0,9984670.0,56.130366,-106.346771
Canada,2010,100.0,100.0,21.88,130.08,85.53,366.21,77.64257,110485.93,7.16,537010.0098,47562.08343,4.0,9984670.0,56.130366,-106.346771
Canada,2011,100.0,100.0,21.84,131.3,88.29,391.95,78.52962,113449.32,7.09,549289.978,52223.69611,4.0,9984670.0,56.130366,-106.346771
Canada,2012,100.0,100.0,22.17,124.2,89.49,398.58,79.71483,112586.7,7.03,546210.022,52669.08996,4.0,9984670.0,56.130366,-106.346771
Canada,2013,100.0,100.0,22.44,122.87,97.58,417.28,80.73323,114051.086,7.01,555659.9731,52635.17496,4.0,9984670.0,56.130366,-106.346771
Canada,2014,100.0,100.0,22.49,122.75,101.21,412.13,80.702415,113198.414,6.99,561679.9927,50955.99832,4.0,9984670.0,56.130366,-106.346771
Canada,2015,100.0,100.0,22.69,125.7,96.05,417.2,80.327095,112891.76,6.91,558700.0122,43596.13554,4.0,9984670.0,56.130366,-106.346771
Canada,2016,100.0,100.0,22.05,122.35,95.69,426.84,81.02748,110180.79,7.1,556830.0171,42315.60371,4.0,9984670.0,56.130366,-106.346771
Canada,2017,100.0,100.0,22.47,113.7,95.57,435.43,82.36389,110509.586,7.17,568080.0171,45129.35644,4.0,9984670.0,56.130366,-106.346771
Canada,2018,100.0,100.0,21.99,112.47,95.03,428.39,82.31297,110059.28,7.1,580090.0269,46548.52036,4.0,9984670.0,56.130366,-106.346771
Canada,2019,100.0,100.0,22.11,110.65,95.47,421.8,82.378334,107980.76,6.94,580210.022,46338.34096,4.0,9984670.0,56.130366,-106.346771
Canada,2020,100.0,100.0,22.11,102.19,92.65,429.24,83.625496,100497.28,6.94,580210.022,43294.64816,4.0,9984670.0,56.130366,-106.346771
Central African Republic,2000,6.0,0.6,88.9,0.02,0.0,0.08,80.0,384.72043,7.73,240.0,251.2072914,8.0,622984.0,6.611111,20.939444
Central African Republic,2001,5.736052,0.6,88.92,0.02,0.0,0.08,80.0,386.3453,7.55,250.0,250.3571459,8.0,622984.0,6.611111,20.939444
Central African Republic,2002,6.177054,0.6,89.22,0.02,0.0,0.08,80.0,373.5856,7.38,250.0,260.7454587,8.0,622984.0,6.611111,20.939444
Central African Republic,2003,6.61282,0.6,90.25,0.02,0.0,0.08,80.0,342.82562,7.93,230.0000042,293.661549,8.0,622984.0,6.611111,20.939444
Central African Republic,2004,7.0457006,0.5,90.64,0.03,0.0,0.12,80.0,359.33325,7.65,230.0000042,320.7368123,8.0,622984.0,6.611111,20.939444
Central African Republic,2005,7.4780445,0.5,90.96,0.03,0.0,0.13,81.25,352.1099,7.74,219.9999988,331.1630882,8.0,622984.0,6.611111,20.939444
Central African Republic,2006,7.805169,0.6,90.8,0.03,0.0,0.14,82.35294,358.04587,7.59,230.0000042,354.6708633,8.0,622984.0,6.611111,20.939444
Central African Republic,2007,8.350998,0.6,90.88,0.02,0.0,0.14,87.5,349.30215,7.47,239.9999946,404.3745429,8.0,622984.0,6.611111,20.939444
Central African Republic,2008,7.48,0.6,93.64,0.02,0.0,0.14,87.5,276.59943,7.33,170.0000018,464.5612047,8.0,622984.0,6.611111,20.939444
Central African Republic,2009,9.252875,0.6,93.91,0.02,0.0,0.14,87.5,260.59473,6.89,170.0000018,474.7056275,8.0,622984.0,6.611111,20.939444
Central African Republic,2010,9.8,0.5,93.84,0.03,0.0,0.13,81.25,260.0182,6.76,170.0000018,488.4217358,8.0,622984.0,6.611111,20.939444
Central African Republic,2011,10.246648,0.5,93.33,0.03,0.0,0.15,83.333336,279.48138,6.68,189.9999976,551.7497219,8.0,622984.0,6.611111,20.939444
Central African Republic,2012,10.868861,0.6,93.07,0.03,0.0,0.15,83.333336,282.5135,6.25,200.000003,565.8012071,8.0,622984.0,6.611111,20.939444
Central African Republic,2013,11.469141,0.6,95.08,0.0,0.0,0.14,100.0,206.79347,9.3,119.9999973,380.2979111,8.0,622984.0,6.611111,20.939444
Central African Republic,2014,12.057397,0.6,94.82,0.0,0.0,0.17,100.0,238.23833,9.55,129.9999952,424.4491317,8.0,622984.0,6.611111,20.939444
Central African Republic,2015,12.72703,0.6,92.86,0.0,0.0,0.17,100.0,297.00418,9.4,189.9999976,377.4229177,8.0,622984.0,6.611111,20.939444
Central African Republic,2016,13.533816,0.7,92.11,0.0,0.0,0.17,100.0,307.3053,9.12,209.9999934,402.1916451,8.0,622984.0,6.611111,20.939444
Central African Republic,2017,14.299541,0.7,91.58,0.0,0.0,0.15,100.0,301.66687,8.8,219.9999988,450.9006579,8.0,622984.0,6.611111,20.939444
Central African Republic,2018,14.842376,0.7,91.42,0.0,0.0,0.15,100.0,302.45892,8.56,230.0000042,475.9538139,8.0,622984.0,6.611111,20.939444
Central African Republic,2019,14.3,0.7,91.26,0.0,0.0,0.15,100.0,299.18008,8.39,239.9999946,467.9080323,8.0,622984.0,6.611111,20.939444
Central African Republic,2020,15.465084,0.8,91.26,0.0,0.0,0.15,100.0,280.73853,8.39,239.9999946,492.7958712,8.0,622984.0,6.611111,20.939444
Chad,2000,3.1798813,3.0,88.7,0.08,0.0,0.01,11.111111,124.966064,8.21,290.0,166.1757089,13.0,1284000.0,15.454166,18.732207
Chad,2001,3.5271144,2.8,88.6,0.09,0.0,0.01,10.0,116.015,7.51,340.0,197.1460821,13.0,1284000.0,15.454166,18.732207
Chad,2002,3.8667629,2.5,88.53,0.09,0.0,0.01,10.0,110.641914,7.05,400.000006,221.4165369,13.0,1284000.0,15.454166,18.732207
Chad,2003,4.201176,2.5,83.91,0.1,0.0,0.01,9.090909,105.11012,6.56,449.9999881,292.6008802,13.0,1284000.0,15.454166,18.732207
Chad,2004,3.5,2.45,84.0,0.11,0.0,0.01,8.333334,105.9355,5.0,449.9999881,454.3363652,13.0,1284000.0,15.454166,18.732207
Chad,2005,4.8636937,2.4,83.82,0.11,0.0,0.01,8.333334,109.55552,4.35,479.9999893,658.566973,13.0,1284000.0,15.454166,18.732207
Chad,2006,5.1965566,2.4,83.74,0.12,0.0,0.01,7.692308,107.3414,4.4,509.9999905,710.3963987,13.0,1284000.0,15.454166,18.732207
Chad,2007,5.533941,2.3,82.8,0.12,0.0,0.0,0.0,114.514046,4.38,500.0,799.603742,13.0,1284000.0,15.454166,18.732207
Chad,2008,5.8785563,2.3,80.63,0.14,0.0,0.0,0.0,116.01666,4.43,540.0000215,929.3827519,13.0,1284000.0,15.454166,18.732207
Chad,2009,6.2331114,2.5,79.78,0.17,0.0,0.01,5.5555553,122.113625,4.37,790.0000215,803.6863884,13.0,1284000.0,15.454166,18.732207
Chad,2010,6.4,2.6,79.01,0.18,0.0,0.01,5.263158,130.90942,3.95,1240.00001,892.5688697,13.0,1284000.0,15.454166,18.732207
Chad,2011,8.98,2.8,82.37,0.18,0.0,0.01,5.263158,180.9343,4.08,1100.000024,984.7361305,13.0,1284000.0,15.454166,18.732207
Chad,2012,7.835406,2.9,79.73,0.23,0.0,0.0,0.0,302.57126,3.62,1860.000014,967.3529488,13.0,1284000.0,15.454166,18.732207
Chad,2013,8.126558,3.3,76.45,0.26,0.0,0.0,0.0,302.8611,3.55,2190.000057,979.8117426,13.0,1284000.0,15.454166,18.732207
Chad,2014,8.405685,3.7,76.86,0.27,0.0,0.0,0.0,303.73856,3.53,2259.99999,1020.287979,13.0,1284000.0,15.454166,18.732207
Chad,2015,7.7,4.1,77.35,0.28,0.0,0.0,0.0,298.34583,3.31,2390.000105,776.0197523,13.0,1284000.0,15.454166,18.732207
Chad,2016,9.263847,4.6,77.77,0.28,0.0,0.01,3.448276,286.59064,3.72,2210.000038,693.4497674,13.0,1284000.0,15.454166,18.732207
Chad,2017,10.9,5.1,78.27,0.29,0.0,0.01,3.3333333,446.25546,3.87,2150.000095,665.9488849,13.0,1284000.0,15.454166,18.732207
Chad,2018,10.11404,5.5,77.7,0.29,0.0,0.01,3.3333333,457.11847,3.85,2190.000057,726.1510071,13.0,1284000.0,15.454166,18.732207
Chad,2019,8.4,6.1,77.79,0.3,0.0,0.01,3.2258065,458.18085,3.77,2250.0,709.5400432,13.0,1284000.0,15.454166,18.732207
Chad,2020,11.080117,6.8,77.79,0.28,0.0,0.01,3.448276,372.5109,3.77,2250.0,659.270045,13.0,1284000.0,15.454166,18.732207
China,2000,97.0218,42.0,29.63,1113.3,16.74,225.56,17.874004,9334.936,10.85,3346530.0,959.3724836,153.0,9596960.0,35.86166,104.195397
China,2001,97.27279,42.3,28.36,1182.59,17.47,280.73,20.1379,9797.812,10.36,3529080.0,1053.108243,153.0,9596960.0,35.86166,104.195397
China,2002,97.516205,43.1,27.0,1337.46,25.13,291.41,19.137848,10602.087,10.12,3810060.059,1148.50829,153.0,9596960.0,35.86166,104.195397
China,2003,97.75438,43.4,23.86,1579.96,43.34,287.28,17.304693,12273.32,10.48,4415910.156,1288.643252,153.0,9596960.0,35.86166,104.195397
China,2004,97.98967,44.9,20.17,1795.41,50.47,357.43,18.513056,14272.745,10.83,5124819.824,1508.668098,153.0,9596960.0,35.86166,104.195397
China,2005,98.22443,46.3,17.44,2042.8,53.09,404.37,18.296497,16114.158,10.72,5824629.883,1753.417829,153.0,9596960.0,35.86166,104.195397
China,2006,98.46105,47.7,16.39,2364.16,54.84,446.72,17.50206,17552.816,10.41,6437470.215,2099.229435,153.0,9596960.0,35.86166,104.195397
China,2007,98.7022,49.4,14.88,2718.7,62.13,500.71,17.151705,18955.008,9.81,6993180.176,2693.970063,153.0,9596960.0,35.86166,104.195397
China,2008,98.95058,51.1,14.14,2762.29,68.39,665.08,20.981703,19560.7,9.18,7199600.098,3468.304602,153.0,9596960.0,35.86166,104.195397
China,2009,99.2089,53.5,13.43,2980.2,70.05,664.39,19.7715,20281.068,8.95,7719069.824,3832.236432,153.0,9596960.0,35.86166,104.195397
China,2010,99.7,55.6,12.26,3326.19,74.74,786.38,20.564993,21551.547,8.93,8474919.922,4550.453108,153.0,9596960.0,35.86166,104.195397
China,2011,99.848724,58.0,11.34,3811.77,87.2,792.38,18.748974,23090.885,8.75,9282549.805,5614.352135,153.0,9596960.0,35.86166,104.195397
China,2012,99.96193,60.7,11.53,3869.38,98.32,999.56,22.102327,23873.234,8.41,9541870.117,6300.615118,153.0,9596960.0,35.86166,104.195397
China,2013,99.996445,63.2,11.45,4203.77,111.5,1093.37,22.276764,24600.36,8.05,9984570.313,7020.338485,153.0,9596960.0,35.86166,104.195397
China,2014,100.0,66.0,11.94,4345.86,133.22,1289.23,24.659735,25072.023,7.69,10006669.92,7636.116601,153.0,9596960.0,35.86166,104.195397
China,2015,100.0,68.4,12.18,4222.76,171.38,1393.66,27.040327,25209.49,7.21,9861099.609,8016.431435,153.0,9596960.0,35.86166,104.195397
China,2016,100.0,70.6,12.56,4355.0,213.18,1522.79,28.500713,25164.803,6.71,9874660.156,8094.363367,153.0,9596960.0,35.86166,104.195397
China,2017,100.0,73.2,13.13,4643.1,248.1,1667.06,29.20226,25987.611,6.51,10096009.77,8816.986905,153.0,9596960.0,35.86166,104.195397
China,2018,100.0,75.6,13.71,4990.28,295.0,1835.32,29.917704,27109.42,6.39,10502929.69,9905.342004,153.0,9596960.0,35.86166,104.195397
China,2019,100.0,77.6,14.45,5098.22,348.7,2014.57,31.672895,28277.445,6.31,10707219.73,10143.83817,153.0,9596960.0,35.86166,104.195397
China,2020,100.0,79.4,14.45,5184.13,366.2,2184.94,32.980618,29133.936,6.31,10707219.73,10434.77519,153.0,9596960.0,35.86166,104.195397
Colombia,2000,95.2,78.1,28.03,10.21,0.0,31.98,75.79996,8011.8125,3.0,58340.0,2520.481089,46.0,1138910.0,4.570868,-74.297333
Colombia,2001,98.47,78.9,27.24,10.78,0.0,31.69,74.61738,7953.855,2.95,58940.0,2439.682456,46.0,1138910.0,4.570868,-74.297333
Colombia,2002,94.9055,79.7,28.8,10.25,0.0,33.83,76.746826,7834.471,2.83,56770.00046,2396.627127,46.0,1138910.0,4.570868,-74.297333
Colombia,2003,95.12935,80.7,30.7,9.6,0.0,36.0,78.94737,7863.652,2.78,56110.00061,2281.401762,46.0,1138910.0,4.570868,-74.297333
Colombia,2004,95.35031,81.5,29.18,8.87,0.0,39.91,81.81632,8152.3345,2.66,56110.00061,2782.623185,46.0,1138910.0,4.570868,-74.297333
Colombia,2005,96.8,82.4,29.08,9.71,0.0,39.64,80.32422,7917.907,2.65,57639.99939,3414.465158,46.0,1138910.0,4.570868,-74.297333
Colombia,2006,95.79303,83.0,29.69,10.13,0.0,42.6,80.788925,9024.093,2.62,57689.99863,3741.092837,46.0,1138910.0,4.570868,-74.297333
Colombia,2007,96.019844,83.8,30.42,9.93,0.0,44.27,81.67896,9058.002,2.44,59180.00031,4714.073055,46.0,1138910.0,4.570868,-74.297333
Colombia,2008,96.80676,84.6,29.97,8.77,0.0,46.19,84.04294,9322.767,2.48,59779.99878,5472.53653,46.0,1138910.0,4.570868,-74.297333
Colombia,2009,96.05723,85.4,30.91,14.77,0.0,41.08,73.55417,9111.861,2.55,62009.99832,5193.241458,46.0,1138910.0,4.570868,-74.297333
Colombia,2010,96.788994,86.3,29.75,15.96,0.0,40.66,71.81208,9474.296,2.4,63560.00137,6336.709474,46.0,1138910.0,4.570868,-74.297333
Colombia,2011,96.6936,87.0,28.91,10.11,0.0,48.81,82.84114,9794.911,2.3,69099.99847,7335.166934,46.0,1138910.0,4.570868,-74.297333
Colombia,2012,97.03217,87.6,28.9,12.96,0.0,47.58,78.59267,10308.172,2.14,69699.99695,8050.255372,46.0,1138910.0,4.570868,-74.297333
Colombia,2013,97.77942,88.45,32.29,21.71,0.0,50.48,69.92658,10490.081,2.66,76860.00061,8218.347844,46.0,1138910.0,4.570868,-74.297333
Colombia,2014,97.79094,89.1,32.38,20.99,0.0,48.06,69.60174,10938.481,2.58,79199.99695,8114.343921,46.0,1138910.0,4.570868,-74.297333
Colombia,2015,98.1869,89.75,31.6,27.22,0.0,49.0,64.28759,10259.04,2.53,80230.00336,6175.87603,46.0,1138910.0,4.570868,-74.297333
Colombia,2016,98.4,90.7,30.74,25.02,0.0,49.54,66.44314,11435.303,2.58,82680.00031,5870.777957,46.0,1138910.0,4.570868,-74.297333
Colombia,2017,98.5,91.2,32.53,16.07,0.0,61.39,79.25381,11368.834,2.44,74989.99786,6376.706716,46.0,1138910.0,4.570868,-74.297333
Colombia,2018,98.5,92.0,30.72,19.11,0.0,60.08,75.868164,11332.247,2.29,78589.99634,6729.583332,46.0,1138910.0,4.570868,-74.297333
Colombia,2019,99.75592,92.5,30.72,23.84,0.0,54.31,69.49456,11221.787,2.51,81040.00092,6424.979492,46.0,1138910.0,4.570868,-74.297333
Colombia,2020,100.0,93.2,30.72,27.17,0.0,49.97,64.77833,10064.389,2.51,81040.00092,5334.556042,46.0,1138910.0,4.570868,-74.297333
Comoros,2000,39.715355,0.6,69.87,0.02,0.0,0.0,0.0,816.7021,2.66,100.0,647.4258118,467.0,2235.0,-11.6455,43.3333
Comoros,2001,42.018665,0.7,69.51,0.03,0.0,0.0,0.0,835.32465,2.68,110.0,680.9055728,467.0,2235.0,-11.6455,43.3333
Comoros,2002,44.8,0.8,70.31,0.03,0.0,0.0,0.0,823.61163,2.65,109.9999994,747.9888625,467.0,2235.0,-11.6455,43.3333
Comoros,2003,46.60488,1.0,64.39,0.03,0.0,0.0,0.0,1032.1368,2.88,140.0000006,937.7108963,467.0,2235.0,-11.6455,43.3333
Comoros,2004,48.892487,1.2,63.52,0.04,0.0,0.0,0.0,1111.6262,2.97,150.000006,1061.075548,467.0,2235.0,-11.6455,43.3333
Comoros,2005,51.179554,1.4,65.74,0.04,0.0,0.0,0.0,1046.9846,2.87,150.000006,1069.029426,467.0,2235.0,-11.6455,43.3333
Comoros,2006,53.468494,1.7,61.81,0.04,0.0,0.0,0.0,1194.3715,3.02,170.0000018,1114.945281,467.0,2235.0,-11.6455,43.3333
Comoros,2007,55.761955,2.0,74.36,0.04,0.0,0.0,0.0,773.59,2.57,109.9999994,1240.092528,467.0,2235.0,-11.6455,43.3333
Comoros,2008,58.06265,2.4,73.44,0.04,0.0,0.0,0.0,772.8585,2.51,109.9999994,1393.216032,467.0,2235.0,-11.6455,43.3333
Comoros,2009,60.373283,2.8,68.53,0.04,0.0,0.0,0.0,923.4804,2.65,140.0000006,1344.730406,467.0,2235.0,-11.6455,43.3333
Comoros,2010,69.80771,3.2,66.39,0.04,0.0,0.0,0.0,1074.1965,2.78,170.0000018,1316.491213,467.0,2235.0,-11.6455,43.3333
Comoros,2011,69.425804,3.7,69.35,0.05,0.0,0.0,0.0,944.7761,2.58,150.000006,1447.945144,467.0,2235.0,-11.6455,43.3333
Comoros,2012,69.3,4.2,67.85,0.05,0.0,0.0,0.0,961.3801,2.59,159.9999964,1403.360252,467.0,2235.0,-11.6455,43.3333
Comoros,2013,69.76845,4.8,62.51,0.05,0.0,0.0,0.0,1122.8319,2.72,189.9999976,1505.337292,467.0,2235.0,-11.6455,43.3333
Comoros,2014,72.162796,5.3,66.02,0.05,0.0,0.0,0.0,981.591,2.57,170.0000018,1513.830379,467.0,2235.0,-11.6455,43.3333
Comoros,2015,74.57198,5.7,64.17,0.05,0.0,0.0,0.0,1036.3783,2.66,189.9999976,1242.585608,467.0,2235.0,-11.6455,43.3333
Comoros,2016,76.99304,6.3,60.5,0.05,0.0,0.0,0.0,1189.0542,2.79,219.9999988,1273.050952,467.0,2235.0,-11.6455,43.3333
Comoros,2017,79.423004,6.8,56.42,0.09,0.0,0.0,0.0,1492.4838,3.06,280.0000012,1323.814843,467.0,2235.0,-11.6455,43.3333
Comoros,2018,81.85891,7.3,55.01,0.09,0.0,0.0,0.0,1593.2856,3.12,300.0000119,1428.290463,467.0,2235.0,-11.6455,43.3333
Comoros,2019,84.297775,7.8,53.43,0.1,0.0,0.0,0.0,1685.7296,3.19,319.9999928,1401.542312,467.0,2235.0,-11.6455,43.3333
Comoros,2020,86.73714,8.4,53.43,0.13,0.0,0.0,0.0,1578.0629,3.19,319.9999928,1420.661747,467.0,2235.0,-11.6455,43.3333
Costa Rica,2000,96.94,89.0,32.95,0.07,0.0,6.78,98.9781,10699.309,2.41,4950.0,3789.053886,100.0,51100.0,9.748917,-83.753428
Costa Rica,2001,98.24978,89.4,32.11,0.11,0.0,6.78,98.40349,10693.142,2.34,5420.0,3960.307703,100.0,51100.0,9.748917,-83.753428
Costa Rica,2002,98.509186,89.8,32.54,0.16,0.0,7.26,97.843666,10944.455,2.39,5519.999981,4042.705686,100.0,51100.0,9.748917,-83.753428
Costa Rica,2003,98.6959,90.1,33.3,0.19,0.0,7.1,97.39369,10991.341,2.44,5800.000191,4147.824369,100.0,51100.0,9.748917,-83.753428
Costa Rica,2004,98.95478,90.4,39.16,0.07,0.0,7.9,99.12171,11161.785,2.78,5940.000057,4404.711884,100.0,51100.0,9.748917,-83.753428
Costa Rica,2005,99.053055,90.7,41.73,0.28,0.0,7.87,96.56442,11431.702,2.67,6269.999981,4676.379366,100.0,51100.0,9.748917,-83.753428
Costa Rica,2006,99.14752,91.2,42.4,0.53,0.0,8.05,93.822845,11759.994,2.71,6559.999943,5227.465952,100.0,51100.0,9.748917,-83.753428
Costa Rica,2007,99.217995,91.3,41.19,0.69,0.0,8.24,92.27323,12253.692,2.64,7599.999905,6103.741917,100.0,51100.0,9.748917,-83.753428
Costa Rica,2008,99.26394,91.8,40.7,0.68,0.0,8.68,92.73505,12241.504,2.54,7519.999981,6901.388306,100.0,51100.0,9.748917,-83.753428
Costa Rica,2009,99.409805,92.1,40.72,0.52,0.0,8.7,94.360085,11747.936,2.58,7199.999809,6801.036735,100.0,51100.0,9.748917,-83.753428
Costa Rica,2010,98.995735,92.4,40.39,0.71,0.0,8.76,92.50264,11786.667,2.47,7110.000134,8227.127494,100.0,51100.0,9.748917,-83.753428
Costa Rica,2011,99.232346,92.9,38.02,0.91,0.0,8.79,90.61856,11703.091,2.38,7429.999828,9229.834517,100.0,51100.0,9.748917,-83.753428
Costa Rica,2012,99.503296,93.1,38.06,0.9,0.0,9.15,91.04477,11673.354,2.36,7449.999809,10075.00462,100.0,51100.0,9.748917,-83.753428
Costa Rica,2013,99.563515,93.6,37.8,1.23,0.0,8.88,87.83383,11618.479,2.42,7780.00021,10744.09102,100.0,51100.0,9.748917,-83.753428
Costa Rica,2014,99.35929,94.0,37.62,1.1,0.0,9.01,89.11969,11726.931,2.37,7829.999924,10847.16967,100.0,51100.0,9.748917,-83.753428
Costa Rica,2015,99.409805,94.3,38.33,0.26,0.0,10.5,97.58364,12110.349,2.23,7539.999962,11642.77805,100.0,51100.0,9.748917,-83.753428
Costa Rica,2016,99.5,94.6,36.81,0.35,0.0,10.5,96.77419,12301.996,2.2,8079.999924,12011.22275,100.0,51100.0,9.748917,-83.753428
Costa Rica,2017,99.6,94.9,36.2,0.21,0.0,11.06,98.13664,12649.783,2.09,8260.000229,12225.57449,100.0,51100.0,9.748917,-83.753428
Costa Rica,2018,99.7,95.3,35.7,0.31,0.0,11.13,97.290215,12802.764,1.98,8369.999886,12485.4239,100.0,51100.0,9.748917,-83.753428
Costa Rica,2019,99.71,95.6,35.76,0.25,0.0,11.18,97.81277,13012.45,2.11,8239.999771,12693.82796,100.0,51100.0,9.748917,-83.753428
Costa Rica,2020,99.9,95.7,35.76,0.19,0.0,11.55,98.38161,11486.324,2.11,8239.999771,12140.85415,100.0,51100.0,9.748917,-83.753428
Croatia,2000,100.0,100.0,26.76,4.81,0.0,6.45,57.282413,21227.025,4.32,18040.0,4887.713716,73.0,56594.0,45.1,15.2
Croatia,2001,100.0,100.0,26.92,5.59,0.0,7.18,56.225525,22525.262,4.36,19200.0,5412.925136,73.0,56594.0,45.1,15.2
Croatia,2002,100.0,100.0,24.61,6.86,0.0,5.85,46.02675,22668.963,4.24,20280.00069,6293.225299,73.0,56594.0,45.1,15.2
Croatia,2003,100.0,100.0,24.82,7.73,0.0,5.46,41.394997,23832.379,4.3,21610.00061,8129.794584,73.0,56594.0,45.1,15.2
Croatia,2004,100.0,100.0,26.56,6.26,0.0,7.63,54.931602,24877.861,4.13,21100.00038,9747.440771,73.0,56594.0,45.1,15.2
Croatia,2005,100.0,100.0,26.82,6.0,0.0,7.06,54.05819,24671.021,4.02,21450.00076,10621.50746,73.0,56594.0,45.1,15.2
Croatia,2006,100.0,100.0,25.51,6.27,0.0,6.65,51.47059,24436.512,3.81,21610.00061,11797.47447,73.0,56594.0,45.1,15.2
Croatia,2007,100.0,100.0,22.66,7.8,0.0,4.74,37.79904,24617.822,3.77,22879.99916,14046.31681,73.0,56594.0,45.1,15.2
Croatia,2008,100.0,100.0,24.14,6.94,0.0,5.84,45.6964,24549.996,3.6,21729.99954,16416.58681,73.0,56594.0,45.1,15.2
Croatia,2009,100.0,100.0,27.16,5.87,0.0,7.48,56.02996,24300.623,3.75,20309.99947,14653.04355,73.0,56594.0,45.1,15.2
Croatia,2010,100.0,100.0,29.75,5.49,0.0,9.3,62.880325,24781.908,3.76,19459.99908,14067.52312,73.0,56594.0,45.1,15.2
Croatia,2011,100.0,100.0,27.16,5.95,0.0,5.28,47.016922,21703.076,3.68,19030.00069,14757.18034,73.0,56594.0,45.1,15.2
Croatia,2012,100.0,100.0,29.4,5.33,0.0,5.26,49.6695,20222.29,3.55,17409.99985,13401.65662,73.0,56594.0,45.1,15.2
Croatia,2013,100.0,100.0,32.82,4.67,0.0,9.28,66.5233,22296.646,3.49,17010.00023,13837.73164,73.0,56594.0,45.1,15.2
Croatia,2014,100.0,100.0,33.6,3.5,0.0,9.94,73.95833,22411.172,3.33,16239.99977,13762.37286,73.0,56594.0,45.1,15.2
Croatia,2015,100.0,100.0,33.09,3.73,0.0,7.52,66.844444,21392.176,3.4,16600.00038,11933.37738,73.0,56594.0,45.1,15.2
Croatia,2016,100.0,100.0,31.83,4.26,0.0,8.36,66.24405,22428.08,3.31,16879.99916,12527.73986,73.0,56594.0,45.1,15.2
Croatia,2017,100.0,100.0,29.79,4.67,0.0,7.12,60.39016,22608.02,3.31,17409.99985,13629.28959,73.0,56594.0,45.1,15.2
Croatia,2018,100.0,100.0,32.83,3.77,0.0,9.78,72.177124,23593.492,3.13,16430.00031,15227.5601,73.0,56594.0,45.1,15.2
Croatia,2019,100.0,100.0,31.6,4.31,0.0,8.35,65.95577,23200.729,3.07,16520.00046,15311.7669,73.0,56594.0,45.1,15.2
Croatia,2020,100.0,100.0,31.6,4.69,0.0,8.55,64.57704,22304.447,3.07,16520.00046,14134.16268,73.0,56594.0,45.1,15.2
Cuba,2000,97.0,71.4,34.43,14.1,0.0,0.09,0.6342495,9883.993,3.46,28350.0,2747.100303,106.0,110860.0,21.521757,-77.781167
Cuba,2001,96.22626,74.5,34.05,14.37,0.0,0.07,0.48476455,9075.244,3.28,27470.0,2837.73573,106.0,110860.0,21.521757,-77.781167
Cuba,2002,95.5,77.2,34.8,14.71,0.0,0.1,0.6752194,9158.403,3.01,26420.00008,2999.241763,106.0,110860.0,21.521757,-77.781167
Cuba,2003,96.51303,79.8,33.56,14.79,0.0,0.13,0.8713137,9271.938,2.89,25629.99916,3197.133185,106.0,110860.0,21.521757,-77.781167
Cuba,2004,96.65091,81.8,33.77,14.66,0.0,0.09,0.6101695,9365.984,2.67,25360.00061,3395.710843,106.0,110860.0,21.521757,-77.781167
Cuba,2005,96.78825,83.8,26.31,11.88,0.0,2.57,17.785467,9199.146,2.27,26319.99969,3786.66345,106.0,110860.0,21.521757,-77.781167
Cuba,2006,96.927475,85.4,21.96,13.96,0.0,1.54,9.935484,8954.739,2.02,26780.00069,4683.569067,106.0,110860.0,21.521757,-77.781167
Cuba,2007,97.07121,87.0,18.59,14.67,0.0,1.93,11.626506,9036.614,1.79,27680.00031,5208.718388,106.0,110860.0,21.521757,-77.781167
Cuba,2008,97.22218,88.1,18.73,14.7,0.0,1.97,11.8176365,10330.99,1.83,26750.0,5411.269492,106.0,110860.0,21.521757,-77.781167
Cuba,2009,97.383095,89.1,18.97,14.82,0.0,1.89,11.310593,10402.473,1.75,26979.99954,5529.669375,106.0,110860.0,21.521757,-77.781167
Cuba,2010,97.55665,90.2,15.61,14.66,0.0,1.73,10.555217,11812.895,1.85,28110.00061,5730.354264,106.0,110860.0,21.521757,-77.781167
Cuba,2011,97.74557,91.0,19.2,14.99,0.0,1.74,10.400478,10603.101,1.74,27590.00015,6139.718783,106.0,110860.0,21.521757,-77.781167
Cuba,2012,97.95255,91.5,19.38,15.55,0.0,1.82,10.477835,11529.463,1.73,28690.00053,6497.314764,106.0,110860.0,21.521757,-77.781167
Cuba,2013,98.17937,92.0,18.24,16.4,0.0,1.77,9.741332,11073.984,1.6,28870.00084,6837.71168,106.0,110860.0,21.521757,-77.781167
Cuba,2014,98.42399,92.7,23.16,16.52,0.0,1.8,9.825328,11257.336,1.61,26690.00053,7133.337679,106.0,110860.0,21.521757,-77.781167
Cuba,2015,98.68346,92.65,21.15,17.37,0.0,1.85,9.625391,11280.011,1.57,29209.99908,7694.014637,106.0,110860.0,21.521757,-77.781167
Cuba,2016,98.95479,93.2,19.2,17.64,0.0,1.74,8.978329,8800.3,1.54,27170.00008,8060.796598,106.0,110860.0,21.521757,-77.781167
Cuba,2017,99.23503,93.4,22.0,17.57,0.0,1.82,9.386282,9358.279,1.45,26239.99977,8541.213686,106.0,110860.0,21.521757,-77.781167
Cuba,2018,99.52121,93.5,24.11,17.64,0.0,2.0,10.1833,9819.157,1.37,26709.99908,8824.194008,106.0,110860.0,21.521757,-77.781167
Cuba,2019,99.8,93.6,21.54,16.54,0.0,2.99,15.309779,9606.213,1.27,25909.99985,9125.878679,106.0,110860.0,21.521757,-77.781167
Cuba,2020,100.0,93.8,21.54,15.47,0.0,3.13,16.827957,9007.181,1.27,25909.99985,9477.852873,106.0,110860.0,21.521757,-77.781167
Cyprus,2000,100.0,100.0,3.08,3.37,0.0,0.0,0.0,31912.982,3.92,7130.0,14388.34806,131.0,9251.0,35.126413,33.429859
Cyprus,2001,100.0,100.0,3.03,3.55,0.0,0.0,0.0,31725.172,3.73,6990.0,14821.44682,131.0,9251.0,35.126413,33.429859
Cyprus,2002,100.0,100.0,3.16,3.79,0.0,0.0,0.0,30732.92,3.65,7170.000076,16093.21461,131.0,9251.0,35.126413,33.429859
Cyprus,2003,100.0,100.0,3.24,4.05,0.0,0.0,0.0,32076.912,3.87,7829.999924,20252.23898,131.0,9251.0,35.126413,33.429859
Cyprus,2004,100.0,100.0,3.29,4.2,0.0,0.0,0.0,30655.473,3.46,7780.00021,23792.62136,131.0,9251.0,35.126413,33.429859
Cyprus,2005,100.0,100.0,3.34,4.38,0.0,0.0,0.0,33741.973,3.36,7900.000095,24959.25917,131.0,9251.0,35.126413,33.429859
Cyprus,2006,100.0,100.0,3.5,4.65,0.0,0.0,0.0,32604.191,3.34,8000.0,26729.3234,131.0,9251.0,35.126413,33.429859
Cyprus,2007,100.0,100.0,4.33,4.87,0.0,0.0,0.0,32579.771,3.35,8310.00042,31244.92622,131.0,9251.0,35.126413,33.429859
Cyprus,2008,100.0,100.0,5.47,5.06,0.0,0.01,0.19723865,32822.43,3.44,8489.999771,35397.36368,131.0,9251.0,35.126413,33.429859
Cyprus,2009,100.0,100.0,6.31,5.18,0.0,0.03,0.57581574,31506.953,3.44,8279.999733,32109.24251,131.0,9251.0,35.126413,33.429859
Cyprus,2010,100.0,100.0,6.55,5.25,0.0,0.08,1.500938,30146.273,3.25,7900.000095,31023.63833,131.0,9251.0,35.126413,33.429859
Cyprus,2011,100.0,100.0,7.66,4.75,0.0,0.17,3.4552846,29451.955,3.15,7630.000114,32396.38574,131.0,9251.0,35.126413,33.429859
Cyprus,2012,100.0,100.0,8.69,4.46,0.0,0.26,5.508475,27326.793,3.06,7099.999905,28912.15694,131.0,9251.0,35.126413,33.429859
Cyprus,2013,100.0,100.0,9.83,3.96,0.0,0.33,7.692308,24232.332,2.83,6429.999828,27729.1927,131.0,9251.0,35.126413,33.429859
Cyprus,2014,100.0,100.0,9.59,4.03,0.0,0.31,7.142857,24039.48,2.95,6809.999943,27163.33297,131.0,9251.0,35.126413,33.429859
Cyprus,2015,100.0,100.0,10.51,4.14,0.0,0.4,8.810573,24580.83,2.93,6849.999905,23408.33668,131.0,9251.0,35.126413,33.429859
Cyprus,2016,100.0,100.0,10.36,4.46,0.0,0.43,8.793456,26494.055,2.94,7219.99979,24605.92083,131.0,9251.0,35.126413,33.429859
Cyprus,2017,100.0,100.0,11.03,4.57,0.0,0.43,8.6,26971.416,2.88,7360.000134,26608.87509,131.0,9251.0,35.126413,33.429859
Cyprus,2018,100.0,100.0,12.11,4.58,0.0,0.48,9.486166,26633.77,2.74,7199.999809,29334.11093,131.0,9251.0,35.126413,33.429859
Cyprus,2019,100.0,100.0,12.05,4.63,0.0,0.52,10.097087,26442.418,2.67,7190.000057,29206.07672,131.0,9251.0,35.126413,33.429859
Cyprus,2020,100.0,100.0,12.05,4.25,0.0,0.6,12.371135,22852.852,2.67,7190.000057,27527.84531,131.0,9251.0,35.126413,33.429859
Denmark,2000,100.0,100.0,10.73,30.43,0.0,5.57,15.472222,44286.535,2.99,52600.0,30743.54768,137.0,43094.0,56.26392,9.501785
Denmark,2001,100.0,100.0,11.12,31.87,0.0,5.85,15.509013,44250.59,3.06,54250.0,30751.65435,137.0,43094.0,56.26392,9.501785
Denmark,2002,100.0,100.0,11.86,32.49,0.0,6.79,17.286152,44017.223,3.01,53840.00015,33228.69354,137.0,43094.0,56.26392,9.501785
Denmark,2003,100.0,100.0,12.72,38.09,0.0,8.07,17.48267,47297.21,3.17,59229.99954,40458.7774,137.0,43094.0,56.26392,9.501785
Denmark,2004,100.0,100.0,14.44,30.9,0.0,9.52,23.5527,44621.56,2.99,53729.99954,46511.59833,137.0,43094.0,56.26392,9.501785
Denmark,2005,100.0,100.0,16.12,26.43,0.0,9.8,27.049406,41866.43,2.83,50200.00076,48799.8256,137.0,43094.0,56.26392,9.501785
Denmark,2006,100.0,100.0,15.26,36.41,0.0,9.2,20.171015,46091.766,2.93,58130.00107,52026.99951,137.0,43094.0,56.26392,9.501785
Denmark,2007,100.0,100.0,17.69,29.01,0.0,10.3,26.201982,43548.508,2.83,53409.99985,58487.05497,137.0,43094.0,56.26392,9.501785
Denmark,2008,100.0,100.0,18.54,26.52,0.0,10.1,27.580559,41183.277,2.78,50130.00107,64322.0635,137.0,43094.0,56.26392,9.501785
Denmark,2009,100.0,100.0,19.33,26.32,0.0,10.06,27.652557,38827.246,2.78,47930.00031,58163.27688,137.0,43094.0,56.26392,9.501785
Denmark,2010,100.0,100.0,21.2,26.44,0.0,12.43,31.97839,41063.633,2.89,48119.99893,58041.39844,137.0,43094.0,56.26392,9.501785
Denmark,2011,100.0,100.0,23.83,21.05,0.0,14.17,40.232822,38406.094,2.64,43099.99847,61753.64713,137.0,43094.0,56.26392,9.501785
Denmark,2012,100.0,100.0,26.93,15.86,0.0,14.84,48.33876,35563.973,2.53,38220.00122,58507.50805,137.0,43094.0,56.26392,9.501785
Denmark,2013,100.0,100.0,27.05,18.78,0.0,15.96,45.941277,36936.71,2.5,39959.99908,61191.1937,137.0,43094.0,56.26392,9.501785
Denmark,2014,100.0,100.0,30.18,14.2,0.0,17.99,55.886925,35394.48,2.32,35819.99969,62548.98473,137.0,43094.0,56.26392,9.501785
Denmark,2015,100.0,100.0,32.89,10.0,0.0,18.93,65.43381,34312.848,2.27,33700.00076,53254.85637,137.0,43094.0,56.26392,9.501785
Denmark,2016,100.0,100.0,32.17,12.16,0.0,18.39,60.1964,34666.89,2.25,35319.99969,54663.99837,137.0,43094.0,56.26392,9.501785
Denmark,2017,100.0,100.0,35.2,9.23,0.0,21.8,70.25459,34656.133,2.19,33130.00107,57610.09818,137.0,43094.0,56.26392,9.501785
Denmark,2018,100.0,100.0,34.67,9.61,0.0,20.75,68.346504,34042.258,2.14,33130.00107,61591.92887,137.0,43094.0,56.26392,9.501785
Denmark,2019,100.0,100.0,37.52,6.44,0.0,23.07,78.17689,33139.277,2.0,29700.00076,59775.7351,137.0,43094.0,56.26392,9.501785
Denmark,2020,100.0,100.0,37.52,5.28,0.0,23.45,81.622,29380.422,2.0,29700.00076,61063.31643,137.0,43094.0,56.26392,9.501785
Djibouti,2000,56.37995,4.0,31.44,0.18,0.0,0.0,0.0,4762.17,6.03,370.0,768.1835703,43.0,23200.0,11.825138,42.590275
Djibouti,2001,56.365143,4.1,31.68,0.18,0.0,0.0,0.0,4599.132,5.95,380.0,780.9039613,43.0,23200.0,11.825138,42.590275
Djibouti,2002,49.7,4.2,32.44,0.19,0.0,0.0,0.0,4474.387,6.1,400.000006,791.3841807,43.0,23200.0,11.825138,42.590275
Djibouti,2003,56.315117,4.3,32.88,0.19,0.0,0.0,0.0,4541.9604,6.13,409.9999964,818.8687857,43.0,23200.0,11.825138,42.590275
Djibouti,2004,56.2846,4.5,33.62,0.2,0.0,0.0,0.0,4353.0415,5.83,400.000006,863.2360874,43.0,23200.0,11.825138,42.590275
Djibouti,2005,56.253548,4.8,33.09,0.24,0.0,0.0,0.0,4054.5566,5.74,430.0000072,904.7366795,43.0,23200.0,11.825138,42.590275
Djibouti,2006,55.5,5.0,33.01,0.26,0.0,0.0,0.0,3716.954,5.1,430.0000072,967.6795838,43.0,23200.0,11.825138,42.590275
Djibouti,2007,56.199707,5.3,32.52,0.3,0.0,0.0,0.0,3787.3547,5.2,469.9999988,1052.719117,43.0,23200.0,11.825138,42.590275
Djibouti,2008,56.182278,5.7,33.14,0.32,0.0,0.0,0.0,4150.3564,5.26,469.9999988,1223.852363,43.0,23200.0,11.825138,42.590275
Djibouti,2009,56.17479,6.1,34.0,0.33,0.0,0.0,0.0,3531.1523,4.52,469.9999988,1267.317394,43.0,23200.0,11.825138,42.590275
Djibouti,2010,56.17995,6.5,32.54,0.36,0.0,0.0,0.0,3942.1558,4.36,519.9999809,1343.275125,43.0,23200.0,11.825138,42.590275
Djibouti,2011,56.20047,6.8,33.93,0.36,0.0,0.0,0.0,2921.8823,3.63,479.9999893,1451.548081,43.0,23200.0,11.825138,42.590275
Djibouti,2012,54.6,7.2,32.48,0.37,0.0,0.0,0.0,3784.8132,3.3,500.0,1559.240651,43.0,23200.0,11.825138,42.590275
Djibouti,2013,56.297474,7.8,34.04,0.41,0.0,0.0,0.0,3836.7073,2.98,560.0000024,2312.720948,43.0,23200.0,11.825138,42.590275
Djibouti,2014,56.61884,8.1,30.82,0.09,0.0,0.0,0.0,4183.972,2.49,400.000006,2464.294905,43.0,23200.0,11.825138,42.590275
Djibouti,2015,57.578564,8.4,28.18,0.17,0.0,0.0,0.0,3626.9648,2.42,460.0000083,2658.949245,43.0,23200.0,11.825138,42.590275
Djibouti,2016,58.675446,8.75,24.91,0.08,0.0,0.0,0.0,3409.7095,2.23,419.9999869,2802.166204,43.0,23200.0,11.825138,42.590275
Djibouti,2017,60.2,9.0,24.13,0.06,0.0,0.0,0.0,3036.1372,2.17,419.9999869,2914.358197,43.0,23200.0,11.825138,42.590275
Djibouti,2018,60.564186,9.3,27.84,0.05,0.0,0.0,0.0,3133.4805,2.02,400.000006,3141.861711,43.0,23200.0,11.825138,42.590275
Djibouti,2019,61.21193,9.5,27.92,0.06,0.0,0.0,0.0,2848.7866,1.89,419.9999869,3414.916178,43.0,23200.0,11.825138,42.590275
Djibouti,2020,61.767082,9.65,27.92,0.05,0.0,0.0,0.0,2701.7908,1.89,419.9999869,3425.484176,43.0,23200.0,11.825138,42.590275
Dominica,2000,80.95181,81.0,11.06,0.04,0.0,0.03,42.857143,7741.9917,2.46,130.0,4787.801441,96.0,751.0,15.414999,-61.370976
Dominica,2001,82.27921,82.0,9.41,0.05,0.0,0.03,37.5,8312.158,2.63,150.0,4883.003024,96.0,751.0,15.414999,-61.370976
Dominica,2002,87.7,82.8,13.6,0.04,0.0,0.03,42.857143,7820.6606,2.54,119.9999973,4770.851894,96.0,751.0,15.414999,-61.370976
Dominica,2003,84.91362,83.6,10.56,0.05,0.0,0.03,37.5,8702.423,2.67,140.0000006,4897.308367,96.0,751.0,15.414999,-61.370976
Dominica,2004,86.22531,84.0,11.56,0.04,0.0,0.03,42.857143,10289.641,3.06,159.9999964,5216.872434,96.0,751.0,15.414999,-61.370976
Dominica,2005,87.536476,85.0,10.8,0.05,0.0,0.03,37.5,9846.587,3.02,159.9999964,5160.889141,96.0,751.0,15.414999,-61.370976
Dominica,2006,88.84951,85.5,9.88,0.05,0.0,0.03,37.5,9808.0205,2.88,170.0000018,5518.4232,96.0,751.0,15.414999,-61.370976
Dominica,2007,90.16706,86.3,8.68,0.06,0.0,0.02,25.0,11844.8545,3.39,180.0000072,5951.863413,96.0,751.0,15.414999,-61.370976
Dominica,2008,90.9,87.0,8.45,0.06,0.0,0.02,25.0,10663.4375,2.82,180.0000072,6468.944767,96.0,751.0,15.414999,-61.370976
Dominica,2009,92.82657,87.4,9.23,0.06,0.0,0.02,25.0,10826.458,2.83,500.0,6903.145806,96.0,751.0,15.414999,-61.370976
Dominica,2010,94.17394,87.8,10.28,0.07,0.0,0.02,22.222221,11327.723,2.99,180.0000072,6967.364955,96.0,751.0,15.414999,-61.370976
Dominica,2011,95.536674,88.3,13.8,0.06,0.0,0.04,40.0,11478.59,2.77,180.0000072,7065.460372,96.0,751.0,15.414999,-61.370976
Dominica,2012,96.91748,88.4,11.33,0.07,0.0,0.03,30.0,11020.953,2.99,250.0,6849.455933,96.0,751.0,15.414999,-61.370976
Dominica,2013,98.31811,88.7,11.57,0.06,0.0,0.04,40.0,11020.252,3.07,170.0000018,7016.380071,96.0,751.0,15.414999,-61.370976
Dominica,2014,99.73655,88.9,9.97,0.07,0.0,0.03,30.0,11281.383,3.05,180.0000072,7317.486143,96.0,751.0,15.414999,-61.370976
Dominica,2015,99.82902,89.3,8.8,0.08,0.0,0.02,20.0,11610.774,3.12,180.0000072,7597.288894,96.0,751.0,15.414999,-61.370976
Dominica,2016,99.983536,89.3,10.88,0.07,0.0,0.04,36.363636,12128.221,3.12,180.0000072,8080.968623,96.0,751.0,15.414999,-61.370976
Dominica,2017,100.0,89.3,9.84,0.05,0.0,0.03,37.5,11274.687,3.02,170.0000018,7274.517731,96.0,751.0,15.414999,-61.370976
Dominica,2018,100.0,89.1,8.3,0.04,0.0,0.02,33.333336,11557.899,2.94,170.0000018,7687.462963,96.0,751.0,15.414999,-61.370976
Dominica,2019,100.0,89.3,8.05,0.07,0.0,0.02,22.222221,11049.87,2.97,170.0000018,8516.280039,96.0,751.0,15.414999,-61.370976
Dominica,2020,100.0,88.9,8.05,0.12,0.0,0.04,25.0,10056.246,2.97,170.0000018,7003.859021,96.0,751.0,15.414999,-61.370976
Dominican Republic,2000,88.76493,84.1,19.11,7.34,0.0,0.75,9.270704,10094.044,3.9,18670.0,2869.178139,225.0,48670.0,18.735693,-70.162651
Dominican Republic,2001,89.79136,84.7,18.89,9.07,0.0,0.7,7.1647897,9667.4,3.7,18980.0,2977.43451,225.0,48670.0,18.735693,-70.162651
Dominican Republic,2002,89.74982,85.5,17.94,10.98,0.0,0.87,7.341772,10064.789,3.87,20879.99916,3110.325447,225.0,48670.0,18.735693,-70.162651
Dominican Republic,2003,89.173805,86.05,18.94,11.38,0.0,1.19,9.466986,9104.642,3.53,18729.99954,2418.350422,225.0,48670.0,18.735693,-70.162651
Dominican Republic,2004,90.31657,86.4,20.67,9.58,0.0,1.6,14.31127,8357.8955,3.34,17280.00069,2487.329061,225.0,48670.0,18.735693,-70.162651
Dominican Republic,2005,90.14123,86.7,19.44,10.14,0.0,1.91,15.850622,9065.088,3.19,18690.00053,3932.784407,225.0,48670.0,18.735693,-70.162651
Dominican Republic,2006,90.11815,87.0,17.98,11.36,0.0,1.75,13.348589,8931.601,3.03,20370.00084,4109.033591,225.0,48670.0,18.735693,-70.162651
Dominican Republic,2007,96.87634,87.1,17.89,11.98,0.0,1.7,12.4269,9066.198,2.93,20629.99916,4707.795052,225.0,48670.0,18.735693,-70.162651
Dominican Republic,2008,97.576195,87.3,17.68,10.34,0.0,1.38,11.774744,8900.079,2.73,20579.99992,5087.983213,225.0,48670.0,18.735693,-70.162651
Dominican Republic,2009,97.85776,87.4,17.34,10.13,0.0,1.46,12.597066,8679.013,2.64,19659.99985,5039.403122,225.0,48670.0,18.735693,-70.162651
Dominican Republic,2010,98.14542,87.6,16.91,12.5,0.0,1.48,10.586553,8981.36,2.57,20680.00031,5555.392014,225.0,48670.0,18.735693,-70.162651
Dominican Republic,2011,97.89887,87.8,16.75,13.33,0.0,1.59,10.6568365,8723.768,2.54,20909.99985,5913.426649,225.0,48670.0,18.735693,-70.162651
Dominican Republic,2012,97.86705,87.9,16.48,13.86,0.0,1.93,12.222926,9560.256,2.54,21680.00031,6110.366576,225.0,48670.0,18.735693,-70.162651
Dominican Republic,2013,98.38586,88.2,16.55,14.54,0.0,2.19,13.090258,9002.167,2.36,21290.00092,6238.132367,225.0,48670.0,18.735693,-70.162651
Dominican Republic,2014,98.47098,88.5,17.28,14.63,0.0,1.64,10.079902,8537.962,2.19,21450.00076,6608.825501,225.0,48670.0,18.735693,-70.162651
Dominican Republic,2015,98.56036,89.0,14.88,15.59,0.0,1.32,7.806032,9354.642,2.21,23590.00015,6921.520594,225.0,48670.0,18.735693,-70.162651
Dominican Republic,2016,98.9,89.5,15.31,16.53,0.0,2.14,11.462239,9835.123,2.21,24590.00015,7280.88361,225.0,48670.0,18.735693,-70.162651
Dominican Republic,2017,100.0,90.0,16.87,16.07,0.0,2.94,15.465545,9591.366,2.09,23549.99924,7609.353275,225.0,48670.0,18.735693,-70.162651
Dominican Republic,2018,98.9,90.4,15.95,16.89,0.0,2.74,13.958228,10487.733,2.06,25309.99947,8050.644076,225.0,48670.0,18.735693,-70.162651
Dominican Republic,2019,99.0,90.9,13.98,16.91,0.0,2.36,12.247015,11098.332,2.08,27229.99954,8282.117131,225.0,48670.0,18.735693,-70.162651
Dominican Republic,2020,100.0,91.5,13.98,13.74,0.0,2.9,17.427885,9496.668,2.08,27229.99954,7268.19691,225.0,48670.0,18.735693,-70.162651
Ecuador,2000,93.73226,87.8,19.43,2.82,0.0,7.53,72.753624,8246.84,3.27,22050.0,1445.279324,71.0,283561.0,-1.831239,-78.183406
Ecuador,2001,94.02462,88.75,17.05,3.74,0.0,7.0,65.17691,8211.651,3.35,24250.0,1894.616196,71.0,283561.0,-1.831239,-78.183406
Ecuador,2002,94.30939,89.8,17.1,4.1,0.0,7.45,64.50217,7965.1455,3.48,24170.00008,2172.101877,71.0,283561.0,-1.831239,-78.183406
Ecuador,2003,94.973045,90.6,16.55,4.11,0.0,7.11,63.368984,8014.88,3.73,24659.99985,2425.851842,71.0,283561.0,-1.831239,-78.183406
Ecuador,2004,94.86557,91.1,16.73,5.59,0.0,7.5,57.295647,8426.991,3.54,26180.00031,2691.277685,71.0,283561.0,-1.831239,-78.183406
Ecuador,2005,95.83265,91.7,16.16,5.09,0.0,7.07,58.14145,8767.223,3.65,28219.99931,3002.138604,71.0,283561.0,-1.831239,-78.183406
Ecuador,2006,96.31526,92.3,14.19,6.17,0.0,7.35,54.363903,9114.504,3.43,30129.99916,3328.884156,71.0,283561.0,-1.831239,-78.183406
Ecuador,2007,96.812614,92.7,15.88,7.33,0.0,9.26,55.816757,9420.017,3.69,30639.99939,3567.837186,71.0,283561.0,-1.831239,-78.183406
Ecuador,2008,97.20657,93.05,15.32,6.68,0.0,11.58,63.417305,9883.912,3.07,31690.00053,4249.01897,71.0,283561.0,-1.831239,-78.183406
Ecuador,2009,96.47086,93.3,12.87,8.36,0.0,9.57,53.374233,9482.964,3.39,34500.0,4231.619235,71.0,283561.0,-1.831239,-78.183406
Ecuador,2010,97.46214,93.6,11.79,9.77,0.0,9.0,47.948853,10353.473,3.47,37250.0,4633.591284,71.0,283561.0,-1.831239,-78.183406
Ecuador,2011,96.872696,93.9,13.15,8.47,0.0,11.41,57.394367,10805.037,3.38,37099.99847,5200.555108,71.0,283561.0,-1.831239,-78.183406
Ecuador,2012,97.19493,94.0,13.2,9.57,0.0,12.54,56.716415,11233.192,3.17,37090.00015,5682.046108,71.0,283561.0,-1.831239,-78.183406
Ecuador,2013,98.034676,94.1,11.85,10.98,0.0,11.46,51.06952,11416.987,3.21,39700.00076,6056.331213,71.0,283561.0,-1.831239,-78.183406
Ecuador,2014,98.97607,94.3,12.18,11.36,0.0,12.09,51.556503,11816.219,3.38,41799.99924,6377.093929,71.0,283561.0,-1.831239,-78.183406
Ecuador,2015,98.82588,94.4,13.07,11.34,0.0,13.74,54.78469,11610.723,3.26,41520.00046,6124.490887,71.0,283561.0,-1.831239,-78.183406
Ecuador,2016,98.7,94.4,14.75,10.77,0.0,16.37,60.316883,11399.546,3.16,39810.00137,6060.092962,71.0,283561.0,-1.831239,-78.183406
Ecuador,2017,99.2,94.4,17.05,7.4,0.0,20.44,73.41954,11658.197,3.18,38549.99924,6213.503127,71.0,283561.0,-1.831239,-78.183406
Ecuador,2018,98.7,94.5,16.33,7.97,0.0,21.06,72.54564,12100.159,3.1,40139.99939,6295.934662,71.0,283561.0,-1.831239,-78.183406
Ecuador,2019,99.09,94.45,17.73,7.09,0.0,25.2,78.04273,12160.402,3.26,39290.00092,6222.524653,71.0,283561.0,-1.831239,-78.183406
Ecuador,2020,98.85,94.3,17.73,6.45,0.0,24.83,79.37979,10374.727,3.26,39290.00092,5600.389615,71.0,283561.0,-1.831239,-78.183406
El Salvador,2000,84.51925,57.9,33.51,1.7,0.0,2.03,54.42359,4934.59,3.47,5630.0,2001.540049,313.0,21041.0,13.794185,-88.89653
El Salvador,2001,87.06383,59.95,33.11,1.46,0.0,2.33,61.477573,5098.644,3.65,5870.0,2072.301591,313.0,21041.0,13.794185,-88.89653
El Salvador,2002,87.54906,62.0,34.02,1.57,0.0,2.4,60.453403,5202.2905,3.69,5940.000057,2124.10182,313.0,21041.0,13.794185,-88.89653
El Salvador,2003,86.96115,63.9,33.85,1.46,0.0,2.81,65.80796,5536.21,3.9,6510.000229,2209.497245,313.0,21041.0,13.794185,-88.89653
El Salvador,2004,87.35705,65.8,33.33,1.61,0.0,2.73,62.903225,5513.2593,3.9,6679.999828,2278.43033,313.0,21041.0,13.794185,-88.89653
El Salvador,2005,87.52584,67.7,34.08,1.64,0.0,3.07,65.180466,5701.853,3.89,6840.000153,2428.568879,313.0,21041.0,13.794185,-88.89653
El Salvador,2006,89.20147,69.4,34.76,2.11,0.0,3.49,62.32143,6029.882,3.98,7239.999771,2631.822739,313.0,21041.0,13.794185,-88.89653
El Salvador,2007,91.10956,71.4,28.24,2.21,0.0,3.51,61.36364,6277.061,3.95,7630.000114,2786.157774,313.0,21041.0,13.794185,-88.89653
El Salvador,2008,91.00023,73.1,31.5,2.08,0.0,3.91,65.27546,6136.0747,3.91,6909.999847,2933.39424,313.0,21041.0,13.794185,-88.89653
El Salvador,2009,91.08402,75.1,32.2,2.38,0.0,3.47,59.31624,5893.16,3.93,6679.999828,2858.483344,313.0,21041.0,13.794185,-88.89653
El Salvador,2010,91.58024,76.8,32.62,2.0,0.0,3.97,66.49917,6082.846,3.91,6539.999962,2983.228806,313.0,21041.0,13.794185,-88.89653
El Salvador,2011,92.574684,78.7,29.52,1.97,0.0,4.12,67.651886,6068.4243,3.75,6780.00021,3266.010978,313.0,21041.0,13.794185,-88.89653
El Salvador,2012,93.68057,80.3,30.27,2.08,0.0,4.18,66.773155,6096.5063,3.71,6769.999981,3428.409332,313.0,21041.0,13.794185,-88.89653
El Salvador,2013,95.043106,82.1,27.54,2.15,0.0,4.12,65.70973,5903.0894,3.43,6460.000038,3509.526536,313.0,21041.0,13.794185,-88.89653
El Salvador,2014,95.12542,84.0,23.95,2.1,0.0,4.14,66.34615,6015.019,3.33,6590.000153,3589.042885,313.0,21041.0,13.794185,-88.89653
El Salvador,2015,95.4,85.5,21.03,2.44,0.0,3.57,59.400997,6200.172,3.39,7000.0,3705.579704,313.0,21041.0,13.794185,-88.89653
El Salvador,2016,96.0,86.9,20.71,2.34,0.0,3.68,61.12957,6231.5947,3.38,7170.000076,3805.995686,313.0,21041.0,13.794185,-88.89653
El Salvador,2017,96.8,88.2,24.99,1.55,0.0,3.94,71.76685,6173.1143,3.25,6380.000114,3910.254403,313.0,21041.0,13.794185,-88.89653
El Salvador,2018,97.0,89.4,23.21,1.38,0.0,3.95,74.10882,6645.676,3.27,6809.999943,4052.624775,313.0,21041.0,13.794185,-88.89653
El Salvador,2019,97.36,90.75,19.39,1.84,0.0,4.15,69.28214,7271.5205,3.37,7800.000191,4167.730939,313.0,21041.0,13.794185,-88.89653
El Salvador,2020,100.0,91.8,19.39,1.29,0.0,4.97,79.39297,6715.608,3.37,7800.000191,3798.636521,313.0,21041.0,13.794185,-88.89653
Equatorial Guinea,2000,65.55956,19.0,45.85,0.08,0.0,0.01,11.111111,4751.2705,1.57,2220.0,1725.557584,50.0,28051.0,1.650801,10.267895
Equatorial Guinea,2001,65.57119,19.5,46.12,0.05,0.0,0.01,16.666668,2574.472,1.03,3400.0,2313.165937,50.0,28051.0,1.650801,10.267895
Equatorial Guinea,2002,65.57523,19.4,31.31,0.1,0.0,0.01,9.090909,37471.24,1.25,4630.000114,2744.191483,50.0,28051.0,1.650801,10.267895
Equatorial Guinea,2003,65.57404,19.6,29.49,0.11,0.0,0.01,8.333334,38771.44,1.26,5010.000229,3618.544476,50.0,28051.0,1.650801,10.267895
Equatorial Guinea,2004,65.56997,20.1,7.2,0.16,0.0,0.01,5.882353,7523.655,3.16,6199.999809,6152.131238,50.0,28051.0,1.650801,10.267895
Equatorial Guinea,2005,65.56535,20.8,7.1,0.19,0.0,0.01,5.0,26154.957,2.7,8319.999695,10963.40638,50.0,28051.0,1.650801,10.267895
Equatorial Guinea,2006,65.562614,21.3,6.99,0.25,0.0,0.01,3.846154,30517.992,2.57,9369.999886,12857.36882,50.0,28051.0,1.650801,10.267895
Equatorial Guinea,2007,65.56439,21.7,8.49,0.31,0.0,0.01,3.125,32212.723,1.9,8539.999962,15908.41119,50.0,28051.0,1.650801,10.267895
Equatorial Guinea,2008,65.57341,22.1,7.23,0.41,0.0,0.05,10.869565,30431.822,1.82,9779.999733,22942.6101,50.0,28051.0,1.650801,10.267895
Equatorial Guinea,2009,65.59236,22.5,9.24,0.46,0.0,0.05,9.803922,30738.887,1.44,9710.000038,16668.1217,50.0,28051.0,1.650801,10.267895
Equatorial Guinea,2010,66.157265,22.7,5.74,0.55,0.0,0.03,5.172414,28152.885,2.36,9949.999809,17288.8426,50.0,28051.0,1.650801,10.267895
Equatorial Guinea,2011,66.1,23.35,5.58,0.62,0.0,0.03,4.6153846,28943.424,2.28,9989.999771,21641.6939,50.0,28051.0,1.650801,10.267895
Equatorial Guinea,2012,65.73595,24.0,4.42,0.67,0.0,0.08,10.666667,26990.076,2.71,9819.999695,21711.15159,50.0,28051.0,1.650801,10.267895
Equatorial Guinea,2013,65.82081,23.6,3.68,0.71,0.0,0.25,26.041668,26720.799,3.48,9180.000305,20390.73727,50.0,28051.0,1.650801,10.267895
Equatorial Guinea,2014,65.92347,23.9,4.2,0.71,0.0,0.38,34.862385,24158.016,3.22,7909.999847,19394.08066,50.0,28051.0,1.650801,10.267895
Equatorial Guinea,2015,66.04098,24.0,4.56,0.83,0.0,0.47,36.153847,20745.453,3.27,6570.000172,11283.39805,50.0,28051.0,1.650801,10.267895
Equatorial Guinea,2016,66.17036,23.9,3.95,0.93,0.0,0.47,33.57143,19728.445,4.05,6659.999847,9250.316493,50.0,28051.0,1.650801,10.267895
Equatorial Guinea,2017,66.30864,24.2,3.54,0.9,0.0,0.44,32.83582,21365.682,4.7,5800.000191,9667.857801,50.0,28051.0,1.650801,10.267895
Equatorial Guinea,2018,66.45286,24.1,4.91,0.91,0.0,0.44,32.59259,18711.834,3.72,6429.999828,10005.61679,50.0,28051.0,1.650801,10.267895
Equatorial Guinea,2019,66.600044,24.0,6.58,0.95,0.0,0.45,32.142857,17644.693,3.01,5349.999905,8419.933336,50.0,28051.0,1.650801,10.267895
Equatorial Guinea,2020,66.74773,24.5,6.58,0.92,0.0,0.49,34.751774,11328.123,3.01,5349.999905,7143.238705,50.0,28051.0,1.650801,10.267895
Eritrea,2000,29.25451,3.5,76.62,0.2,0.0,0.0,0.0,1086.2354,5.2023726,640.0,308.1341868,35.0,117600.0,15.179384,39.782334
Eritrea,2001,30.352562,3.9,74.68,0.22,0.0,0.0,0.0,1156.5769,5.0121975,700.0,316.8239534,35.0,117600.0,15.179384,39.782334
Eritrea,2002,32.2,4.4,74.67,0.24,0.0,0.0,0.0,1019.1684,4.909889,680.0000072,293.9556724,35.0,117600.0,15.179384,39.782334
Eritrea,2003,32.52826,4.9,74.89,0.26,0.0,0.0,0.0,1172.7673,5.4014144,689.9999976,334.5855715,35.0,117600.0,15.179384,39.782334
Eritrea,2004,33.610603,5.4,69.91,0.27,0.0,0.0,0.0,1226.452,4.9394093,680.0000072,407.769077,35.0,117600.0,15.179384,39.782334
Eritrea,2005,34.69241,5.8,74.65,0.27,0.0,0.0,0.0,1197.5035,4.9345207,600.0000238,388.5959475,35.0,117600.0,15.179384,39.782334
Eritrea,2006,35.776093,6.4,78.34,0.25,0.0,0.0,0.0,809.80237,4.539425,519.9999809,415.0360305,35.0,117600.0,15.179384,39.782334
Eritrea,2007,36.864292,6.8,79.8,0.27,0.0,0.0,0.0,818.4819,4.6222405,509.9999905,439.8321034,35.0,117600.0,15.179384,39.782334
Eritrea,2008,37.959724,7.4,81.72,0.27,0.0,0.0,0.0,569.351,4.8200603,449.9999881,450.6323989,35.0,117600.0,15.179384,39.782334
Eritrea,2009,39.065098,7.7,81.63,0.28,0.0,0.0,0.0,670.50433,4.9659696,469.9999988,595.1099872,35.0,117600.0,15.179384,39.782334
Eritrea,2010,40.18312,8.0,81.07,0.29,0.0,0.0,0.0,654.88983,4.987259,500.0,501.355317,35.0,117600.0,15.179384,39.782334
Eritrea,2011,41.3165,8.3,79.71,0.3,0.0,0.0,0.0,655.3532,4.705405,569.9999928,642.5082588,35.0,117600.0,15.179384,39.782334
Eritrea,2012,42.46795,8.6,78.14,0.31,0.0,0.0,0.0,686.76117,4.8085546,620.0000048,642.5082588,35.0,117600.0,15.179384,39.782334
Eritrea,2013,43.63923,8.9,78.14,0.32,0.0,0.0,0.0,691.8338,4.868904,639.9999857,642.5082588,35.0,117600.0,15.179384,39.782334
Eritrea,2014,44.828312,8.9,77.8,0.32,0.0,0.0,0.0,716.5409,4.741397,649.9999762,642.5082588,35.0,117600.0,15.179384,39.782334
Eritrea,2015,46.03224,9.0,77.56,0.33,0.0,0.0,0.0,707.84283,4.8289723,649.9999762,642.5082588,35.0,117600.0,15.179384,39.782334
Eritrea,2016,47.24804,9.0,77.31,0.34,0.0,0.0,0.0,715.03436,4.8289723,660.0000262,642.5082588,35.0,117600.0,15.179384,39.782334
Eritrea,2017,48.472744,9.2,75.37,0.4,0.0,0.01,2.4390244,778.28644,4.8289723,720.0000286,642.5082588,35.0,117600.0,15.179384,39.782334
Eritrea,2018,49.703384,9.1,74.03,0.42,0.0,0.01,2.3255813,876.1487,4.8289723,850.0000238,642.5082588,35.0,117600.0,15.179384,39.782334
Eritrea,2019,50.936993,9.2,73.67,0.43,0.0,0.01,2.2727273,936.4785,4.8289723,879.9999952,642.5082588,35.0,117600.0,15.179384,39.782334
Eritrea,2020,52.171097,9.3,73.67,0.41,0.0,0.01,2.3809524,881.5875,4.8289723,879.9999952,642.5082588,35.0,117600.0,15.179384,39.782334
Estonia,2000,100.0,100.0,19.83,8.5,0.0,0.01,0.11750881,39722.04,7.95,14920.0,4070.609024,31.0,45228.0,58.595272,25.013607
Estonia,2001,100.0,100.0,18.93,8.47,0.0,0.02,0.23557127,41673.484,7.83,15380.0,4505.858332,31.0,45228.0,58.595272,25.013607
Estonia,2002,100.0,100.0,19.41,8.5,0.0,0.03,0.3516999,41766.36,7.01,14949.99981,5341.628947,31.0,45228.0,58.595272,25.013607
Estonia,2003,100.0,100.0,19.82,10.11,0.0,0.05,0.492126,45834.83,7.21,16940.00053,7203.523038,31.0,45228.0,58.595272,25.013607
Estonia,2004,100.0,100.0,19.97,10.25,0.0,0.06,0.58195925,47047.777,6.88,17020.00046,8914.103557,31.0,45228.0,58.595272,25.013607
Estonia,2005,100.0,100.0,18.85,10.09,0.0,0.11,1.0784314,47588.28,6.18,17229.99954,10412.64431,31.0,45228.0,58.595272,25.013607
Estonia,2006,100.0,100.0,17.18,9.6,0.0,0.13,1.3360741,47286.48,5.49,15979.99954,12639.40007,31.0,45228.0,58.595272,25.013607
Estonia,2007,100.0,100.0,18.56,12.04,0.0,0.14,1.1494253,55017.598,5.71,19979.99954,16744.58445,31.0,45228.0,58.595272,25.013607
Estonia,2008,100.0,100.0,20.29,10.38,0.0,0.2,1.8903592,50750.434,5.81,18399.99962,18204.96648,31.0,45228.0,58.595272,25.013607
Estonia,2009,100.0,100.0,24.13,8.24,0.0,0.54,6.1503425,43997.6,6.02,15050.00019,14711.73527,31.0,45228.0,58.595272,25.013607
Estonia,2010,100.0,100.0,25.35,11.92,0.0,1.05,8.095605,54935.6,6.77,19000.0,14663.04461,31.0,45228.0,58.595272,25.013607
Estonia,2011,100.0,100.0,24.98,11.71,0.0,1.18,9.154383,54965.695,6.3,18170.00008,17464.92008,31.0,45228.0,58.595272,25.013607
Estonia,2012,100.0,100.0,24.88,10.49,0.0,1.47,12.29097,55555.875,6.0,16889.99939,17404.2008,31.0,45228.0,58.595272,25.013607
Estonia,2013,100.0,100.0,24.43,12.05,0.0,1.23,9.262049,58773.523,6.54,19319.99969,19050.58592,31.0,45228.0,58.595272,25.013607
Estonia,2014,100.0,100.0,25.3,11.06,0.0,1.39,11.164659,56413.82,6.02,17940.00053,20234.11742,31.0,45228.0,58.595272,25.013607
Estonia,2015,100.0,100.0,28.16,8.59,0.0,1.56,15.369459,52196.047,5.59,15539.99996,17395.04062,31.0,45228.0,58.595272,25.013607
Estonia,2016,100.0,100.0,27.24,10.58,0.0,1.59,13.064914,53774.246,5.94,15989.99977,18282.92339,31.0,45228.0,58.595272,25.013607
Estonia,2017,100.0,100.0,27.53,11.3,0.0,1.86,14.1337385,59568.55,5.36,16709.99908,20387.28315,31.0,45228.0,58.595272,25.013607
Estonia,2018,100.0,100.0,28.59,10.38,0.0,1.99,16.087309,58899.945,5.54,15319.99969,23052.30126,31.0,45228.0,58.595272,25.013607
Estonia,2019,100.0,100.0,31.29,5.47,0.0,2.14,28.120895,47295.336,4.49,10180.00031,23397.12001,31.0,45228.0,58.595272,25.013607
Estonia,2020,100.0,100.0,31.29,3.11,0.0,2.97,48.848686,44218.28,4.49,10180.00031,23027.027,31.0,45228.0,58.595272,25.013607
Eswatini,2000,20.195763,24.3,59.39,0.06,0.0,0.55,90.16393,6083.903,6.23,690.0,1728.710498,67.0,17364.0,-26.522503,31.465866
Eswatini,2001,26.9,25.4,61.24,0.06,0.0,0.57,90.47619,6071.866,5.98,610.0,1521.769075,67.0,17364.0,-26.522503,31.465866
Eswatini,2002,25.80867,26.4,63.65,0.06,0.0,0.59,90.769226,6199.8135,5.89,620.0000048,1405.448706,67.0,17364.0,-26.522503,31.465866
Eswatini,2003,28.606096,27.8,65.59,0.06,0.0,0.5,89.28571,5659.059,5.66,629.9999952,2148.632475,67.0,17364.0,-26.522503,31.465866
Eswatini,2004,31.400637,29.3,65.64,0.06,0.0,0.47,88.67925,5462.625,5.45,629.9999952,2699.130742,67.0,17364.0,-26.522503,31.465866
Eswatini,2005,34.19464,30.1,66.56,0.06,0.0,0.54,90.0,5620.2163,5.32,660.0000262,3083.838141,67.0,17364.0,-26.522503,31.465866
Eswatini,2006,35.2,31.8,71.42,0.06,0.0,0.54,90.0,5687.314,5.76,649.9999762,3176.691168,67.0,17364.0,-26.522503,31.465866
Eswatini,2007,39.790913,33.7,71.35,0.06,0.0,0.57,90.47619,5892.16,5.64,660.0000262,3327.445134,67.0,17364.0,-26.522503,31.465866
Eswatini,2008,42.59854,35.3,72.68,0.06,0.0,0.54,90.0,5664.233,5.61,629.9999952,3137.387266,67.0,17364.0,-26.522503,31.465866
Eswatini,2009,38.6,37.1,70.83,0.06,0.0,0.57,90.47619,5503.006,5.52,699.9999881,3385.858846,67.0,17364.0,-26.522503,31.465866
Eswatini,2010,45.552338,39.1,72.39,0.06,0.0,0.58,90.625,5146.958,5.22,649.9999762,4168.489403,67.0,17364.0,-26.522503,31.465866
Eswatini,2011,51.148006,41.0,72.52,0.03,0.0,0.68,95.77465,5236.0625,5.18,660.0000262,4496.613361,67.0,17364.0,-26.522503,31.465866
Eswatini,2012,54.366226,42.7,71.41,0.04,0.0,0.7,94.5946,5162.853,5.08,680.0000072,4527.565039,67.0,17364.0,-26.522503,31.465866
Eswatini,2013,57.562515,44.2,69.7,0.04,0.0,0.77,95.06173,5053.2617,5.39,750.0,4230.171266,67.0,17364.0,-26.522503,31.465866
Eswatini,2014,65.0,46.3,71.67,0.04,0.0,0.61,93.84616,5096.1387,4.74,750.0,4039.159341,67.0,17364.0,-26.522503,31.465866
Eswatini,2015,64.01241,47.6,71.68,0.04,0.0,0.51,92.72727,5016.5044,4.99,769.9999809,3680.349473,67.0,17364.0,-26.522503,31.465866
Eswatini,2016,63.43,49.2,69.61,0.04,0.0,0.52,92.85714,5267.826,5.28,839.9999738,3425.531957,67.0,17364.0,-26.522503,31.465866
Eswatini,2017,73.5,50.6,65.54,0.04,0.0,0.63,94.02985,5553.8486,4.44,889.9999857,3914.418484,67.0,17364.0,-26.522503,31.465866
Eswatini,2018,73.91578,52.4,66.07,0.04,0.0,0.71,94.666664,5823.5767,4.5,910.0000262,4105.893683,67.0,17364.0,-26.522503,31.465866
Eswatini,2019,76.86944,53.8,65.95,0.04,0.0,0.67,94.3662,5780.252,4.67,959.9999785,3915.643467,67.0,17364.0,-26.522503,31.465866
Eswatini,2020,79.7305,55.4,65.95,0.04,0.0,0.7,94.5946,5614.8906,4.67,959.9999785,3424.282212,67.0,17364.0,-26.522503,31.465866
Ethiopia,2000,12.7,0.9,95.55,0.06,0.0,1.64,96.47059,287.99124,21.38,3560.0,124.4607909,115.0,1104300.0,9.145,40.489673
Ethiopia,2001,10.162491,0.9,94.6,0.06,0.0,1.98,97.05882,304.5467,20.52,4400.0,120.7657837,115.0,1104300.0,9.145,40.489673
Ethiopia,2002,11.854834,1.0,94.53,0.06,0.0,2.01,97.101456,303.84665,20.82,4570.000172,111.9272251,115.0,1104300.0,9.145,40.489673
Ethiopia,2003,13.541941,1.0,94.23,0.06,0.0,2.27,97.4249,319.22073,21.97,5019.999981,119.490396,115.0,1104300.0,9.145,40.489673
Ethiopia,2004,15.226162,1.1,94.13,0.06,0.0,2.51,97.665375,331.65744,19.93,5329.999924,136.46625,115.0,1104300.0,9.145,40.489673
Ethiopia,2005,14.0,1.1,94.73,0.06,0.0,2.82,97.916664,370.1885,18.24,5050.000191,162.4327286,115.0,1104300.0,9.145,40.489673
Ethiopia,2006,18.595404,1.3,94.54,0.06,0.0,3.24,98.181816,394.91357,16.97,5400.000095,194.6874329,115.0,1104300.0,9.145,40.489673
Ethiopia,2007,20.28548,1.4,94.16,0.17,0.0,3.37,95.19774,424.85315,15.73,5960.000038,244.2860523,115.0,1104300.0,9.145,40.489673
Ethiopia,2008,21.98279,1.6,94.09,0.44,0.0,3.31,88.26667,432.32028,14.65,6489.999771,326.4368228,115.0,1104300.0,9.145,40.489673
Ethiopia,2009,23.690039,1.9,94.18,0.42,0.0,3.55,89.420654,434.64044,13.85,6530.00021,380.5690032,115.0,1104300.0,9.145,40.489673
Ethiopia,2010,25.409937,2.1,94.11,0.08,0.0,4.91,98.3968,468.26212,12.65,6469.99979,341.5541227,115.0,1104300.0,9.145,40.489673
Ethiopia,2011,23.0,2.5,93.56,0.07,0.0,6.25,98.8924,514.24506,11.8,7539.999962,354.4795719,115.0,1104300.0,9.145,40.489673
Ethiopia,2012,28.89852,2.9,93.3,0.04,0.0,7.51,99.4702,557.1035,11.19,8479.999542,467.0778718,115.0,1104300.0,9.145,40.489673
Ethiopia,2013,30.671673,3.2,92.49,0.03,0.0,8.64,99.653984,632.63324,10.51,10079.99992,499.5315302,115.0,1104300.0,9.145,40.489673
Ethiopia,2014,27.2,3.7,91.25,0.02,0.0,9.45,99.7888,697.6292,9.94,12340.00015,566.9264029,115.0,1104300.0,9.145,40.489673
Ethiopia,2015,29.0,4.3,91.56,0.02,0.0,10.37,99.8075,715.42474,9.21,12890.00034,640.5419231,115.0,1104300.0,9.145,40.489673
Ethiopia,2016,42.9,4.9,90.49,0.01,0.0,12.46,99.91981,807.2398,8.72,14970.00027,717.1248698,115.0,1104300.0,9.145,40.489673
Ethiopia,2017,44.3,5.45,90.22,0.01,0.0,13.12,99.923836,794.97723,8.2,15819.99969,768.5230154,115.0,1104300.0,9.145,40.489673
Ethiopia,2018,44.9406,6.2,89.42,0.01,0.0,13.78,99.92748,823.5834,7.88,17239.99977,771.5248663,115.0,1104300.0,9.145,40.489673
Ethiopia,2019,48.06359,7.0,88.92,0.01,0.0,14.22,99.929726,921.99115,7.53,18360.00061,855.7608852,115.0,1104300.0,9.145,40.489673
Ethiopia,2020,51.093983,7.8,88.92,0.01,0.0,14.22,99.929726,860.0999,7.53,18360.00061,936.3404611,115.0,1104300.0,9.145,40.489673
Fiji,2000,75.72492,28.2,50.06,0.18,0.0,0.44,70.96774,9308.956,2.75,810.0,2069.317455,49.0,18274.0,-17.713371,178.065032
Fiji,2001,77.00068,28.15,40.44,0.17,0.0,0.5,74.62686,9574.995,2.97,1040.0,2030.246351,49.0,18274.0,-17.713371,178.065032
Fiji,2002,79.63,28.2,48.98,0.21,0.0,0.5,70.42254,8027.728,2.69,879.9999952,2248.714191,49.0,18274.0,-17.713371,178.065032
Fiji,2003,80.0,28.3,40.83,0.31,0.0,0.41,56.944443,8717.398,2.79,1049.999952,2818.91392,49.0,18274.0,-17.713371,178.065032
Fiji,2004,80.79184,28.5,35.72,0.31,0.0,0.44,58.666668,11433.929,3.27,1470.000029,3311.159895,49.0,18274.0,-17.713371,178.065032
Fiji,2005,82.05135,28.7,40.02,0.37,0.0,0.42,53.164555,9695.102,2.72,1289.999962,3627.632856,49.0,18274.0,-17.713371,178.065032
Fiji,2006,83.31274,29.2,39.07,0.39,0.0,0.45,53.57143,10524.99,2.91,1379.999995,3715.932657,49.0,18274.0,-17.713371,178.065032
Fiji,2007,88.9,29.6,36.04,0.27,0.0,0.6,68.96552,10062.741,2.7,1259.99999,4040.152119,49.0,18274.0,-17.713371,178.065032
Fiji,2008,86.16,30.2,40.89,0.26,0.0,0.62,70.454544,7890.7285,2.15,970.0000286,4167.694935,49.0,18274.0,-17.713371,178.065032
Fiji,2009,87.134865,31.0,40.09,0.28,0.0,0.58,67.44186,6803.4795,1.93,970.0000286,3362.820495,49.0,18274.0,-17.713371,178.065032
Fiji,2010,89.24858,31.9,26.49,0.35,0.0,0.55,61.111115,9167.494,2.29,1159.999967,3652.535933,49.0,18274.0,-17.713371,178.065032
Fiji,2011,90.146126,33.2,31.15,0.3,0.0,0.56,65.11628,7085.0757,2.23,1110.000014,4371.447385,49.0,18274.0,-17.713371,178.065032
Fiji,2012,91.07083,34.5,31.73,0.24,0.0,0.62,72.093025,7121.2935,2.11,1029.999971,4591.577015,49.0,18274.0,-17.713371,178.065032
Fiji,2013,91.75,36.6,32.81,0.27,0.0,0.61,69.318184,7502.866,2.19,1129.999995,4840.72727,49.0,18274.0,-17.713371,178.065032
Fiji,2014,93.786606,38.1,33.17,0.38,0.0,0.53,58.241753,7886.4253,2.33,1289.999962,5605.609148,49.0,18274.0,-17.713371,178.065032
Fiji,2015,95.16824,40.3,32.74,0.43,0.0,0.53,55.208332,8231.743,2.3,1379.999995,5390.714207,49.0,18274.0,-17.713371,178.065032
Fiji,2016,96.561745,42.4,27.68,0.36,0.0,0.6,62.500004,8094.5083,2.01,1519.999981,5651.272721,49.0,18274.0,-17.713371,178.065032
Fiji,2017,96.0,44.6,28.55,0.41,0.0,0.64,60.952385,8787.309,2.15,1649.999976,6101.02389,49.0,18274.0,-17.713371,178.065032
Fiji,2018,99.372505,46.7,25.8,0.38,0.0,0.71,65.13761,9316.589,2.12,1629.999995,6317.41372,49.0,18274.0,-17.713371,178.065032
Fiji,2019,99.71588,49.4,26.48,0.42,0.0,0.71,62.83186,9417.632,2.15,1629.999995,6175.890653,49.0,18274.0,-17.713371,178.065032
Fiji,2020,100.0,51.4,26.48,0.4,0.0,0.7,63.636364,9030.606,2.15,1629.999995,5057.631913,49.0,18274.0,-17.713371,178.065032
Finland,2000,100.0,100.0,31.68,23.93,22.48,23.38,65.71142,69377.0,6.57,55100.0,24285.46682,18.0,338145.0,61.92411,25.748151
Finland,2001,100.0,100.0,29.25,29.98,22.77,21.54,59.644634,70719.58,6.57,61090.0,24946.18919,18.0,338145.0,61.92411,25.748151
Finland,2002,100.0,100.0,29.52,32.6,22.3,19.83,56.376286,70908.92,6.79,63439.99863,26869.6749,18.0,338145.0,61.92411,25.748151
Finland,2003,100.0,100.0,28.35,42.29,22.73,19.06,49.702663,75758.37,7.02,71709.99908,32855.13263,18.0,338145.0,61.92411,25.748151
Finland,2004,100.0,100.0,31.1,37.25,22.72,25.63,56.483646,75218.67,6.83,67680.00031,37702.84538,18.0,338145.0,61.92411,25.748151
Finland,2005,100.0,100.0,31.52,23.6,23.27,23.46,66.44391,68155.33,6.13,55459.99908,39040.28888,18.0,338145.0,61.92411,25.748151
Finland,2006,100.0,100.0,31.25,36.68,22.91,22.46,55.29555,72824.555,6.41,67019.99664,41188.0937,18.0,338145.0,61.92411,25.748151
Finland,2007,100.0,100.0,31.8,33.18,23.42,24.32,58.99654,72265.94,6.0,65099.99847,48414.84509,18.0,338145.0,61.92411,25.748151
Finland,2008,100.0,100.0,34.61,26.25,22.96,27.77,65.90023,69352.664,5.71,56659.99985,53554.03892,18.0,338145.0,61.92411,25.748151
Finland,2009,100.0,100.0,32.46,26.55,23.53,21.7,63.011982,63925.77,5.86,54180.00031,47293.99283,18.0,338145.0,61.92411,25.748151
Finland,2010,100.0,100.0,33.43,33.36,22.8,24.18,58.47648,69228.28,6.22,62529.99878,46459.97325,18.0,338145.0,61.92411,25.748151
Finland,2011,100.0,100.0,35.14,25.84,23.19,24.18,64.70428,64942.777,5.83,55119.99893,51081.99767,18.0,338145.0,61.92411,25.748151
Finland,2012,100.0,100.0,38.72,18.54,22.99,28.56,73.5483,62886.45,5.71,49409.99985,47710.79022,18.0,338145.0,61.92411,25.748151
Finland,2013,100.0,100.0,38.52,21.74,23.61,25.63,69.37165,62843.996,5.67,50189.99863,49878.04324,18.0,338145.0,61.92411,25.748151
Finland,2014,100.0,100.0,41.25,17.95,23.58,26.28,73.528984,60391.24,5.81,46159.99985,50260.29986,18.0,338145.0,61.92411,25.748151
Finland,2015,100.0,100.0,43.23,14.58,23.25,30.53,78.67174,60022.977,5.5,42819.99969,42784.69836,18.0,338145.0,61.92411,25.748151
Finland,2016,100.0,100.0,42.4,14.87,23.2,30.41,78.28563,60795.297,5.55,45700.00076,43784.28396,18.0,338145.0,61.92411,25.748151
Finland,2017,100.0,100.0,44.48,13.17,22.48,31.48,80.381355,59405.816,5.34,43020.00046,46297.49635,18.0,338145.0,61.92411,25.748151
Finland,2018,100.0,100.0,44.17,15.05,22.79,32.14,78.49385,60528.164,5.37,44580.00183,49964.49991,18.0,338145.0,61.92411,25.748151
Finland,2019,100.0,100.0,45.76,12.63,23.87,31.88,81.52969,59219.418,5.19,40709.99908,48628.64176,18.0,338145.0,61.92411,25.748151
Finland,2020,100.0,100.0,45.76,9.82,23.29,35.93,85.77636,56636.78,5.19,40709.99908,48744.98813,18.0,338145.0,61.92411,25.748151
France,2000,100.0,100.0,9.32,50.61,415.16,67.83,90.51537,52966.594,4.36,373120.0,22364.02939,119.0,643801.0,46.227638,2.213749
France,2001,100.0,100.0,9.46,46.48,421.08,76.09,91.45038,53298.86,4.42,376730.0,22433.55498,119.0,643801.0,46.227638,2.213749
France,2002,100.0,100.0,8.73,52.67,436.76,62.69,90.46041,52433.27,4.38,371019.989,24177.33556,119.0,643801.0,46.227638,2.213749
France,2003,100.0,100.0,8.91,57.38,441.07,61.47,89.75211,52657.883,4.45,376709.9915,29568.3888,119.0,643801.0,46.227638,2.213749
France,2004,100.0,100.0,8.95,56.53,448.24,62.42,90.033325,52754.13,4.39,377790.0085,33741.26192,119.0,643801.0,46.227638,2.213749
France,2005,100.0,100.0,8.66,63.35,451.53,54.98,88.88324,52097.117,4.34,380660.0037,34760.18502,119.0,643801.0,46.227638,2.213749
France,2006,100.0,100.0,8.52,56.9,450.19,60.91,89.98239,51332.477,4.17,371549.9878,36443.62631,119.0,643801.0,46.227638,2.213749
France,2007,100.0,100.0,9.46,58.18,439.73,64.3,89.65155,50095.92,4.02,362829.9866,41508.43269,119.0,643801.0,46.227638,2.213749
France,2008,100.0,100.0,10.6,55.57,439.45,72.33,90.205345,49932.984,4.03,357989.9902,45334.11796,119.0,643801.0,46.227638,2.213749
France,2009,100.0,100.0,11.32,51.32,409.74,68.15,90.30252,46864.53,3.97,343730.011,41575.42196,119.0,643801.0,46.227638,2.213749
France,2010,100.0,100.0,11.99,57.63,428.52,76.68,89.76067,48006.33,4.02,347779.9988,40638.33525,119.0,643801.0,46.227638,2.213749
France,2011,100.0,100.0,10.66,58.99,442.39,66.02,89.60345,45914.77,3.85,335140.0146,43790.72602,119.0,643801.0,46.227638,2.213749
France,2012,100.0,100.0,12.34,56.42,425.41,85.25,90.05078,45681.15,3.84,338420.0134,40874.70039,119.0,643801.0,46.227638,2.213749
France,2013,100.0,100.0,13.42,53.35,423.68,99.42,90.74507,45921.207,3.83,338559.9976,42592.93539,119.0,643801.0,46.227638,2.213749
France,2014,100.0,100.0,13.2,35.68,436.48,94.03,93.69823,43808.914,3.65,306100.0061,43011.2631,119.0,643801.0,46.227638,2.213749
France,2015,100.0,100.0,13.34,44.65,437.43,91.84,92.22017,43929.527,3.66,311299.9878,36638.18493,119.0,643801.0,46.227638,2.213749
France,2016,100.0,100.0,14.24,56.45,403.2,99.0,89.89528,43053.95,3.56,313920.0134,37037.37419,119.0,643801.0,46.227638,2.213749
France,2017,100.0,100.0,14.12,65.09,398.36,92.63,88.294846,42633.387,3.47,317829.9866,38685.25849,119.0,643801.0,46.227638,2.213749
France,2018,100.0,100.0,15.21,49.27,412.94,113.62,91.44365,43334.203,3.4,307049.9878,41572.48501,119.0,643801.0,46.227638,2.213749
France,2019,100.0,100.0,15.53,53.5,399.01,113.21,90.54302,42326.785,3.29,300519.989,40578.64429,119.0,643801.0,46.227638,2.213749
France,2020,100.0,100.0,15.53,48.14,353.83,125.28,90.869606,38063.406,3.29,300519.989,39030.36037,119.0,643801.0,46.227638,2.213749
Gabon,2000,73.6,64.6,72.78,0.48,0.0,0.8,62.5,9016.453,3.03,6080.0,4135.99238,9.0,267667.0,-0.803689,11.609444
Gabon,2001,77.1408,66.5,72.42,0.48,0.0,0.87,64.44444,9478.856,3.18,6230.0,3993.031336,9.0,267667.0,-0.803689,11.609444
Gabon,2002,77.84244,68.0,79.82,0.51,0.0,0.91,64.08451,9233.193,3.85,5960.000038,4141.434366,9.0,267667.0,-0.803689,11.609444
Gabon,2003,78.53884,69.6,83.63,0.57,0.0,0.89,60.958904,8742.1875,4.43,6440.000057,4933.46217,9.0,267667.0,-0.803689,11.609444
Gabon,2004,79.23235,71.1,85.78,0.6,0.0,0.88,59.459457,8665.52,5.1,6090.000153,5739.613204,9.0,267667.0,-0.803689,11.609444
Gabon,2005,81.6,72.7,85.25,0.71,0.0,0.8,52.980133,9015.141,5.8,6059.999943,6891.36192,9.0,267667.0,-0.803689,11.609444
Gabon,2006,80.62018,74.45,86.16,0.67,0.0,0.94,58.385094,8974.716,6.71,5440.000057,7221.369877,9.0,267667.0,-0.803689,11.609444
Gabon,2007,81.31955,75.9,87.35,0.89,0.0,0.79,47.02381,8646.734,6.98,4940.000057,8458.309179,9.0,267667.0,-0.803689,11.609444
Gabon,2008,82.02615,77.7,87.32,0.89,0.0,0.88,49.717514,8547.841,7.94,5269.999981,10254.17196,9.0,267667.0,-0.803689,11.609444
Gabon,2009,82.7427,79.0,88.0,0.87,0.0,0.94,51.933704,8182.456,8.68,5199.999809,7721.018953,9.0,267667.0,-0.803689,11.609444
Gabon,2010,89.46172,80.4,85.86,0.97,0.0,0.9,48.12834,9214.65,9.09,5760.000229,8849.322608,9.0,267667.0,-0.803689,11.609444
Gabon,2011,88.859566,81.6,79.71,1.13,0.0,0.83,42.34694,9102.298,6.83,5780.00021,10809.68495,9.0,267667.0,-0.803689,11.609444
Gabon,2012,89.3,82.65,75.49,1.18,0.0,0.9,43.269234,11006.094,5.73,5599.999905,9813.505747,9.0,267667.0,-0.803689,11.609444
Gabon,2013,86.4,83.6,82.19,1.09,0.0,0.93,46.039604,10740.267,7.97,5789.999962,9683.58162,9.0,267667.0,-0.803689,11.609444
Gabon,2014,86.96431,84.65,81.3,1.13,0.0,0.79,41.145836,10845.483,7.42,5960.000038,9663.42411,9.0,267667.0,-0.803689,11.609444
Gabon,2015,87.37686,85.6,81.95,1.12,0.0,0.93,45.365856,10108.493,7.22,6119.999886,7384.700704,9.0,267667.0,-0.803689,11.609444
Gabon,2016,88.20383,86.2,80.77,1.28,0.0,0.96,42.857143,9740.699,7.11,6420.000076,6984.419712,9.0,267667.0,-0.803689,11.609444
Gabon,2017,86.27,86.8,90.1,1.25,0.0,0.94,42.922375,10052.3955,6.75,5329.999924,7230.434912,9.0,267667.0,-0.803689,11.609444
Gabon,2018,89.881516,87.4,90.13,1.26,0.0,0.91,41.935482,8795.324,6.64,5119.999886,7959.007267,9.0,267667.0,-0.803689,11.609444
Gabon,2019,90.726295,87.8,89.88,1.25,0.0,1.01,44.690266,7427.6616,5.99,5250.0,7766.996554,9.0,267667.0,-0.803689,11.609444
Gabon,2020,91.57156,88.1,89.88,1.19,0.0,1.01,45.90909,8367.068,5.99,5250.0,6881.715192,9.0,267667.0,-0.803689,11.609444
Georgia,2000,99.81181,48.1,47.25,1.47,0.0,5.8,79.779915,9423.704,5.99,4770.0,749.908535,57.0,69700.0,42.315407,43.356892
Georgia,2001,99.80533,49.1,53.15,1.31,0.0,5.49,80.73529,8959.572,5.12,3520.0,801.9904139,57.0,69700.0,42.315407,43.356892
Georgia,2002,99.9,49.6,56.76,0.46,0.0,6.7,93.575424,10776.443,4.8,2960.000038,853.5164537,57.0,69700.0,42.315407,43.356892
Georgia,2003,100.0,51.1,55.33,0.6,0.0,6.46,91.50142,9694.849,4.6,3160.000086,1010.00798,57.0,69700.0,42.315407,43.356892
Georgia,2004,99.93,52.7,54.53,0.82,0.0,5.99,87.958885,10085.432,4.47,3369.999886,1305.047486,57.0,69700.0,42.315407,43.356892
Georgia,2005,97.93505,54.2,41.48,0.97,0.0,6.17,86.414566,11553.322,4.17,4239.999771,1642.760938,57.0,69700.0,42.315407,43.356892
Georgia,2006,100.0,56.35,37.22,1.85,0.0,5.26,73.98031,10517.187,4.06,4699.999809,1996.057129,57.0,69700.0,42.315407,43.356892
Georgia,2007,100.0,58.3,36.22,1.42,0.0,6.75,82.61934,13246.12,3.98,5630.000114,2635.353882,57.0,69700.0,42.315407,43.356892
Georgia,2008,100.0,60.8,36.3,1.21,0.0,7.09,85.421684,13342.63,3.49,4840.000153,3324.735879,57.0,69700.0,42.315407,43.356892
Georgia,2009,100.0,63.0,36.72,1.08,0.0,7.34,87.17339,13652.776,3.74,5619.999886,2822.66743,57.0,69700.0,42.315407,43.356892
Georgia,2010,100.0,65.6,39.15,0.71,0.0,9.27,92.88578,14789.647,3.55,5320.000172,3233.295943,57.0,69700.0,42.315407,43.356892
Georgia,2011,100.0,68.7,31.53,2.17,0.0,7.81,78.256516,13820.907,3.75,6519.999981,4021.743306,57.0,69700.0,42.315407,43.356892
Georgia,2012,100.0,71.7,28.69,2.32,0.0,7.15,75.50158,14376.836,3.68,7190.000057,4421.818242,57.0,69700.0,42.315407,43.356892
Georgia,2013,100.0,74.1,33.16,1.68,0.0,8.19,82.97872,16267.887,3.99,7840.000153,4623.745725,57.0,69700.0,42.315407,43.356892
Georgia,2014,100.0,77.0,31.34,1.91,0.0,8.25,81.20079,17044.346,4.08,8470.000267,4739.188338,57.0,69700.0,42.315407,43.356892
Georgia,2015,100.0,79.3,28.15,2.24,0.0,8.37,78.88785,18088.293,4.18,9199.999809,4014.185944,57.0,69700.0,42.315407,43.356892
Georgia,2016,100.0,81.65,27.64,2.1,0.0,9.25,81.497795,19119.283,4.2,9649.999619,4062.169888,57.0,69700.0,42.315407,43.356892
Georgia,2017,100.0,84.0,28.03,2.1,0.0,9.21,81.43236,19005.781,4.04,9729.999542,4357.000936,57.0,69700.0,42.315407,43.356892
Georgia,2018,99.9,85.8,27.94,1.99,0.0,9.93,83.30537,19383.402,3.82,9569.999695,4722.787783,57.0,69700.0,42.315407,43.356892
Georgia,2019,100.0,87.7,25.22,2.67,0.0,8.93,76.98276,19659.346,3.83,10109.99966,4697.983652,57.0,69700.0,42.315407,43.356892
Georgia,2020,100.0,89.1,25.22,2.82,0.0,8.34,74.731186,18696.85,3.83,10109.99966,4266.690795,57.0,69700.0,42.315407,43.356892
Germany,2000,100.0,100.0,3.7,367.22,169.61,35.47,35.834354,48903.7,4.0,830280.0,23635.92922,240.0,357022.0,51.165691,10.451526
Germany,2001,100.0,100.0,3.9,372.69,171.3,37.9,35.951813,49841.387,4.05,847680.0,23607.88286,240.0,357022.0,51.165691,10.451526
Germany,2002,100.0,100.0,4.41,372.64,164.84,44.48,35.968105,49257.79,3.97,833380.0049,25077.72908,240.0,357022.0,51.165691,10.451526
Germany,2003,100.0,100.0,5.44,390.81,165.06,46.67,35.139576,49300.902,3.99,836789.978,30243.57653,240.0,357022.0,51.165691,10.451526
Germany,2004,100.0,100.0,6.34,385.24,167.07,57.97,36.874874,49342.406,3.97,821070.0073,34044.05363,240.0,357022.0,51.165691,10.451526
Germany,2005,100.0,100.0,7.28,386.96,163.05,63.4,36.916584,48793.566,3.92,802380.0049,34507.36881,240.0,357022.0,51.165691,10.451526
Germany,2006,100.0,100.0,8.59,390.03,167.27,72.51,38.0718,50043.03,3.89,814409.9731,36323.44774,240.0,357022.0,51.165691,10.451526
Germany,2007,100.0,100.0,10.47,402.4,140.53,89.38,36.36033,47958.13,3.58,783799.9878,41587.2129,240.0,357022.0,51.165691,10.451526
Germany,2008,100.0,100.0,10.25,390.43,148.49,94.28,38.340176,48445.984,3.59,789690.0024,45427.15168,240.0,357022.0,51.165691,10.451526
Germany,2009,100.0,100.0,10.72,358.07,134.93,95.94,39.200935,45436.277,3.56,734809.9976,41485.90165,240.0,357022.0,51.165691,10.451526
Germany,2010,100.0,100.0,11.61,378.9,140.56,105.18,39.34106,47305.82,3.6,773070.0073,41531.9342,240.0,357022.0,51.165691,10.451526
Germany,2011,100.0,100.0,12.54,373.16,107.97,124.04,38.33799,45571.504,3.28,746479.9805,46644.77603,240.0,357022.0,51.165691,10.451526
Germany,2012,100.0,100.0,13.64,377.89,99.46,143.04,39.088314,46132.67,3.29,760130.0049,43858.36306,240.0,357022.0,51.165691,10.451526
Germany,2013,100.0,100.0,13.63,381.52,97.29,152.34,39.55161,47361.547,3.35,776150.0244,46285.76407,240.0,357022.0,51.165691,10.451526
Germany,2014,100.0,100.0,14.02,360.28,97.13,162.54,41.88564,45327.562,3.13,736010.0098,47959.99327,240.0,357022.0,51.165691,10.451526
Germany,2015,100.0,100.0,14.55,359.99,91.79,188.79,43.80161,46066.887,3.1,742309.9976,41086.72967,240.0,357022.0,51.165691,10.451526
Germany,2016,100.0,100.0,14.24,368.67,84.63,189.67,42.6614,46675.777,3.04,747150.0244,42107.51727,240.0,357022.0,51.165691,10.451526
Germany,2017,100.0,100.0,15.22,353.37,76.32,216.32,45.29961,47112.9,2.98,732200.0122,44542.2952,240.0,357022.0,51.165691,10.451526
Germany,2018,100.0,100.0,16.12,334.65,76.0,222.07,47.109306,45781.406,2.87,707700.0122,47950.18081,240.0,357022.0,51.165691,10.451526
Germany,2019,100.0,100.0,17.17,284.09,75.07,240.33,52.611385,44467.746,2.76,657400.0244,46794.89929,240.0,357022.0,51.165691,10.451526
Germany,2020,100.0,100.0,17.17,251.4,64.38,251.48,55.681694,41377.68,2.76,657400.0244,46208.42947,240.0,357022.0,51.165691,10.451526
Ghana,2000,43.7,6.2,71.62,0.58,0.0,6.55,91.86536,2116.77,5.02,5740.0,258.4710399,137.0,238533.0,7.946527,-1.023194
Ghana,2001,44.837513,6.6,69.32,1.18,0.0,6.55,84.7348,2073.1177,4.82,6210.0,269.0149848,137.0,238533.0,7.946527,-1.023194
Ghana,2002,46.85807,7.2,65.68,2.1,0.0,5.01,70.464134,1846.1882,4.61,7429.999828,304.564636,137.0,238533.0,7.946527,-1.023194
Ghana,2003,48.3,7.9,64.47,1.86,0.0,3.87,67.53927,1645.2809,4.16,7139.999866,367.8213621,137.0,238533.0,7.946527,-1.023194
Ghana,2004,50.88583,8.5,62.38,0.64,0.0,5.24,89.11565,1892.3693,3.88,6679.999828,417.5080667,137.0,238533.0,7.946527,-1.023194
Ghana,2005,41.25,9.5,61.43,1.1,0.0,5.58,83.532936,1893.7173,3.64,7039.999962,492.5440562,137.0,238533.0,7.946527,-1.023194
Ghana,2006,55.09345,10.5,58.56,2.64,0.0,5.58,67.88321,1794.2775,3.69,8510.000229,913.3938493,137.0,238533.0,7.946527,-1.023194
Ghana,2007,56.929794,11.8,54.53,3.06,0.0,3.71,54.80059,1649.7666,3.48,9119.999886,1081.166318,137.0,238533.0,7.946527,-1.023194
Ghana,2008,60.5,13.0,57.34,2.0,0.0,6.14,75.42997,1899.8279,3.42,8659.999847,1217.064435,137.0,238533.0,7.946527,-1.023194
Ghana,2009,60.99078,14.5,51.9,1.96,0.0,6.82,77.67654,2130.4485,3.34,10010.00023,1077.662058,137.0,238533.0,7.946527,-1.023194
Ghana,2010,64.2,16.0,51.91,2.98,0.0,6.95,69.98993,2141.837,3.42,11189.99958,1299.345212,137.0,238533.0,7.946527,-1.023194
Ghana,2011,64.06256,17.3,50.09,3.42,0.0,7.51,68.70997,2627.7834,3.15,11750.0,1549.462719,137.0,238533.0,7.946527,-1.023194
Ghana,2012,56.51,18.7,46.5,3.71,0.0,8.01,68.34471,2631.042,3.21,14609.99966,1587.560932,137.0,238533.0,7.946527,-1.023194
Ghana,2013,70.7,19.6,46.19,4.36,0.0,8.17,65.203514,2698.5383,3.01,15630.00011,2361.090324,137.0,238533.0,7.946527,-1.023194
Ghana,2014,78.3,20.5,47.69,4.31,0.0,8.32,65.8749,2673.1282,2.97,15090.00015,2012.264247,137.0,238533.0,7.946527,-1.023194
Ghana,2015,74.07884,21.1,44.02,5.36,0.0,5.81,52.014324,2847.0212,3.03,15779.99973,1774.074771,137.0,238533.0,7.946527,-1.023194
Ghana,2016,79.3,21.8,45.22,5.84,0.0,5.56,48.77193,2814.9978,2.96,16069.99969,1971.956935,137.0,238533.0,7.946527,-1.023194
Ghana,2017,79.0,21.9,44.43,7.17,0.0,5.67,44.15888,2757.9565,2.75,17010.00023,2074.290733,137.0,238533.0,7.946527,-1.023194
Ghana,2018,80.4,22.2,41.48,8.3,0.0,6.07,42.24078,3112.291,2.92,18680.00031,2260.860567,137.0,238533.0,7.946527,-1.023194
Ghana,2019,83.5,22.4,41.8,9.37,0.0,7.32,43.858597,3135.595,2.85,20040.00092,2246.625578,137.0,238533.0,7.946527,-1.023194
Ghana,2020,85.87355,22.2,41.8,12.82,0.0,7.38,36.534653,3484.1567,2.85,20040.00092,2205.529016,137.0,238533.0,7.946527,-1.023194
Greece,2000,100.0,100.0,7.82,49.28,0.0,4.14,7.7499065,33796.73,3.6,94460.0,12042.95371,81.0,131957.0,39.074208,21.824312
Greece,2001,100.0,100.0,7.11,50.14,0.0,2.94,5.5388093,33961.258,3.58,96610.0,12538.17887,81.0,131957.0,39.074208,21.824312
Greece,2002,100.0,100.0,7.33,50.37,0.0,3.58,6.6357737,33917.586,3.48,96599.99847,14110.31337,81.0,131957.0,39.074208,21.824312
Greece,2003,100.0,100.0,7.6,52.01,0.0,5.89,10.172711,35850.453,3.39,100220.0012,18477.57836,81.0,131957.0,39.074208,21.824312
Greece,2004,100.0,100.0,7.85,52.89,0.0,5.91,10.051021,35828.086,3.29,99839.99634,21955.10414,81.0,131957.0,39.074208,21.824312
Greece,2005,100.0,100.0,8.01,53.02,0.0,6.41,10.785798,35956.984,3.33,101949.9969,22551.73577,81.0,131957.0,39.074208,21.824312
Greece,2006,100.0,100.0,8.51,52.5,0.0,7.67,12.747216,37034.242,3.15,100699.9969,24801.15778,81.0,131957.0,39.074208,21.824312
Greece,2007,100.0,100.0,8.05,58.12,0.0,4.59,7.319407,37808.297,3.04,104309.9976,28827.32639,81.0,131957.0,39.074208,21.824312
Greece,2008,100.0,100.0,8.32,57.17,0.0,5.75,9.138589,37168.062,3.07,100410.0037,31997.28202,81.0,131957.0,39.074208,21.824312
Greece,2009,100.0,100.0,9.19,52.91,0.0,8.16,13.361716,35855.25,3.11,94739.99786,29710.97023,81.0,131957.0,39.074208,21.824312
Greece,2010,100.0,100.0,11.37,46.85,0.0,10.53,18.351341,34298.055,3.09,87580.00183,26690.60742,81.0,131957.0,39.074208,21.824312
Greece,2011,100.0,100.0,11.38,51.04,0.0,8.15,13.7692175,33738.633,3.33,84550.00305,25450.53412,81.0,131957.0,39.074208,21.824312
Greece,2012,100.0,100.0,14.17,50.62,0.0,10.13,16.674896,31860.057,3.55,80089.99634,21914.25173,81.0,131957.0,39.074208,21.824312
Greece,2013,100.0,100.0,16.61,42.76,0.0,14.36,25.140057,30079.553,3.21,72480.00336,21781.59535,81.0,131957.0,39.074208,21.824312
Greece,2014,100.0,100.0,16.41,38.17,0.0,12.18,24.190666,28344.934,3.16,69550.00305,21587.95755,81.0,131957.0,39.074208,21.824312
Greece,2015,100.0,100.0,17.47,36.98,0.0,14.85,28.65136,28845.504,3.18,68010.00214,18076.60676,81.0,131957.0,39.074208,21.824312
Greece,2016,100.0,100.0,16.41,39.52,0.0,14.89,27.366293,28556.062,3.13,66849.99847,17911.79938,81.0,131957.0,39.074208,21.824312
Greece,2017,100.0,100.0,16.38,41.38,0.0,13.8,25.009062,30131.885,3.14,66800.00305,18536.19072,81.0,131957.0,39.074208,21.824312
Greece,2018,100.0,100.0,17.86,37.11,0.0,16.14,30.309858,30475.123,3.0,65019.99664,19747.34258,81.0,131957.0,39.074208,21.824312
Greece,2019,100.0,100.0,18.51,32.48,0.0,16.1,33.14121,29966.309,2.9,60000.0,19133.75776,81.0,131957.0,39.074208,21.824312
Greece,2020,100.0,100.0,18.51,30.61,0.0,17.55,36.44103,26343.523,2.9,60000.0,17622.541,81.0,131957.0,39.074208,21.824312
Grenada,2000,86.04223,92.4,10.5,0.13,0.0,0.0,0.0,8030.945,2.45,210.0,5056.977259,331.0,349.0,12.1165,-61.679
Grenada,2001,86.37166,92.8,10.42,0.14,0.0,0.0,0.0,8319.619,2.56,230.0,5041.012235,331.0,349.0,12.1165,-61.679
Grenada,2002,86.69351,92.8,10.46,0.15,0.0,0.0,0.0,8525.037,2.58,239.9999946,5213.795649,331.0,349.0,12.1165,-61.679
Grenada,2003,87.010124,93.1,10.44,0.16,0.0,0.0,0.0,8976.218,2.5,250.0,5682.705378,331.0,349.0,12.1165,-61.679
Grenada,2004,87.323845,93.1,10.56,0.15,0.0,0.0,0.0,8654.664,2.45,230.0000042,5741.653658,331.0,349.0,12.1165,-61.679
Grenada,2005,87.63704,93.2,10.57,0.15,0.0,0.0,0.0,9039.732,2.27,250.0,6645.985549,331.0,349.0,12.1165,-61.679
Grenada,2006,87.9521,93.3,10.36,0.17,0.0,0.0,0.0,9290.929,2.45,259.9999905,6658.223586,331.0,349.0,12.1165,-61.679
Grenada,2007,88.27168,93.2,9.9,0.18,0.0,0.0,0.0,9798.676,2.44,280.0000012,7212.986819,331.0,349.0,12.1165,-61.679
Grenada,2008,90.0,93.2,10.69,0.19,0.0,0.0,0.0,10349.056,2.52,289.9999917,7832.349081,331.0,349.0,12.1165,-61.679
Grenada,2009,88.93526,92.9,10.47,0.2,0.0,0.0,0.0,9980.4795,2.7,810.0000024,7290.834938,331.0,349.0,12.1165,-61.679
Grenada,2010,89.28466,92.7,10.53,0.2,0.0,0.0,0.0,10297.715,2.82,289.9999917,7258.166561,331.0,349.0,12.1165,-61.679
Grenada,2011,88.8,92.6,11.27,0.2,0.0,0.0,0.0,10196.201,2.69,310.0000024,7291.74167,331.0,349.0,12.1165,-61.679
Grenada,2012,90.03225,92.2,11.38,0.19,0.0,0.0,0.0,10296.617,2.89,409.9999964,7444.089075,331.0,349.0,12.1165,-61.679
Grenada,2013,90.434906,91.7,10.92,0.19,0.0,0.0,0.0,11516.319,3.18,319.9999928,7789.632355,331.0,349.0,12.1165,-61.679
Grenada,2014,90.85538,91.5,11.26,0.19,0.0,0.0,0.0,9650.67,2.36,250.0,8370.040472,331.0,349.0,12.1165,-61.679
Grenada,2015,91.29069,91.2,11.07,0.19,0.0,0.0,0.0,9958.878,2.44,270.0000107,9096.538652,331.0,349.0,12.1165,-61.679
Grenada,2016,91.73787,90.85,11.4,0.2,0.0,0.0,0.0,10175.044,2.4,280.0000012,9628.259169,331.0,349.0,12.1165,-61.679
Grenada,2017,92.193954,90.25,11.48,0.21,0.0,0.0,0.0,10974.274,2.38,289.9999917,10152.83281,331.0,349.0,12.1165,-61.679
Grenada,2018,92.3,89.9,10.69,0.21,0.0,0.0,0.0,10724.042,2.54,319.9999928,10466.88221,331.0,349.0,12.1165,-61.679
Grenada,2019,93.120964,89.6,10.37,0.21,0.0,0.0,0.0,10655.754,2.68,330.0000131,10827.43529,331.0,349.0,12.1165,-61.679
Grenada,2020,93.58645,89.1,10.37,0.2,0.0,0.0,0.0,8918.377,2.68,330.0000131,9261.551876,331.0,349.0,12.1165,-61.679
Guatemala,2000,73.31821,40.55,62.75,2.84,0.0,3.19,52.902153,4058.544,4.0,9420.0,1664.298958,167.0,108889.0,15.783471,-90.230759
Guatemala,2001,73.73273,39.7,61.35,2.83,0.0,3.0,51.457977,4133.946,4.01,9810.0,1550.360366,167.0,108889.0,15.783471,-90.230759
Guatemala,2002,78.66784,39.0,63.84,3.35,0.0,2.79,45.43974,4082.936,4.43,10470.00027,1682.994501,167.0,108889.0,15.783471,-90.230759
Guatemala,2003,78.51221,38.2,64.37,4.1,0.0,3.55,46.405228,4382.797,4.4,10539.99996,1737.879287,167.0,108889.0,15.783471,-90.230759
Guatemala,2004,77.22824,37.6,66.17,3.45,0.0,3.29,48.813057,4045.296,4.4,10750.0,1859.098363,167.0,108889.0,15.783471,-90.230759
Guatemala,2005,78.389206,37.45,65.32,4.31,0.0,3.99,48.07229,4087.143,4.36,11529.99973,2068.500129,167.0,108889.0,15.783471,-90.230759
Guatemala,2006,83.730995,37.3,64.81,3.68,0.0,4.61,55.60917,4242.915,4.17,11520.00046,2251.087963,167.0,108889.0,15.783471,-90.230759
Guatemala,2007,80.719406,37.1,63.36,4.44,0.0,4.58,50.77605,4454.024,4.2,12409.99985,2490.749127,167.0,108889.0,15.783471,-90.230759
Guatemala,2008,81.894,37.1,66.59,3.39,0.0,5.05,59.83413,4052.9338,3.96,11239.99977,2802.461962,167.0,108889.0,15.783471,-90.230759
Guatemala,2009,83.07853,37.4,65.35,4.04,0.0,4.5,52.693207,4154.522,4.22,11850.00038,2651.817123,167.0,108889.0,15.783471,-90.230759
Guatemala,2010,84.27571,38.1,67.17,2.96,0.0,5.03,62.953697,4004.3474,4.14,11439.99958,2852.547327,167.0,108889.0,15.783471,-90.230759
Guatemala,2011,84.02641,38.4,67.19,3.02,0.0,5.26,63.526573,4004.556,4.06,11739.99977,3228.045741,167.0,108889.0,15.783471,-90.230759
Guatemala,2012,86.71886,39.2,67.45,3.38,0.0,5.94,63.733906,4204.253,4.13,12149.99962,3355.036919,167.0,108889.0,15.783471,-90.230759
Guatemala,2013,87.96929,40.2,67.29,3.63,0.0,6.44,63.952335,4409.617,4.09,13000.0,3522.773706,167.0,108889.0,15.783471,-90.230759
Guatemala,2014,85.49437,41.6,66.36,3.83,0.0,6.86,64.17213,4562.1045,4.08,13949.99981,3779.642336,167.0,108889.0,15.783471,-90.230759
Guatemala,2015,90.52062,42.7,63.4,4.72,0.0,6.71,58.705162,5002.62,4.16,16340.00015,3994.636913,167.0,108889.0,15.783471,-90.230759
Guatemala,2016,91.81558,44.3,63.34,4.88,0.0,7.16,59.468437,5357.698,4.37,17489.99977,4173.301666,167.0,108889.0,15.783471,-90.230759
Guatemala,2017,93.3,45.7,65.09,3.92,0.0,8.76,69.085175,5708.0923,4.24,16569.99969,4454.04815,167.0,108889.0,15.783471,-90.230759
Guatemala,2018,94.42924,46.95,64.12,5.08,0.0,9.04,64.02267,5774.4165,4.25,18319.99969,4478.424646,167.0,108889.0,15.783471,-90.230759
Guatemala,2019,95.742004,48.6,62.92,5.51,0.0,8.3,60.101376,5851.735,4.24,19309.99947,4638.634943,167.0,108889.0,15.783471,-90.230759
Guatemala,2020,97.05527,50.1,62.92,4.41,0.0,9.01,67.138596,5734.4775,4.24,19309.99947,4603.339617,167.0,108889.0,15.783471,-90.230759
Guinea,2000,15.146257,0.7,85.52,0.34,0.0,0.41,54.666668,933.22345,9.11,1490.0,363.4822793,53.0,245857.0,9.945587,-9.696645
Guinea,2001,16.432384,0.7,84.84,0.39,0.0,0.55,58.51064,1009.3095,8.9,1570.0,336.1540207,53.0,245857.0,9.945587,-9.696645
Guinea,2002,17.710926,0.7,84.27,0.4,0.0,0.59,59.595955,1035.3723,8.55,1629.999995,343.6026312,53.0,245857.0,9.945587,-9.696645
Guinea,2003,18.984232,0.7,83.47,0.47,0.0,0.4,45.977013,983.6432,8.5,1700.000048,393.7396899,53.0,245857.0,9.945587,-9.696645
Guinea,2004,20.254652,0.7,83.19,0.39,0.0,0.55,58.51064,1041.267,8.43,1769.999981,407.3009759,53.0,245857.0,9.945587,-9.696645
Guinea,2005,20.2,0.7,81.56,0.39,0.0,0.49,55.68182,1031.7405,8.25,1830.000043,322.41554,53.0,245857.0,9.945587,-9.696645
Guinea,2006,22.796291,0.7,81.06,0.39,0.0,0.46,54.117645,1027.6909,8.23,1899.999976,453.4037133,53.0,245857.0,9.945587,-9.696645
Guinea,2007,24.072569,0.7,80.36,0.41,0.0,0.53,56.382977,1066.2617,7.81,1980.000019,659.992931,53.0,245857.0,9.945587,-9.696645
Guinea,2008,25.356077,0.7,80.15,0.44,0.0,0.52,54.166668,1051.0521,7.54,2009.99999,715.0965267,53.0,245857.0,9.945587,-9.696645
Guinea,2009,26.649527,0.7,79.25,0.44,0.0,0.52,54.166668,1076.7029,7.75,2119.999886,674.0854826,53.0,245857.0,9.945587,-9.696645
Guinea,2010,27.955624,0.7,75.71,0.44,0.0,0.48,52.173912,1202.3784,7.71,2500.0,672.4249304,53.0,245857.0,9.945587,-9.696645
Guinea,2011,29.27708,0.8,74.75,0.44,0.0,0.41,48.235294,1194.9143,7.39,2619.999886,651.1361134,53.0,245857.0,9.945587,-9.696645
Guinea,2012,26.2,0.8,76.36,0.22,0.0,0.49,69.014084,1131.1559,6.93,2480.000019,717.0505359,53.0,245857.0,9.945587,-9.696645
Guinea,2013,31.975958,0.8,78.53,0.16,0.0,0.48,75.0,982.06683,6.49,2180.000067,769.0031667,53.0,245857.0,9.945587,-9.696645
Guinea,2014,33.35312,0.9,78.57,0.27,0.0,0.42,60.869564,990.09143,6.35,2240.00001,787.2385644,53.0,245857.0,9.945587,-9.696645
Guinea,2015,34.74512,1.0,76.23,0.24,0.0,0.9,78.94737,1171.2323,6.37,2539.999962,769.2554754,53.0,245857.0,9.945587,-9.696645
Guinea,2016,33.5,1.1,75.29,0.51,0.0,1.1,68.32298,1285.7498,5.91,2819.999933,732.2915119,53.0,245857.0,9.945587,-9.696645
Guinea,2017,35.4,1.2,71.96,0.54,0.0,1.23,69.49152,1261.2085,5.66,3339.999914,855.5752706,53.0,245857.0,9.945587,-9.696645
Guinea,2018,45.0,1.4,69.88,0.73,0.0,0.76,51.00671,1122.0997,5.51,3750.0,955.1112811,53.0,245857.0,9.945587,-9.696645
Guinea,2019,42.2,1.6,65.44,0.75,0.0,1.31,63.592236,1201.7898,5.57,3950.000048,1058.143368,53.0,245857.0,9.945587,-9.696645
Guinea,2020,44.66868,1.9,65.44,0.71,0.0,2.49,77.8125,1356.6588,5.57,3950.000048,1194.037865,53.0,245857.0,9.945587,-9.696645
Guinea-Bissau,2000,1.2537057,1.4,91.24,0.03,0.0,0.0,0.0,809.8549,11.19,150.0,308.9103184,70.0,36125.0,11.803749,-15.180413
Guinea-Bissau,2001,1.2537057,1.3,91.21,0.03,0.0,0.0,0.0,807.33746,11.13,150.0,319.9574494,70.0,36125.0,11.803749,-15.180413
Guinea-Bissau,2002,1.2537057,1.3,91.04,0.02,0.0,0.0,0.0,806.6247,11.43,150.000006,333.0585793,70.0,36125.0,11.803749,-15.180413
Guinea-Bissau,2003,2.5914624,1.2,89.05,0.02,0.0,0.0,0.0,916.40906,11.79,189.9999976,372.0561949,70.0,36125.0,11.803749,-15.180413
Guinea-Bissau,2004,3.9263327,1.2,88.55,0.03,0.0,0.0,0.0,926.11926,11.7,200.000003,405.0751184,70.0,36125.0,11.803749,-15.180413
Guinea-Bissau,2005,5.2606664,1.2,88.53,0.03,0.0,0.0,0.0,915.8147,11.39,209.9999934,436.4752202,70.0,36125.0,11.803749,-15.180413
Guinea-Bissau,2006,14.5362,1.2,88.29,0.03,0.0,0.0,0.0,913.9182,11.32,219.9999988,430.0039403,70.0,36125.0,11.803749,-15.180413
Guinea-Bissau,2007,7.9376006,1.1,87.9,0.03,0.0,0.0,0.0,946.6117,11.2,230.0000042,493.7219932,70.0,36125.0,11.803749,-15.180413
Guinea-Bissau,2008,9.28556,1.1,88.42,0.03,0.0,0.0,0.0,898.46826,10.95,219.9999988,599.9952372,70.0,36125.0,11.803749,-15.180413
Guinea-Bissau,2009,4.7,1.1,87.89,0.03,0.0,0.0,0.0,907.2298,10.8,230.0000042,559.4145709,70.0,36125.0,11.803749,-15.180413
Guinea-Bissau,2010,6.0,1.1,87.81,0.03,0.0,0.0,0.0,907.236,10.49,239.9999946,558.1746681,70.0,36125.0,11.803749,-15.180413
Guinea-Bissau,2011,13.399912,1.1,87.87,0.03,0.0,0.0,0.0,896.62317,9.84,239.9999946,703.6605673,70.0,36125.0,11.803749,-15.180413
Guinea-Bissau,2012,14.803885,1.1,87.81,0.03,0.0,0.0,0.0,890.10126,10.14,250.0,616.375664,70.0,36125.0,11.803749,-15.180413
Guinea-Bissau,2013,16.22769,1.1,87.71,0.03,0.0,0.0,0.0,886.97314,9.95,250.0,634.6620391,70.0,36125.0,11.803749,-15.180413
Guinea-Bissau,2014,17.2,1.1,87.28,0.03,0.0,0.0,0.0,907.5775,10.07,270.0000107,623.3130914,70.0,36125.0,11.803749,-15.180413
Guinea-Bissau,2015,20.053154,1.1,87.15,0.06,0.0,0.0,0.0,914.8769,9.69,280.0000012,603.3993815,70.0,36125.0,11.803749,-15.180413
Guinea-Bissau,2016,22.968792,1.1,86.73,0.08,0.0,0.0,0.0,928.79553,9.33,310.0000024,661.4578387,70.0,36125.0,11.803749,-15.180413
Guinea-Bissau,2017,26.0,1.1,86.8,0.08,0.0,0.0,0.0,733.6317,8.91,310.0000024,738.5499449,70.0,36125.0,11.803749,-15.180413
Guinea-Bissau,2018,28.495056,1.2,86.59,0.08,0.0,0.0,0.0,719.8099,8.93,319.9999928,802.7673851,70.0,36125.0,11.803749,-15.180413
Guinea-Bissau,2019,30.961557,1.0,86.24,0.08,0.0,0.0,0.0,703.1273,8.59,330.0000131,749.453747,70.0,36125.0,11.803749,-15.180413
Guinea-Bissau,2020,33.33547,1.1,86.24,0.08,0.0,0.0,0.0,656.3425,8.59,330.0000131,727.5201717,70.0,36125.0,11.803749,-15.180413
Guyana,2000,74.51728,35.6,29.75,0.82,0.0,0.06,6.818182,9131.178,5.78,1660.0,954.4003181,4.0,214969.0,4.860416,-58.93018
Guyana,2001,75.10074,37.7,30.41,0.85,0.0,0.06,6.593406,8915.736,5.69,1640.0,955.6653806,4.0,214969.0,4.860416,-58.93018
Guyana,2002,75.67661,39.9,33.73,0.85,0.0,0.06,6.593406,9012.365,5.78,1620.000005,974.9491933,4.0,214969.0,4.860416,-58.93018
Guyana,2003,76.24725,42.4,34.1,0.77,0.0,0.05,6.097561,9282.544,6.06,1620.000005,997.2113729,4.0,214969.0,4.860416,-58.93018
Guyana,2004,76.81501,45.0,35.05,0.8,0.0,0.06,6.976744,9064.288,6.25,1669.999957,1056.423886,4.0,214969.0,4.860416,-58.93018
Guyana,2005,77.5,47.6,34.13,0.6,0.0,0.05,7.692308,8189.165,5.36,1480.000019,1105.506825,4.0,214969.0,4.860416,-58.93018
Guyana,2006,73.38259,50.3,36.28,0.62,0.0,0.05,7.4626865,7341.6763,4.88,1330.000043,3188.67316,4.0,214969.0,4.860416,-58.93018
Guyana,2007,78.524925,53.0,32.63,0.65,0.0,0.05,7.142857,9106.513,5.1,1610.000014,3658.479967,4.0,214969.0,4.860416,-58.93018
Guyana,2008,79.10577,55.8,32.03,0.66,0.0,0.05,7.042254,8685.301,4.78,1600.000024,4050.786237,4.0,214969.0,4.860416,-58.93018
Guyana,2009,77.6,58.5,31.09,0.61,0.0,0.11,15.277777,8978.9375,4.97,1629.999995,4233.766143,4.0,214969.0,4.860416,-58.93018
Guyana,2010,83.09163,61.0,30.29,0.73,0.0,0.13,15.116279,9713.2295,4.69,1759.99999,4580.698762,4.0,214969.0,4.860416,-58.93018
Guyana,2011,84.08454,63.7,32.57,0.77,0.0,0.14,15.384615,10153.407,4.8,1830.000043,4908.566448,4.0,214969.0,4.860416,-58.93018
Guyana,2012,85.06648,66.2,28.41,0.81,0.0,0.14,14.736842,11516.412,4.36,2000.0,5378.810878,4.0,214969.0,4.860416,-58.93018
Guyana,2013,86.02649,68.6,26.27,0.85,0.0,0.14,14.141414,11227.718,3.99,1980.000019,5489.140726,4.0,214969.0,4.860416,-58.93018
Guyana,2014,86.9,70.9,24.02,0.85,0.0,0.15,15.000001,11144.22,4.01,2059.999943,5407.147366,4.0,214969.0,4.860416,-58.93018
Guyana,2015,88.00384,72.8,24.95,0.88,0.0,0.16,15.384616,11248.948,4.0,2079.999924,5576.825852,4.0,214969.0,4.860416,-58.93018
Guyana,2016,89.17036,74.7,21.41,0.95,0.0,0.15,13.636364,12634.438,4.14,2480.000019,5811.397924,4.0,214969.0,4.860416,-58.93018
Guyana,2017,90.295815,76.2,22.18,0.99,0.0,0.15,13.157896,12459.088,3.95,2470.000029,6124.95367,4.0,214969.0,4.860416,-58.93018
Guyana,2018,91.19838,77.9,16.81,1.0,0.0,0.16,13.793104,12371.177,3.86,2589.999914,6145.819277,4.0,214969.0,4.860416,-58.93018
Guyana,2019,91.91576,79.5,11.35,1.06,0.0,0.16,13.114754,14184.612,3.98,2849.999905,6609.51128,4.0,214969.0,4.860416,-58.93018
Guyana,2020,92.54054,80.6,11.35,1.01,0.0,0.15,12.931036,13816.492,3.98,2849.999905,6955.939217,4.0,214969.0,4.860416,-58.93018
Haiti,2000,33.7,2.6,80.85,0.25,0.0,0.28,52.830193,836.0804,5.63,1470.0,805.0256325,414.0,27750.0,18.971187,-72.285215
Haiti,2001,31.542381,2.7,80.88,0.29,0.0,0.28,49.122807,893.391,5.55,1600.0,735.5211179,414.0,27750.0,18.971187,-72.285215
Haiti,2002,33.152473,2.9,79.08,0.27,0.0,0.26,49.056606,961.6241,5.7,1830.000043,692.0301629,414.0,27750.0,18.971187,-72.285215
Haiti,2003,31.6,3.0,79.02,0.26,0.0,0.25,49.019608,874.4462,5.54,1809.999943,542.3335961,414.0,27750.0,18.971187,-72.285215
Haiti,2004,34.110813,3.05,81.11,0.27,0.0,0.26,49.056606,990.22144,5.72,1669.999957,667.2825464,414.0,27750.0,18.971187,-72.285215
Haiti,2005,34.588005,3.1,81.11,0.27,0.0,0.26,49.056606,1015.81964,5.7,1700.000048,781.2766578,414.0,27750.0,18.971187,-72.285215
Haiti,2006,33.9,3.3,81.37,0.28,0.0,0.27,49.09091,1022.4895,5.77,1720.000029,804.5245119,414.0,27750.0,18.971187,-72.285215
Haiti,2007,35.55065,3.4,79.26,0.3,0.0,0.15,33.333336,1084.6621,5.59,2049.999952,1002.888487,414.0,27750.0,18.971187,-72.285215
Haiti,2008,36.041466,3.4,79.64,0.29,0.0,0.18,38.29787,1075.1736,5.53,2029.999971,1086.938192,414.0,27750.0,18.971187,-72.285215
Haiti,2009,36.54222,3.6,80.33,0.48,0.0,0.2,29.411764,1005.77826,5.41,1990.00001,1183.604854,414.0,27750.0,18.971187,-72.285215
Haiti,2010,37.055622,3.6,78.99,0.39,0.0,0.17,30.357143,922.15204,5.87,2460.000038,1191.972664,414.0,27750.0,18.971187,-72.285215
Haiti,2011,37.584385,3.7,79.01,0.53,0.0,0.12,18.461538,958.5984,5.78,2700.000048,1287.95465,414.0,27750.0,18.971187,-72.285215
Haiti,2012,37.9,3.7,82.19,0.83,0.0,0.22,20.952381,1037.8396,5.93,2420.000076,1337.335946,414.0,27750.0,18.971187,-72.285215
Haiti,2013,38.697876,3.7,80.39,0.86,0.0,0.14,14.0,1075.7772,5.93,2650.000095,1432.837618,414.0,27750.0,18.971187,-72.285215
Haiti,2014,39.49641,3.8,77.77,0.89,0.0,0.09,9.183673,1142.4454,5.62,3019.999981,1435.13647,414.0,27750.0,18.971187,-72.285215
Haiti,2015,40.836285,4.0,76.12,0.9,0.0,0.08,8.163265,1284.612,5.6,3279.999971,1386.854191,414.0,27750.0,18.971187,-72.285215
Haiti,2016,40.4,4.0,76.13,0.95,0.0,0.07,6.8627453,1314.9376,5.7,3359.999895,1290.380508,414.0,27750.0,18.971187,-72.285215
Haiti,2017,43.74927,4.1,76.17,0.87,0.0,0.13,13.0,1287.2642,5.68,3329.999924,1369.063734,414.0,27750.0,18.971187,-72.285215
Haiti,2018,44.962345,4.3,76.25,0.8,0.0,0.2,20.0,1325.5319,5.78,3289.999962,1479.345827,414.0,27750.0,18.971187,-72.285215
Haiti,2019,45.990234,4.4,76.4,0.85,0.0,0.17,16.666666,1184.3462,5.8,3319.999933,1312.770636,414.0,27750.0,18.971187,-72.285215
Haiti,2020,46.925533,4.5,76.4,0.81,0.0,0.11,11.956522,977.08136,5.8,3319.999933,1272.367992,414.0,27750.0,18.971187,-72.285215
Honduras,2000,67.383354,30.7,55.24,1.3,0.0,2.24,63.276836,3657.3855,4.65,4990.0,1080.510472,89.0,112090.0,15.199999,-86.241905
Honduras,2001,64.2,32.2,50.4,1.86,0.0,1.89,50.4,3886.6245,4.88,5800.0,1120.54996,89.0,112090.0,15.199999,-86.241905
Honduras,2002,63.141136,33.8,49.76,2.3,0.0,1.63,41.475826,3824.1345,4.93,6090.000153,1122.0886,89.0,112090.0,15.199999,-86.241905
Honduras,2003,65.09046,35.0,47.94,2.54,0.0,1.81,41.609196,4087.4094,5.12,6730.000019,1145.497946,89.0,112090.0,15.199999,-86.241905
Honduras,2004,67.113525,36.3,46.7,3.12,0.0,1.54,33.04721,4235.931,5.23,7559.999943,1204.479826,89.0,112090.0,15.199999,-86.241905
Honduras,2005,68.90331,37.4,51.62,3.48,0.0,1.92,35.555553,4243.7075,4.89,6969.99979,1296.694784,89.0,112090.0,15.199999,-86.241905
Honduras,2006,71.26645,38.7,52.49,3.48,0.0,2.26,39.372826,3989.0889,5.0,7969.99979,1420.134396,89.0,112090.0,15.199999,-86.241905
Honduras,2007,73.54819,39.8,50.87,3.61,0.0,2.44,40.330578,4827.8486,5.04,8539.999962,1572.064888,89.0,112090.0,15.199999,-86.241905
Honduras,2008,76.3969,40.8,50.32,3.71,0.0,2.57,40.923565,4677.777,4.91,8590.000153,1727.793682,89.0,112090.0,15.199999,-86.241905
Honduras,2009,78.269684,41.5,51.33,3.31,0.0,3.07,48.11912,4338.667,4.97,8069.999695,1777.272802,89.0,112090.0,15.199999,-86.241905
Honduras,2010,80.984665,42.5,52.16,3.18,0.0,3.34,51.226994,4439.492,4.9,8180.000305,1891.158589,89.0,112090.0,15.199999,-86.241905
Honduras,2011,82.1953,43.2,51.92,3.6,0.0,3.4,48.57143,4406.6816,5.0,8810.00042,2073.90437,89.0,112090.0,15.199999,-86.241905
Honduras,2012,83.60773,43.8,52.27,3.94,0.0,3.55,47.39653,4707.272,5.05,9239.999771,2129.521439,89.0,112090.0,15.199999,-86.241905
Honduras,2013,87.18488,44.5,51.07,4.15,0.0,3.57,46.243526,4629.147,4.9,9369.999886,2088.097206,89.0,112090.0,15.199999,-86.241905
Honduras,2014,88.65377,45.1,53.63,4.76,0.0,3.61,43.130226,4979.008,4.83,9460.000038,2190.653139,89.0,112090.0,15.199999,-86.241905
Honduras,2015,89.98171,45.9,52.68,5.11,0.0,4.28,45.580406,5439.805,5.02,9930.000305,2286.203037,89.0,112090.0,15.199999,-86.241905
Honduras,2016,91.6,46.5,52.77,4.77,0.0,4.79,50.1046,5242.269,4.81,9470.000267,2326.297278,89.0,112090.0,15.199999,-86.241905
Honduras,2017,86.5,47.1,45.92,4.19,0.0,5.41,56.354164,5456.1885,4.05,9260.000229,2436.671636,89.0,112090.0,15.199999,-86.241905
Honduras,2018,91.6,47.2,49.76,3.8,0.0,6.11,61.654896,5896.7534,4.58,10050.00019,2492.868968,89.0,112090.0,15.199999,-86.241905
Honduras,2019,91.1,48.1,45.96,5.39,0.0,5.73,51.528778,5640.568,4.3,10220.00027,2556.456891,89.0,112090.0,15.199999,-86.241905
Honduras,2020,93.20671,48.3,45.96,5.46,0.0,5.85,51.724136,5048.4497,4.3,10220.00027,2389.012431,89.0,112090.0,15.199999,-86.241905
Hungary,2000,100.0,100.0,5.17,20.77,14.18,0.24,40.97755,27524.092,5.28,54630.0,4624.281657,107.0,93028.0,47.162494,19.503304
Hungary,2001,100.0,100.0,5.12,22.03,14.13,0.26,39.51126,28261.502,5.2,56280.0,5276.033189,107.0,93028.0,47.162494,19.503304
Hungary,2002,100.0,100.0,5.17,21.97,13.95,0.23,39.22545,27680.426,4.96,55599.99847,6655.333009,107.0,93028.0,47.162494,19.503304
Hungary,2003,100.0,100.0,5.01,22.79,11.01,0.33,33.2259,28106.879,4.87,58189.99863,8421.103313,107.0,93028.0,47.162494,19.503304
Hungary,2004,100.0,100.0,4.63,20.86,11.91,0.94,38.119255,28622.2,4.63,56349.99847,10303.70419,107.0,93028.0,47.162494,19.503304
Hungary,2005,100.0,100.0,7.29,20.05,13.83,1.87,43.916084,30582.84,4.78,55919.99817,11225.93258,107.0,93028.0,47.162494,19.503304
Hungary,2006,100.0,100.0,7.86,20.9,13.46,1.49,41.701534,30034.668,4.55,55459.99908,11493.10041,107.0,93028.0,47.162494,19.503304
Hungary,2007,100.0,100.0,9.0,23.4,14.68,1.88,41.44144,29686.33,4.45,53849.99847,13944.97101,107.0,93028.0,47.162494,19.503304
Hungary,2008,100.0,100.0,8.96,22.85,14.82,2.35,42.90355,29320.72,4.35,53009.99832,15777.19202,107.0,93028.0,47.162494,19.503304
Hungary,2009,100.0,100.0,12.29,17.59,15.43,2.89,51.01643,27245.459,4.43,47840.00015,13081.79264,107.0,93028.0,47.162494,19.503304
Hungary,2010,100.0,100.0,13.46,18.59,15.76,3.02,50.25422,27819.338,4.54,47880.00107,13223.083,107.0,93028.0,47.162494,19.503304
Hungary,2011,100.0,100.0,14.74,17.62,15.69,2.71,51.08273,27072.97,4.36,46909.99985,14240.2575,107.0,93028.0,47.162494,19.503304
Hungary,2012,100.0,100.0,16.47,16.19,15.79,2.64,53.235126,25308.668,4.21,43430.00031,12989.18028,107.0,93028.0,47.162494,19.503304
Hungary,2013,100.0,100.0,17.18,12.1,15.37,2.78,60.0,24057.617,4.0,40759.99832,13719.95054,107.0,93028.0,47.162494,19.503304
Hungary,2014,100.0,100.0,15.72,10.54,15.65,3.16,64.088585,24145.828,3.83,40630.00107,14298.83367,107.0,93028.0,47.162494,19.503304
Hungary,2015,100.0,100.0,15.6,11.24,15.83,3.22,62.892036,25501.146,3.9,43380.00107,12720.71202,107.0,93028.0,47.162494,19.503304
Hungary,2016,100.0,100.0,15.34,12.51,16.05,3.25,60.67274,26030.773,3.86,44250.0,13107.37791,107.0,93028.0,47.162494,19.503304
Hungary,2017,100.0,100.0,14.54,13.25,16.1,3.48,59.640568,27509.97,3.87,46439.99863,14623.69665,107.0,93028.0,47.162494,19.503304
Hungary,2018,100.0,100.0,13.58,12.43,15.73,3.77,61.07109,27740.646,3.66,46400.00153,16427.37276,107.0,93028.0,47.162494,19.503304
Hungary,2019,100.0,100.0,13.64,13.2,16.29,4.7,61.392223,28131.205,3.51,46380.00107,16735.65978,107.0,93028.0,47.162494,19.503304
Hungary,2020,100.0,100.0,13.64,13.2,16.06,5.52,62.047157,27724.254,3.51,46380.00107,15980.74089,107.0,93028.0,47.162494,19.503304
Iceland,2000,100.0,100.0,60.66,0.0,0.0,7.61,100.0,118057.81,11.18,2230.0,32096.37226,3.0,103000.0,64.963051,-19.020835
Iceland,2001,100.0,100.0,62.12,0.0,0.0,7.96,100.0,117792.88,10.4,2160.0,28897.44394,3.0,103000.0,64.963051,-19.020835
Iceland,2002,100.0,100.0,61.84,0.01,0.0,8.34,99.88023,121304.664,10.65,2240.00001,32409.21615,3.0,103000.0,64.963051,-19.020835
Iceland,2003,100.0,100.0,61.88,0.01,0.0,8.43,99.88152,121068.53,10.43,2230.000019,39476.69785,3.0,103000.0,64.963051,-19.020835
Iceland,2004,100.0,100.0,61.81,0.01,0.0,8.54,99.88304,122384.42,9.57,2319.999933,47334.93065,3.0,103000.0,64.963051,-19.020835
Iceland,2005,100.0,100.0,62.47,0.01,0.0,8.61,99.88399,120874.47,9.16,2289.999962,56794.85016,3.0,103000.0,64.963051,-19.020835
Iceland,2006,100.0,100.0,64.02,0.01,0.0,9.85,99.89859,129510.24,10.67,2329.999924,57492.93425,3.0,103000.0,64.963051,-19.020835
Iceland,2007,100.0,100.0,67.52,0.0,0.0,11.89,100.0,144361.56,11.69,2380.000114,69495.72674,3.0,103000.0,64.963051,-19.020835
Iceland,2008,100.0,100.0,74.0,0.0,0.0,16.34,100.0,177673.47,12.92,2180.000067,56943.37045,3.0,103000.0,64.963051,-19.020835
Iceland,2009,100.0,100.0,74.69,0.0,0.0,16.71,100.0,176767.39,14.52,2109.999895,41301.27322,3.0,103000.0,64.963051,-19.020835
Iceland,2010,100.0,100.0,75.96,0.0,0.0,16.74,100.0,177121.83,15.02,1960.000038,43237.07295,3.0,103000.0,64.963051,-19.020835
Iceland,2011,100.0,100.0,77.19,0.0,0.0,16.85,100.0,176561.36,15.78,1889.999986,47714.59223,3.0,103000.0,64.963051,-19.020835
Iceland,2012,100.0,100.0,77.82,0.0,0.0,17.29,100.0,177259.34,15.24,1860.000014,45995.54788,3.0,103000.0,64.963051,-19.020835
Iceland,2013,100.0,100.0,76.73,0.0,0.0,17.99,100.0,181204.22,15.2,2029.999971,49804.983,3.0,103000.0,64.963051,-19.020835
Iceland,2014,100.0,100.0,76.99,0.0,0.0,17.8,100.0,178940.12,14.89,2049.999952,54576.74481,3.0,103000.0,64.963051,-19.020835
Iceland,2015,100.0,100.0,77.33,0.0,0.0,18.55,100.0,184878.39,13.58,2059.999943,52951.68151,3.0,103000.0,64.963051,-19.020835
Iceland,2016,100.0,100.0,80.25,0.0,0.0,18.17,100.0,183038.08,12.07,1629.999995,61987.92636,3.0,103000.0,64.963051,-19.020835
Iceland,2017,100.0,100.0,80.08,0.0,0.0,18.84,100.0,186955.55,12.18,1669.999957,72010.14903,3.0,103000.0,64.963051,-19.020835
Iceland,2018,100.0,100.0,80.71,0.0,0.0,19.43,100.0,188294.0,12.78,1700.000048,74469.80406,3.0,103000.0,64.963051,-19.020835
Iceland,2019,100.0,100.0,81.07,0.0,0.0,19.12,100.0,175527.73,12.27,1639.999986,68941.46223,3.0,103000.0,64.963051,-19.020835
Iceland,2020,100.0,100.0,81.07,0.0,0.0,18.78,100.0,155754.6,12.27,1639.999986,59270.18005,3.0,103000.0,64.963051,-19.020835
India,2000,58.721474,22.3,46.88,475.35,15.77,80.27,16.808134,3518.6821,6.42,937860.0,443.3141938,464.0,3287263.0,20.593684,78.96288
India,2001,55.8,23.4,47.11,491.01,18.89,76.19,16.222763,3469.8364,6.22,953540.0,451.5729973,464.0,3287263.0,20.593684,78.96288
India,2002,62.3,24.7,45.75,517.51,19.35,72.78,15.112197,3519.7168,6.16,985450.0122,470.9867868,464.0,3287263.0,20.593684,78.96288
India,2003,64.047485,25.9,45.63,545.36,18.14,74.63,14.53779,3583.3396,5.84,1011770.02,546.7266135,464.0,3287263.0,20.593684,78.96288
India,2004,64.4,27.3,44.92,567.86,21.26,109.2,18.68198,3826.2053,5.73,1085670.044,627.7742417,464.0,3287263.0,20.593684,78.96288
India,2005,67.57981,28.6,44.16,579.32,17.73,107.47,17.770964,3987.0566,5.52,1136469.971,714.8610154,464.0,3287263.0,20.593684,78.96288
India,2006,67.9,29.5,43.16,599.24,17.63,127.56,19.503513,4136.6675,5.39,1215209.961,806.7532806,464.0,3287263.0,20.593684,78.96288
India,2007,71.119865,30.55,41.53,636.68,17.83,141.75,20.041193,4423.9287,5.31,1336739.99,1028.334772,464.0,3287263.0,20.593684,78.96288
India,2008,72.89938,32.0,39.37,674.27,15.23,138.91,18.60673,4616.339,5.43,1424380.005,998.5223415,464.0,3287263.0,20.593684,78.96288
India,2009,75.0,34.0,37.41,728.56,16.82,134.33,17.181797,4892.3794,5.5,1564880.005,1101.960838,464.0,3287263.0,20.593684,78.96288
India,2010,76.3,35.4,36.16,771.78,23.08,142.61,17.674166,5033.775,5.34,1659979.98,1357.563727,464.0,3287263.0,20.593684,78.96288
India,2011,67.6,37.2,35.01,828.16,32.22,173.62,19.907156,5236.977,5.28,1756739.99,1458.104066,464.0,3287263.0,20.593684,78.96288
India,2012,79.9,39.6,34.75,893.45,33.14,165.25,18.170246,5447.3413,5.29,1909439.941,1443.882435,464.0,3287263.0,20.593684,78.96288
India,2013,81.99933,41.6,34.85,924.93,33.31,187.9,19.300434,5555.5483,5.11,1972430.054,1449.610451,464.0,3287263.0,20.593684,78.96288
India,2014,83.8725,44.8,33.85,1025.29,34.69,202.04,18.758022,5857.2837,5.08,2147110.107,1573.885642,464.0,3287263.0,20.593684,78.96288
India,2015,88.0,48.2,33.4,1080.44,38.31,203.21,18.269842,5988.8335,4.82,2158020.02,1605.605445,464.0,3287263.0,20.593684,78.96288
India,2016,89.2178,51.4,33.02,1155.52,37.9,208.21,17.558842,6184.2495,4.54,2195250.0,1732.554242,464.0,3287263.0,20.593684,78.96288
India,2017,92.12495,55.8,32.41,1198.85,37.41,234.9,18.509884,6346.3545,4.47,2320409.912,1980.66702,464.0,3287263.0,20.593684,78.96288
India,2018,95.7,59.8,32.82,1276.32,39.05,263.61,19.16807,6633.665,4.4,2451929.932,1996.915087,464.0,3287263.0,20.593684,78.96288
India,2019,97.308266,63.9,32.93,1273.59,45.16,303.16,21.475914,6731.805,4.28,2456300.049,2100.751461,464.0,3287263.0,20.593684,78.96288
India,2020,99.0,67.9,32.93,1202.34,44.61,315.76,23.060581,6317.096,4.28,2456300.049,1927.707823,464.0,3287263.0,20.593684,78.96288
Iraq,2000,96.92168,74.1,0.36,29.41,0.0,0.61,2.0319786,13100.986,5.07,87630.0,2058.264401,93.0,438317.0,33.223191,43.679291
Iraq,2001,97.0628,77.0,0.35,29.74,0.0,0.61,2.0098846,14176.429,5.57,97550.0,1494.388802,93.0,438317.0,33.223191,43.679291
Iraq,2002,97.196335,79.4,0.31,31.34,0.0,0.51,1.6012559,13048.608,5.79,91160.00366,1320.734706,93.0,438317.0,33.223191,43.679291
Iraq,2003,97.32463,82.2,0.35,26.23,0.0,0.43,1.6129032,11233.329,8.1,81279.99878,854.8252808,93.0,438317.0,33.223191,43.679291
Iraq,2004,97.45004,84.9,0.36,29.89,0.0,0.49,1.6129032,11703.38,5.67,88110.00061,1391.963489,93.0,438317.0,33.223191,43.679291
Iraq,2005,97.57492,87.0,2.43,22.94,0.0,5.94,20.567867,10743.436,5.56,85129.99725,1855.522348,93.0,438317.0,33.223191,43.679291
Iraq,2006,97.62211,89.1,2.56,26.07,0.0,6.04,18.810339,10367.605,5.12,82959.99908,2373.209448,93.0,438317.0,33.223191,43.679291
Iraq,2007,98.1,90.9,2.0,25.85,0.0,5.68,18.01459,10543.257,4.94,76650.00153,3182.841351,93.0,438317.0,33.223191,43.679291
Iraq,2008,97.971436,92.6,1.15,31.35,0.0,3.45,9.913794,11838.88,4.93,88139.99939,4636.639325,93.0,438317.0,33.223191,43.679291
Iraq,2009,98.11988,93.9,1.21,39.83,0.0,3.19,7.415156,11209.113,5.12,94199.99695,3853.82862,93.0,438317.0,33.223191,43.679291
Iraq,2010,98.28097,95.0,1.67,41.49,0.0,4.72,10.214239,12167.795,5.32,108550.0031,4657.280269,93.0,438317.0,33.223191,43.679291
Iraq,2011,98.0,96.05,1.14,47.48,0.0,3.36,6.608969,12087.509,5.42,113040.0009,6045.494567,93.0,438317.0,33.223191,43.679291
Iraq,2012,99.3,96.7,1.3,39.13,0.0,4.35,10.0046,12609.8,5.26,129000.0,6836.073995,93.0,438317.0,33.223191,43.679291
Iraq,2013,98.86628,97.3,1.46,50.45,0.0,4.76,8.621627,13361.737,5.06,139100.0061,7076.552265,93.0,438317.0,33.223191,43.679291
Iraq,2014,99.098434,97.7,1.0,60.94,0.0,2.96,4.632238,12829.746,4.82,134039.9933,6637.684375,93.0,438317.0,33.223191,43.679291
Iraq,2015,99.34543,98.1,0.82,62.17,0.0,2.58,3.984556,12457.778,4.36,133169.9982,4688.318017,93.0,438317.0,33.223191,43.679291
Iraq,2016,99.6043,98.3,0.94,72.06,0.0,3.4,4.505698,13748.048,4.12,142229.9957,4550.658638,93.0,438317.0,33.223191,43.679291
Iraq,2017,99.87207,98.7,0.57,80.07,0.0,2.21,2.6859505,15090.169,4.74,155080.0018,4985.452879,93.0,438317.0,33.223191,43.679291
Iraq,2018,99.9,98.8,0.49,80.93,0.0,2.18,2.6230297,14896.87,5.67,163149.9939,5915.850854,93.0,438317.0,33.223191,43.679291
Iraq,2019,99.992004,98.9,0.43,83.85,0.0,5.34,5.987218,15430.376,5.57,174559.9976,5980.626918,93.0,438317.0,33.223191,43.679291
Iraq,2020,100.0,99.0,0.43,86.45,0.0,5.3,5.776567,12996.267,5.57,174559.9976,4145.862936,93.0,438317.0,33.223191,43.679291
Ireland,2000,100.0,100.0,2.04,22.49,0.0,1.18,4.985213,45993.887,3.12,42530.0,26269.18162,73.0,84421.0,53.41291,-8.24389
Ireland,2001,100.0,100.0,1.97,23.61,0.0,1.03,4.180195,47836.67,3.08,44820.0,28257.93859,73.0,84421.0,53.41291,-8.24389
Ireland,2002,100.0,100.0,2.25,23.46,0.0,1.38,5.5555553,46569.605,2.92,43930.00031,32550.27907,73.0,84421.0,53.41291,-8.24389
Ireland,2003,100.0,100.0,2.01,23.72,0.0,1.14,4.5856795,44674.87,2.77,44090.00015,41112.74822,73.0,84421.0,53.41291,-8.24389
Ireland,2004,100.0,100.0,2.31,23.83,0.0,1.39,5.511499,44733.043,2.67,44689.99863,47666.54708,73.0,84421.0,53.41291,-8.24389
Ireland,2005,100.0,100.0,2.89,23.75,0.0,1.87,7.298985,45659.78,2.55,46650.00153,50914.03129,73.0,84421.0,53.41291,-8.24389
Ireland,2006,100.0,100.0,3.23,24.64,0.0,2.47,9.111029,45880.33,2.44,47259.99832,54283.68178,73.0,84421.0,53.41291,-8.24389
Ireland,2007,100.0,100.0,3.57,25.56,0.0,2.81,9.904829,45259.535,2.36,46360.00061,61318.46603,73.0,84421.0,53.41291,-8.24389
Ireland,2008,100.0,100.0,4.21,26.32,0.0,3.6,12.032085,44106.4,2.45,45779.99878,61103.51347,73.0,84421.0,53.41291,-8.24389
Ireland,2009,100.0,100.0,5.3,23.85,0.0,4.12,14.730068,39248.785,2.5,40560.00137,51927.23096,73.0,84421.0,53.41291,-8.24389
Ireland,2010,100.0,100.0,5.31,24.44,0.0,3.72,13.210227,39407.06,2.45,40189.99863,48607.94052,73.0,84421.0,53.41291,-8.24389
Ireland,2011,100.0,100.0,6.61,21.73,0.0,5.43,19.992636,37465.4,2.23,36680.00031,52108.83323,73.0,84421.0,53.41291,-8.24389
Ireland,2012,100.0,100.0,6.64,21.88,0.0,5.25,19.351273,36688.957,2.23,37130.00107,49028.82739,73.0,84421.0,53.41291,-8.24389
Ireland,2013,100.0,100.0,7.44,19.94,0.0,5.63,22.01799,35956.3,2.19,35709.99908,51518.3881,73.0,84421.0,53.41291,-8.24389
Ireland,2014,100.0,100.0,8.55,19.42,0.0,6.39,24.757847,35600.855,1.97,35529.99878,55525.89725,73.0,84421.0,53.41291,-8.24389
Ireland,2015,100.0,100.0,9.2,20.24,0.0,7.86,27.971529,37274.28,1.64,37060.00137,61987.551,73.0,84421.0,53.41291,-8.24389
Ireland,2016,100.0,100.0,8.59,22.71,0.0,7.52,24.875952,38517.676,1.69,38819.99969,62818.96636,73.0,84421.0,53.41291,-8.24389
Ireland,2017,100.0,100.0,10.1,21.78,0.0,8.88,28.962818,38225.68,1.51,37779.99878,69601.68388,73.0,84421.0,53.41291,-8.24389
Ireland,2018,100.0,100.0,10.78,20.7,0.0,10.2,33.00971,38573.797,1.41,37659.99985,79068.97461,73.0,84421.0,53.41291,-8.24389
Ireland,2019,100.0,100.0,12.34,18.92,0.0,11.8,38.41146,38270.875,1.32,35750.0,80886.61574,73.0,84421.0,53.41291,-8.24389
Ireland,2020,100.0,100.0,12.34,18.51,0.0,13.46,42.10197,35630.062,1.32,35750.0,85267.76474,73.0,84421.0,53.41291,-8.24389
Israel,2000,100.0,100.0,5.96,40.07,0.0,0.03,0.07481297,37170.773,3.86,57000.0,21061.48228,400.0,20770.0,31.046051,34.851612
Israel,2001,100.0,100.0,6.3,41.3,0.0,0.02,0.04840271,36424.156,4.05,57950.0,20316.24805,400.0,20770.0,31.046051,34.851612
Israel,2002,100.0,100.0,6.5,42.74,0.0,0.03,0.07014262,36462.848,3.98,61080.00183,18439.64616,400.0,20770.0,31.046051,34.851612
Israel,2003,100.0,100.0,6.52,44.18,0.0,0.04,0.090456806,36880.75,4.13,62930.00031,18991.37985,400.0,20770.0,31.046051,34.851612
Israel,2004,100.0,100.0,6.73,44.41,0.0,0.04,0.08998875,36929.9,3.86,63159.99985,19910.61067,400.0,20770.0,31.046051,34.851612
Israel,2005,100.0,100.0,7.03,45.65,0.0,0.04,0.08754651,36458.637,3.57,61009.99832,20585.13861,400.0,20770.0,31.046051,34.851612
Israel,2006,100.0,100.0,6.86,47.5,0.0,0.02,0.04208754,36028.926,3.72,64330.00183,21853.14024,400.0,20770.0,31.046051,34.851612
Israel,2007,100.0,100.0,6.72,50.53,0.0,0.03,0.05933544,36725.434,3.61,66599.99847,24952.54759,400.0,20770.0,31.046051,34.851612
Israel,2008,100.0,100.0,8.9,53.34,0.0,0.04,0.07493443,37139.566,3.85,66709.99908,29650.77025,400.0,20770.0,31.046051,34.851612
Israel,2009,100.0,100.0,8.46,54.67,0.0,0.07,0.12787724,35460.906,3.59,65730.00336,27780.46372,400.0,20770.0,31.046051,34.851612
Israel,2010,100.0,100.0,8.55,58.41,0.0,0.14,0.23911187,36229.89,3.66,70519.99664,30780.02382,400.0,20770.0,31.046051,34.851612
Israel,2011,100.0,100.0,9.08,59.34,0.0,0.26,0.43624163,36258.53,3.49,69819.99969,33775.512,400.0,20770.0,31.046051,34.851612
Israel,2012,100.0,100.0,2.88,62.57,0.0,0.44,0.69830185,37267.684,3.46,76059.99756,32667.60687,400.0,20770.0,31.046051,34.851612
Israel,2013,100.0,100.0,3.27,60.76,0.0,0.58,0.94554937,34654.492,3.03,67000.0,36499.45611,400.0,20770.0,31.046051,34.851612
Israel,2014,100.0,100.0,3.7,59.9,0.0,0.96,1.5773907,33226.094,2.82,64720.00122,37847.64994,400.0,20770.0,31.046051,34.851612
Israel,2015,100.0,100.0,3.74,62.99,0.0,1.25,1.9458282,34426.47,2.9,66139.99939,35808.43643,400.0,20770.0,31.046051,34.851612
Israel,2016,100.0,100.0,3.98,65.34,0.0,1.69,2.521259,34475.207,2.81,64980.00336,37330.2618,400.0,20770.0,31.046051,34.851612
Israel,2017,100.0,100.0,3.86,65.81,0.0,1.79,2.647929,34537.31,2.67,65610.00061,40774.12961,400.0,20770.0,31.046051,34.851612
Israel,2018,100.0,100.0,3.75,67.02,0.0,1.85,2.6862204,34493.293,2.65,61080.00183,42063.45313,400.0,20770.0,31.046051,34.851612
Israel,2019,100.0,100.0,4.47,68.82,0.0,2.9,4.0435023,35085.457,2.51,62650.00153,43951.24773,400.0,20770.0,31.046051,34.851612
Israel,2020,100.0,100.0,4.47,67.75,0.0,3.86,5.3903084,32593.809,2.51,62650.00153,44168.94364,400.0,20770.0,31.046051,34.851612
Italy,2000,100.0,100.0,5.12,218.28,0.0,50.87,18.900242,36851.285,2.93,436300.0,20087.59199,206.0,301340.0,41.87194,12.56738
Italy,2001,100.0,100.0,5.38,216.73,0.0,54.35,20.049433,36802.125,2.88,436570.0,20483.21599,206.0,301340.0,41.87194,12.56738
Italy,2002,100.0,100.0,5.6,228.45,0.0,48.31,17.455557,36481.184,2.9,443470.0012,22270.14412,206.0,301340.0,41.87194,12.56738
Italy,2003,100.0,100.0,6.24,238.52,0.0,46.86,16.420212,37436.27,3.03,462200.0122,27465.6753,206.0,301340.0,41.87194,12.56738
Italy,2004,100.0,100.0,5.94,240.95,0.0,53.88,18.274939,37979.51,3.01,472399.9939,31259.7165,206.0,301340.0,41.87194,12.56738
Italy,2005,100.0,100.0,6.7,247.29,0.0,48.43,16.376978,37805.06,3.04,473829.9866,32043.14037,206.0,301340.0,41.87194,12.56738
Italy,2006,100.0,100.0,7.51,256.03,0.0,50.64,16.512863,37481.96,2.96,466649.9939,33501.65817,206.0,301340.0,41.87194,12.56738
Italy,2007,100.0,100.0,8.73,259.49,0.0,47.72,15.533349,36549.08,2.91,459369.9951,37822.66524,206.0,301340.0,41.87194,12.56738
Italy,2008,100.0,100.0,10.82,254.34,0.0,58.16,18.6112,35659.477,2.9,444980.011,40778.34274,206.0,301340.0,41.87194,12.56738
Italy,2009,100.0,100.0,12.54,218.32,0.0,69.26,24.083735,33102.94,2.86,397059.9976,37079.75867,206.0,301340.0,41.87194,12.56738
Italy,2010,100.0,100.0,12.79,220.93,0.0,76.98,25.84002,34046.293,2.88,405269.989,36000.52012,206.0,301340.0,41.87194,12.56738
Italy,2011,100.0,100.0,11.9,216.78,0.0,82.96,27.67732,33284.145,2.76,396690.0024,38599.06221,206.0,301340.0,41.87194,12.56738
Italy,2012,100.0,100.0,14.39,204.26,0.0,92.22,31.104963,32295.604,2.73,376750.0,35053.52624,206.0,301340.0,41.87194,12.56738
Italy,2013,100.0,100.0,16.32,175.07,0.0,112.0,39.014874,30816.12,2.68,346459.9915,35549.9747,206.0,301340.0,41.87194,12.56738
Italy,2014,100.0,100.0,17.13,156.76,0.0,120.68,43.497692,29214.832,2.53,327500.0,35518.41529,206.0,301340.0,41.87194,12.56738
Italy,2015,100.0,100.0,16.57,172.06,0.0,108.89,38.757786,30129.14,2.61,337859.9854,30230.2263,206.0,301340.0,41.87194,12.56738
Italy,2016,100.0,100.0,16.09,179.19,0.0,108.01,37.607937,30305.607,2.55,333339.9963,30939.71425,206.0,301340.0,41.87194,12.56738
Italy,2017,100.0,100.0,16.43,189.44,0.0,103.89,35.41745,30716.617,2.55,329190.0024,32326.67421,206.0,301340.0,41.87194,12.56738
Italy,2018,100.0,100.0,17.08,172.98,0.0,114.41,39.810013,30957.242,2.48,324880.0049,34605.26273,206.0,301340.0,41.87194,12.56738
Italy,2019,100.0,100.0,17.27,175.52,0.0,115.83,39.756306,30464.062,2.45,317239.9902,33641.63375,206.0,301340.0,41.87194,12.56738
Italy,2020,100.0,100.0,17.27,161.17,0.0,116.9,42.039772,27763.8,2.45,317239.9902,31714.22095,206.0,301340.0,41.87194,12.56738
Jamaica,2000,84.394135,75.7,9.37,5.76,0.0,0.46,7.3954988,16542.139,5.89,10060.0,3392.123878,273.0,10991.0,18.109581,-77.297508
Jamaica,2001,87.708115,77.6,7.95,5.85,0.0,0.41,6.5495205,16699.781,5.93,10080.0,3437.655517,273.0,10991.0,18.109581,-77.297508
Jamaica,2002,86.68129,79.2,8.07,6.07,0.0,0.46,7.04441,16544.623,5.56,10250.0,3609.203331,273.0,10991.0,18.109581,-77.297508
Jamaica,2003,86.60857,80.6,8.18,6.23,0.0,0.5,7.4294205,17159.158,5.6,10590.00015,3480.511665,273.0,10991.0,18.109581,-77.297508
Jamaica,2004,87.33781,81.9,6.4,6.25,0.0,0.54,7.9528723,16704.465,5.56,10569.99969,3733.798671,273.0,10991.0,18.109581,-77.297508
Jamaica,2005,88.066505,83.4,5.43,6.4,0.0,0.59,8.440629,17141.955,5.39,10560.00042,4103.601637,273.0,10991.0,18.109581,-77.297508
Jamaica,2006,88.79708,84.1,4.82,6.43,0.0,0.6,8.534851,19489.295,5.95,12060.00042,4331.292053,273.0,10991.0,18.109581,-77.297508
Jamaica,2007,89.53218,84.85,5.35,5.09,0.0,0.52,9.269162,19765.36,5.92,12020.00046,4623.747897,273.0,10991.0,18.109581,-77.297508
Jamaica,2008,92.0,85.4,5.99,3.57,0.0,0.43,10.75,16746.21,4.77,9619.999886,4928.126409,273.0,10991.0,18.109581,-77.297508
Jamaica,2009,91.02678,85.8,7.51,3.64,0.0,0.42,10.344828,13112.701,4.02,7880.000114,4335.178411,273.0,10991.0,18.109581,-77.297508
Jamaica,2010,92.2,85.9,8.98,3.55,0.0,0.41,10.353536,11996.119,3.8,7480.000019,4704.04776,273.0,10991.0,18.109581,-77.297508
Jamaica,2011,91.1,86.2,9.84,3.56,0.0,0.45,11.221945,12652.353,3.96,7530.00021,5111.465987,273.0,10991.0,18.109581,-77.297508
Jamaica,2012,93.1,86.1,12.16,3.46,0.0,0.47,11.959288,11797.367,3.85,6960.000038,5209.859264,273.0,10991.0,18.109581,-77.297508
Jamaica,2013,93.9,86.0,11.39,3.5,0.0,0.43,10.941476,12772.726,4.02,7400.000095,4989.734089,273.0,10991.0,18.109581,-77.297508
Jamaica,2014,93.3,85.85,11.88,3.45,0.0,0.46,11.764706,12533.961,3.89,7190.000057,4834.284009,273.0,10991.0,18.109581,-77.297508
Jamaica,2015,94.9,85.4,12.12,3.45,0.0,0.46,11.764706,12881.866,3.87,7090.000153,4907.927415,273.0,10991.0,18.109581,-77.297508
Jamaica,2016,96.73798,85.0,11.07,3.63,0.0,0.5,12.106537,13296.951,4.27,7570.000172,4843.7499,273.0,10991.0,18.109581,-77.297508
Jamaica,2017,97.60958,84.5,10.98,3.5,0.0,0.6,14.634148,11942.507,3.86,7219.99979,5070.099503,273.0,10991.0,18.109581,-77.297508
Jamaica,2018,98.48712,83.9,8.88,3.48,0.0,0.69,16.546762,12335.036,4.28,8609.999657,5359.993789,273.0,10991.0,18.109581,-77.297508
Jamaica,2019,99.36762,83.4,9.09,3.6,0.0,0.65,15.294118,15387.241,4.45,8390.000343,5369.498371,273.0,10991.0,18.109581,-77.297508
Jamaica,2020,100.0,82.7,9.09,3.43,0.0,0.64,15.724815,12098.731,4.45,8390.000343,4664.530242,273.0,10991.0,18.109581,-77.297508
Japan,2000,100.0,100.0,3.7,578.29,305.95,104.16,41.49231,49229.383,4.78,1182610.0,39169.35957,347.0,377944.0,36.204824,138.252924
Japan,2001,100.0,100.0,3.5,564.95,303.86,101.36,41.767937,48662.785,4.69,1170380.0,34406.18246,347.0,377944.0,36.204824,138.252924
Japan,2002,100.0,100.0,3.71,605.12,280.34,101.1,38.66364,48643.8,4.7,1206599.976,32820.79364,347.0,377944.0,36.204824,138.252924
Japan,2003,100.0,100.0,4.19,633.76,228.01,114.18,35.06225,48392.92,4.6,1214949.951,35387.03742,347.0,377944.0,36.204824,138.252924
Japan,2004,100.0,100.0,4.26,621.6,268.32,114.73,38.127705,48887.336,4.65,1209849.976,38298.98017,347.0,377944.0,36.204824,138.252924
Japan,2005,100.0,100.0,4.02,634.09,280.5,100.57,37.537926,49007.164,4.55,1212819.946,37812.89502,347.0,377944.0,36.204824,138.252924
Japan,2006,100.0,100.0,4.43,628.77,291.54,112.07,39.0951,48855.34,4.48,1189520.02,35991.546,347.0,377944.0,36.204824,138.252924
Japan,2007,100.0,100.0,4.29,705.37,267.34,100.8,34.293114,48292.938,4.37,1225069.946,35779.02454,347.0,377944.0,36.204824,138.252924
Japan,2008,100.0,100.0,4.44,663.88,241.25,100.79,34.002705,47418.41,4.26,1158219.971,39876.30397,347.0,377944.0,36.204824,138.252924
Japan,2009,100.0,100.0,4.51,611.86,263.05,102.28,37.38577,43254.305,4.3,1100979.98,41308.99684,347.0,377944.0,36.204824,138.252924
Japan,2010,100.0,100.0,4.66,689.89,278.36,113.92,36.249386,46114.938,4.35,1156479.98,44968.15623,347.0,377944.0,36.204824,138.252924
Japan,2011,100.0,100.0,4.82,777.1,153.38,116.5,25.776997,43712.98,4.03,1213520.02,48760.07895,347.0,377944.0,36.204824,138.252924
Japan,2012,100.0,100.0,4.68,920.39,15.12,111.09,12.059049,43428.844,3.89,1253609.985,49145.28043,347.0,377944.0,36.204824,138.252924
Japan,2013,100.0,100.0,5.05,897.88,10.43,121.48,12.809407,43171.46,3.82,1262780.029,40898.6479,347.0,377944.0,36.204824,138.252924
Japan,2014,100.0,100.0,5.58,892.18,0.0,136.53,13.271962,42146.168,3.69,1217119.995,38475.39525,347.0,377944.0,36.204824,138.252924
Japan,2015,100.0,100.0,6.16,844.23,3.24,157.34,15.981131,41622.67,3.59,1179439.941,34960.63938,347.0,377944.0,36.204824,138.252924
Japan,2016,100.0,100.0,6.39,832.4,14.87,157.7,17.171658,41172.285,3.54,1167790.039,39400.73936,347.0,377944.0,36.204824,138.252924
Japan,2017,100.0,100.0,6.92,806.12,27.75,175.12,20.106245,41783.035,3.5,1155229.98,38891.08627,347.0,377944.0,36.204824,138.252924
Japan,2018,100.0,100.0,7.22,780.61,47.82,183.63,22.869198,41694.16,3.45,1116150.024,39808.16856,347.0,377944.0,36.204824,138.252924
Japan,2019,100.0,100.0,7.69,735.66,63.88,192.72,25.860157,40868.688,3.33,1081569.946,40777.6087,347.0,377944.0,36.204824,138.252924
Japan,2020,100.0,100.0,7.69,716.67,41.86,205.6,25.666662,38029.27,3.33,1081569.946,40193.25244,347.0,377944.0,36.204824,138.252924
Jordan,2000,98.93427,99.6,2.09,6.89,0.0,0.05,0.7204611,13120.57,4.55,16270.0,1651.621798,115.0,89342.0,30.585164,36.238414
Jordan,2001,98.978065,99.7,2.12,7.04,0.0,0.05,0.7052186,12340.564,4.28,16250.0,1720.361427,115.0,89342.0,30.585164,36.238414
Jordan,2002,99.5,99.8,2.09,7.59,0.0,0.06,0.78431374,12667.007,4.25,16870.00084,1802.055064,115.0,89342.0,30.585164,36.238414
Jordan,2003,99.04525,99.8,1.98,7.47,0.0,0.05,0.6648936,13522.985,4.17,17309.99947,1876.259338,115.0,89342.0,30.585164,36.238414
Jordan,2004,99.17344,99.8,1.83,8.37,0.0,0.06,0.7117438,14329.478,4.62,18579.99992,2044.963723,115.0,89342.0,30.585164,36.238414
Jordan,2005,99.10089,99.8,1.69,9.01,0.0,0.07,0.7709251,15157.3,4.58,19870.00084,2183.394643,115.0,89342.0,30.585164,36.238414
Jordan,2006,100.0,99.9,2.28,10.38,0.0,0.07,0.6698565,14647.871,4.35,20170.00008,2513.028732,115.0,89342.0,30.585164,36.238414
Jordan,2007,98.8,99.9,2.32,12.14,0.0,0.09,0.7358954,13221.179,4.23,21090.00015,2735.378767,115.0,89342.0,30.585164,36.238414
Jordan,2008,100.0,99.9,2.74,12.92,0.0,0.09,0.69177556,12430.374,3.87,20010.00023,3455.769953,115.0,89342.0,30.585164,36.238414
Jordan,2009,99.4,99.9,2.78,13.33,0.0,0.08,0.5965697,12645.595,3.89,20659.99985,3559.692102,115.0,89342.0,30.585164,36.238414
Jordan,2010,100.0,99.9,2.95,13.81,0.0,0.08,0.5759539,12875.821,3.62,20200.00076,3736.645462,115.0,89342.0,30.585164,36.238414
Jordan,2011,99.651566,99.9,3.0,13.7,0.0,0.07,0.50835145,13144.025,3.5,20760.00023,3852.890025,115.0,89342.0,30.585164,36.238414
Jordan,2012,99.5,99.9,2.91,15.52,0.0,0.08,0.5128205,13750.912,3.8,24120.00084,3910.346894,115.0,89342.0,30.585164,36.238414
Jordan,2013,99.70144,99.9,3.12,16.15,0.0,0.07,0.431566,12796.636,3.65,23799.99924,4044.426869,115.0,89342.0,30.585164,36.238414
Jordan,2014,99.7485,99.9,3.1,17.1,0.0,0.08,0.46565774,11669.372,3.73,25549.99924,4131.44735,115.0,89342.0,30.585164,36.238414
Jordan,2015,99.89817,99.9,3.19,17.63,0.0,0.29,1.6183035,11497.137,3.84,25309.99947,4164.108769,115.0,89342.0,30.585164,36.238414
Jordan,2016,99.958824,99.9,4.67,17.61,0.0,0.93,5.016181,11675.889,3.88,24819.99969,4175.356602,115.0,89342.0,30.585164,36.238414
Jordan,2017,100.0,99.9,5.26,18.1,0.0,1.48,7.5587335,11783.324,4.01,26149.99962,4231.51828,115.0,89342.0,30.585164,36.238414
Jordan,2018,99.9,99.9,7.2,17.04,0.0,2.22,11.52648,11233.428,3.82,24780.00069,4308.151074,115.0,89342.0,30.585164,36.238414
Jordan,2019,100.0,99.9,8.17,16.41,0.0,3.02,15.542974,11258.242,3.8,24629.99916,4405.487109,115.0,89342.0,30.585164,36.238414
Jordan,2020,99.9,99.9,8.17,15.72,0.0,4.32,21.556887,9838.043,3.8,24629.99916,4282.765825,115.0,89342.0,30.585164,36.238414
Kenya,2000,15.131171,1.8,78.86,2.02,0.0,2.03,50.123455,1478.989,6.4,8320.0,397.4826588,94.0,580367.0,-0.023559,37.906193
Kenya,2001,17.033085,2.2,80.18,1.52,0.0,3.08,66.95652,1460.3776,6.26,7610.0,395.3294716,94.0,580367.0,-0.023559,37.906193
Kenya,2002,18.927414,2.6,80.59,1.1,0.0,3.65,76.8421,1429.8123,6.32,7420.000076,389.5426302,94.0,580367.0,-0.023559,37.906193
Kenya,2003,16.0,3.1,83.25,0.99,0.0,4.11,80.588234,1321.4634,6.28,6530.00021,429.787819,94.0,580367.0,-0.023559,37.906193
Kenya,2004,22.702715,3.6,82.31,1.45,0.0,4.0,73.3945,1380.108,6.28,7440.000057,451.6687666,94.0,580367.0,-0.023559,37.906193
Kenya,2005,24.588387,4.2,81.26,1.69,0.0,4.18,71.20953,1454.5236,6.15,8319.999695,511.6163943,94.0,580367.0,-0.023559,37.906193
Kenya,2006,26.47593,4.8,79.83,1.84,0.0,4.48,70.88607,1549.1115,6.03,9300.000191,685.9544229,94.0,580367.0,-0.023559,37.906193
Kenya,2007,28.367994,5.3,80.35,1.87,0.0,4.65,71.319016,1513.085,5.77,9369.999886,825.666555,94.0,580367.0,-0.023559,37.906193
Kenya,2008,30.26729,6.0,80.64,2.22,0.0,4.18,65.31249,1449.5537,5.97,9909.999847,902.0699578,94.0,580367.0,-0.023559,37.906193
Kenya,2009,23.0,6.6,78.35,2.73,0.0,3.84,58.447487,1537.1414,6.12,11710.00004,1035.338787,94.0,580367.0,-0.023559,37.906193
Kenya,2010,19.2,7.2,76.5,2.12,0.0,5.1,70.63712,1622.7236,5.9,12640.00034,1080.296184,94.0,580367.0,-0.023559,37.906193
Kenya,2011,36.035656,8.0,77.31,2.4,0.0,5.18,68.33773,1633.5077,5.67,13029.99973,1085.487152,94.0,580367.0,-0.023559,37.906193
Kenya,2012,37.990967,8.7,78.71,2.03,0.0,6.06,74.907295,1575.0422,5.49,12149.99962,1271.815383,94.0,580367.0,-0.023559,37.906193
Kenya,2013,39.966106,9.6,76.73,2.58,0.0,6.11,70.31071,1620.4467,5.51,14100.00038,1354.820833,94.0,580367.0,-0.023559,37.906193
Kenya,2014,36.0,10.6,74.95,1.67,0.0,6.7,80.04779,1655.0222,5.78,15149.99962,1462.220052,94.0,580367.0,-0.023559,37.906193
Kenya,2015,41.6,11.6,72.04,1.43,0.0,8.44,85.51165,1911.9027,5.8,17209.99908,1464.554009,94.0,580367.0,-0.023559,37.906193
Kenya,2016,53.1,13.0,70.94,1.43,0.0,8.26,85.24252,1966.5875,5.62,19110.00061,1525.235192,94.0,580367.0,-0.023559,37.906193
Kenya,2017,55.97641,14.4,71.3,2.29,0.0,8.41,78.59813,1939.6578,5.56,18979.99954,1633.491216,94.0,580367.0,-0.023559,37.906193
Kenya,2018,61.284573,16.0,72.47,1.46,0.0,9.79,87.022224,2047.2719,5.26,17489.99977,1794.091175,94.0,580367.0,-0.023559,37.906193
Kenya,2019,69.7,17.7,68.08,1.25,0.0,10.24,89.12098,1946.3412,5.31,22280.00069,1912.647867,94.0,580367.0,-0.023559,37.906193
Kenya,2020,71.43794,19.5,68.08,0.92,0.0,10.83,92.17021,1902.1184,5.31,22280.00069,1878.580703,94.0,580367.0,-0.023559,37.906193
Kiribati,2000,55.124897,1.6,55.85,0.01,0.0,0.0,0.0,1636.9808,5.07,30.0,796.8032036,147.0,811.0,1.8368976,-157.3768317
Kiribati,2001,56.919025,1.7,55.6,0.01,0.0,0.0,0.0,1370.5415,5.0,30.0,735.0691064,147.0,811.0,1.8368976,-157.3768317
Kiribati,2002,58.705566,1.7,49.11,0.01,0.0,0.0,0.0,1968.1482,5.64,39.99999911,826.9168653,147.0,811.0,1.8368976,-157.3768317
Kiribati,2003,60.486877,1.8,48.78,0.02,0.0,0.0,0.0,2004.7972,5.75,39.99999911,1015.667006,147.0,811.0,1.8368976,-157.3768317
Kiribati,2004,62.265297,1.9,46.99,0.02,0.0,0.0,0.0,2104.4172,6.16,50.00000075,1131.152504,147.0,811.0,1.8368976,-157.3768317
Kiribati,2005,69.67641,2.0,41.47,0.02,0.0,0.0,0.0,2702.9736,6.64,70.0000003,1214.635603,147.0,811.0,1.8368976,-157.3768317
Kiribati,2006,68.8,2.1,39.45,0.02,0.0,0.0,0.0,2949.2144,7.11,70.0000003,1168.473302,147.0,811.0,1.8368976,-157.3768317
Kiribati,2007,67.60722,2.3,44.6,0.02,0.0,0.0,0.0,2641.9128,6.66,59.99999866,1374.395199,147.0,811.0,1.8368976,-157.3768317
Kiribati,2008,69.39873,2.6,41.53,0.02,0.0,0.0,0.0,2903.1602,7.37,59.99999866,1428.134977,147.0,811.0,1.8368976,-157.3768317
Kiribati,2009,64.19,2.9,44.6,0.02,0.0,0.0,0.0,2485.87,6.66,59.99999866,1312.023443,147.0,811.0,1.8368976,-157.3768317
Kiribati,2010,63.167736,3.2,48.38,0.02,0.0,0.0,0.0,2429.8928,6.77,50.00000075,1516.76323,147.0,811.0,1.8368976,-157.3768317
Kiribati,2011,74.843735,3.6,48.85,0.02,0.0,0.0,0.0,2205.633,6.47,50.00000075,1734.903839,147.0,811.0,1.8368976,-157.3768317
Kiribati,2012,76.69126,4.1,47.08,0.02,0.0,0.0,0.0,2144.771,6.16,59.99999866,1788.691439,147.0,811.0,1.8368976,-157.3768317
Kiribati,2013,78.93106,4.5,44.53,0.02,0.0,0.0,0.0,2137.1572,5.97,59.99999866,1715.814321,147.0,811.0,1.8368976,-157.3768317
Kiribati,2014,83.45395,5.2,46.41,0.02,0.0,0.0,0.0,2120.318,6.13,59.99999866,1642.820129,147.0,811.0,1.8368976,-157.3768317
Kiribati,2015,90.55818,5.7,45.73,0.02,0.0,0.0,0.0,2253.5444,5.76,59.99999866,1542.616465,147.0,811.0,1.8368976,-157.3768317
Kiribati,2016,92.799614,6.5,46.49,0.03,0.0,0.0,0.0,2381.1416,5.28,70.0000003,1584.738015,147.0,811.0,1.8368976,-157.3768317
Kiribati,2017,86.176445,7.2,41.15,0.03,0.0,0.0,0.0,2644.3162,6.14,90.00000358,1640.571205,147.0,811.0,1.8368976,-157.3768317
Kiribati,2018,88.103165,8.2,41.03,0.03,0.0,0.0,0.0,2619.8926,6.03,90.00000358,1727.845001,147.0,811.0,1.8368976,-157.3768317
Kiribati,2019,90.03285,9.1,41.03,0.03,0.0,0.0,0.0,2592.4326,5.93,90.00000358,1601.861869,147.0,811.0,1.8368976,-157.3768317
Kiribati,2020,91.96303,9.9,41.03,0.03,0.0,0.0,0.0,2417.654,5.93,90.00000358,1653.540297,147.0,811.0,1.8368976,-157.3768317
Kuwait,2000,100.0,100.0,0.0,30.38,0.0,0.0,0.0,109536.43,6.91,49840.0,18440.37852,240.0,17818.0,29.31166,47.481766
Kuwait,2001,100.0,100.0,0.0,32.24,0.0,0.0,0.0,107600.5,7.36,53190.0,16587.24865,240.0,17818.0,29.31166,47.481766
Kuwait,2002,100.0,100.0,0.0,34.18,0.0,0.0,0.0,110790.81,7.21,55590.00015,17846.37616,240.0,17818.0,29.31166,47.481766
Kuwait,2003,100.0,100.0,0.0,37.41,0.0,0.0,0.0,128997.93,6.59,58119.99893,22148.37815,240.0,17818.0,29.31166,47.481766
Kuwait,2004,100.0,100.0,0.0,38.78,0.0,0.0,0.0,140627.27,6.6,61909.99985,27011.654,240.0,17818.0,29.31166,47.481766
Kuwait,2005,100.0,100.0,0.0,41.11,0.0,0.0,0.0,149455.02,6.78,69910.00366,35591.03713,240.0,17818.0,29.31166,47.481766
Kuwait,2006,100.0,100.0,0.0,44.75,0.0,0.0,0.0,135875.58,5.8,72430.00031,42781.56475,240.0,17818.0,29.31166,47.481766
Kuwait,2007,100.0,100.0,0.0,45.83,0.0,0.0,0.0,124446.914,5.28,70599.99847,45782.14857,240.0,17818.0,29.31166,47.481766
Kuwait,2008,100.0,100.0,0.0,48.64,0.0,0.0,0.0,127302.03,6.11,75839.99634,55494.9301,240.0,17818.0,29.31166,47.481766
Kuwait,2009,100.0,100.0,0.0,50.02,0.0,0.0,0.0,124978.22,6.84,77650.00153,37561.72593,240.0,17818.0,29.31166,47.481766
Kuwait,2010,100.0,100.0,0.0,53.66,0.0,0.0,0.0,133508.61,7.42,80720.00122,38577.49828,240.0,17818.0,29.31166,47.481766
Kuwait,2011,100.0,100.0,0.0,54.04,0.0,0.0,0.0,128367.73,6.58,83290.00092,48631.7834,240.0,17818.0,29.31166,47.481766
Kuwait,2012,100.0,100.0,0.0,57.45,0.0,0.0,0.0,122214.484,6.67,85309.99756,51979.12069,240.0,17818.0,29.31166,47.481766
Kuwait,2013,100.0,100.0,0.0,57.32,0.0,0.01,0.017442875,116451.43,5.57,87360.00061,49388.05338,240.0,17818.0,29.31166,47.481766
Kuwait,2014,100.0,100.0,0.0,61.23,0.0,0.01,0.016329195,114804.984,5.68,85569.99969,44062.34091,240.0,17818.0,29.31166,47.481766
Kuwait,2015,100.0,100.0,0.01,64.18,0.0,0.01,0.01557875,114809.12,7.08,89019.99664,29869.55275,240.0,17818.0,29.31166,47.481766
Kuwait,2016,100.0,100.0,0.01,65.83,0.0,0.02,0.030372059,109505.66,7.3,91550.00305,27653.15762,240.0,17818.0,29.31166,47.481766
Kuwait,2017,100.0,100.0,0.02,68.36,0.0,0.04,0.058479533,109312.47,7.18,90730.00336,29759.46747,240.0,17818.0,29.31166,47.481766
Kuwait,2018,100.0,100.0,0.03,69.58,0.0,0.06,0.08615738,106945.27,7.07,91389.99939,33399.06044,240.0,17818.0,29.31166,47.481766
Kuwait,2019,100.0,100.0,0.06,70.45,0.0,0.06,0.08509431,94612.555,7.4,92650.00153,32373.25112,240.0,17818.0,29.31166,47.481766
Kuwait,2020,100.0,100.0,0.06,66.89,0.0,0.05,0.074693754,91131.37,7.4,92650.00153,24811.76971,240.0,17818.0,29.31166,47.481766
Latvia,2000,100.0,100.0,35.82,1.32,0.0,2.82,68.115944,15779.984,5.27,6930.0,3361.640869,30.0,64589.0,56.879635,24.603189
Latvia,2001,100.0,100.0,35.35,1.44,0.0,2.83,66.276344,17236.137,5.32,7360.0,3578.0019,30.0,64589.0,56.879635,24.603189
Latvia,2002,100.0,100.0,34.38,1.49,0.0,2.48,62.468513,17635.336,4.92,7349.999905,4136.933297,30.0,64589.0,56.879635,24.603189
Latvia,2003,100.0,100.0,34.34,1.63,0.0,2.34,58.942062,17660.322,4.82,7590.000153,5145.195232,30.0,64589.0,56.879635,24.603189
Latvia,2004,100.0,100.0,36.11,1.49,0.0,3.2,68.23028,20126.611,4.56,7619.999886,6378.666521,30.0,64589.0,56.879635,24.603189
Latvia,2005,100.0,100.0,36.3,1.5,0.0,3.42,69.51219,21027.428,4.2,7710.000038,7594.902384,30.0,64589.0,56.879635,24.603189
Latvia,2006,100.0,100.0,34.0,2.1,0.0,2.79,57.055218,20211.02,3.88,8199.999809,9723.446902,30.0,64589.0,56.879635,24.603189
Latvia,2007,100.0,100.0,33.08,1.94,0.0,2.82,59.243694,21105.2,3.61,8529.999733,14113.52913,30.0,64589.0,56.879635,24.603189
Latvia,2008,100.0,100.0,33.71,2.06,0.0,3.21,60.910816,21504.193,3.57,8109.999657,16467.14369,30.0,64589.0,56.879635,24.603189
Latvia,2009,100.0,100.0,38.4,2.01,0.0,3.56,63.913822,20609.242,4.0,7360.000134,12331.92855,30.0,64589.0,56.879635,24.603189
Latvia,2010,100.0,100.0,33.07,2.99,0.0,3.64,54.90196,23635.057,4.28,8520.000458,11420.994,30.0,64589.0,56.879635,24.603189
Latvia,2011,100.0,100.0,35.54,3.01,0.0,3.08,50.57471,21346.463,3.8,7900.000095,13338.96224,30.0,64589.0,56.879635,24.603189
Latvia,2012,100.0,100.0,40.37,2.06,0.0,4.11,66.61264,22381.162,3.78,7570.000172,13847.33794,30.0,64589.0,56.879635,24.603189
Latvia,2013,100.0,100.0,39.6,2.67,0.0,3.53,56.935486,21775.469,3.63,7449.999809,15007.49186,30.0,64589.0,56.879635,24.603189
Latvia,2014,100.0,100.0,40.24,2.34,0.0,2.8,54.47471,20261.896,3.59,7280.00021,15721.45233,30.0,64589.0,56.879635,24.603189
Latvia,2015,100.0,100.0,38.1,2.76,0.0,2.78,50.180508,20957.162,3.39,7320.000172,13780.91355,30.0,64589.0,56.879635,24.603189
Latvia,2016,100.0,100.0,38.48,2.94,0.0,3.48,54.20561,22548.604,3.31,7150.000095,14322.02268,30.0,64589.0,56.879635,24.603189
Latvia,2017,100.0,100.0,42.6,2.07,0.0,5.46,72.50996,25054.545,3.31,7119.999886,15656.34749,30.0,64589.0,56.879635,24.603189
Latvia,2018,100.0,100.0,40.97,3.23,0.0,3.49,51.934525,22506.594,3.35,7789.999962,17856.30712,30.0,64589.0,56.879635,24.603189
Latvia,2019,100.0,100.0,41.52,3.25,0.0,3.19,49.53416,23394.7,3.18,7570.000172,17926.84159,30.0,64589.0,56.879635,24.603189
Latvia,2020,100.0,100.0,41.52,2.08,0.0,3.64,63.636368,21535.734,3.18,7570.000172,17726.25294,30.0,64589.0,56.879635,24.603189
Lesotho,2000,4.25876,16.0,56.7,0.0,0.0,0.29,100.0,1235.5165,13.95,390.0,436.4881373,71.0,30355.0,-29.609988,28.233608
Lesotho,2001,1.2522693,17.5,56.5,0.0,0.0,0.28,100.0,1251.1484,13.59,400.0,405.6057121,71.0,30355.0,-29.609988,28.233608
Lesotho,2002,3.3616586,19.2,56.16,0.0,0.0,0.31,100.0,1287.3501,13.61,409.9999964,382.1896086,71.0,30355.0,-29.609988,28.233608
Lesotho,2003,5.4658127,20.8,55.94,0.0,0.0,0.32,100.0,1312.4877,12.0,409.9999964,573.6517781,71.0,30355.0,-29.609988,28.233608
Lesotho,2004,6.8,22.2,55.41,0.0,0.0,0.3,100.0,1322.3566,12.05,430.0000072,753.3759044,71.0,30355.0,-29.609988,28.233608
Lesotho,2005,9.667811,23.9,55.31,0.0,0.0,0.46,100.0,1564.1565,11.9,430.0000072,842.812631,71.0,30355.0,-29.609988,28.233608
Lesotho,2006,9.7,25.5,55.46,0.0,0.0,0.52,100.0,1662.7148,11.62,430.0000072,904.6061298,71.0,30355.0,-29.609988,28.233608
Lesotho,2007,13.877541,26.9,55.33,0.0,0.0,0.55,100.0,2002.3392,11.4,439.9999976,846.5423208,71.0,30355.0,-29.609988,28.233608
Lesotho,2008,15.991897,28.4,54.99,0.0,0.0,0.58,100.0,1805.3613,11.05,460.0000083,889.1342855,71.0,30355.0,-29.609988,28.233608
Lesotho,2009,17.0,29.9,53.98,0.0,0.0,0.65,100.0,2048.8052,11.61,529.9999714,874.7298605,71.0,30355.0,-29.609988,28.233608
Lesotho,2010,17.0,31.2,52.98,0.0,0.0,0.69,100.0,2175.0613,11.07,550.0000119,1119.843641,71.0,30355.0,-29.609988,28.233608
Lesotho,2011,22.405441,32.5,42.21,0.0,0.0,0.49,100.0,1932.6333,11.95,569.9999928,1287.269536,71.0,30355.0,-29.609988,28.233608
Lesotho,2012,20.56,33.8,40.53,0.0,0.0,0.49,100.0,2021.0361,11.13,620.0000048,1229.636232,71.0,30355.0,-29.609988,28.233608
Lesotho,2013,26.766014,34.95,45.58,0.0,0.0,0.51,100.0,2043.1262,9.32,610.0000143,1166.911756,71.0,30355.0,-29.609988,28.233608
Lesotho,2014,27.8,35.8,42.39,0.0,0.0,0.52,100.0,2074.0635,9.15,610.0000143,1194.575627,71.0,30355.0,-29.609988,28.233608
Lesotho,2015,31.677334,36.5,44.94,0.0,0.0,0.53,100.0,2002.84,8.28,649.9999762,1146.064688,71.0,30355.0,-29.609988,28.233608
Lesotho,2016,35.07159,37.4,43.55,0.0,0.0,0.52,100.0,2142.4592,7.81,689.9999976,1018.931093,71.0,30355.0,-29.609988,28.233608
Lesotho,2017,33.7,38.1,39.62,0.0,0.0,0.54,100.0,2253.6167,8.38,699.9999881,1102.94441,71.0,30355.0,-29.609988,28.233608
Lesotho,2018,47.0,38.7,40.22,0.0,0.0,0.54,100.0,2182.0183,8.08,730.0000191,1192.48432,71.0,30355.0,-29.609988,28.233608
Lesotho,2019,44.50021,39.3,39.47,0.0,0.0,0.5,100.0,2188.859,8.14,769.9999809,1113.37214,71.0,30355.0,-29.609988,28.233608
Lesotho,2020,47.352737,40.1,39.47,0.0,0.0,0.5,100.0,2092.5305,8.14,769.9999809,875.353433,71.0,30355.0,-29.609988,28.233608
Liberia,2000,3.0,0.7,90.88,0.2,0.0,0.0,0.0,653.1203,10.09,430.0,306.8338642,53.0,111369.0,6.428055,-9.429499
Liberia,2001,3.0,0.6,90.86,0.2,0.0,0.0,0.0,676.3977,10.25,450.0,306.7102516,53.0,111369.0,6.428055,-9.429499
Liberia,2002,3.0,0.6,91.14,0.2,0.0,0.0,0.0,650.0258,10.24,449.9999881,306.4739396,53.0,111369.0,6.428055,-9.429499
Liberia,2003,3.0,0.6,90.35,0.2,0.0,0.0,0.0,706.2132,15.37,479.9999893,243.0895775,53.0,111369.0,6.428055,-9.429499
Liberia,2004,3.0,0.5,89.56,0.2,0.0,0.0,0.0,756.93256,15.7,560.0000024,286.0647253,53.0,111369.0,6.428055,-9.429499
Liberia,2005,3.0,0.5,87.76,0.2,0.0,0.0,0.0,846.99274,15.82,670.0000167,294.8932201,53.0,111369.0,6.428055,-9.429499
Liberia,2006,3.0,0.5,87.59,0.2,0.0,0.0,0.0,820.09924,15.19,689.9999976,336.1156743,53.0,111369.0,6.428055,-9.429499
Liberia,2007,3.0,0.4,89.83,0.25,0.0,0.0,0.0,728.0793,14.18,639.9999857,396.6017613,53.0,111369.0,6.428055,-9.429499
Liberia,2008,1.2792896,0.4,91.84,0.25,0.0,0.0,0.0,619.2872,13.47,540.0000215,478.3995401,53.0,111369.0,6.428055,-9.429499
Liberia,2009,1.9,0.4,91.81,0.25,0.0,0.0,0.0,547.7462,13.09,540.0000215,470.9481214,53.0,111369.0,6.428055,-9.429499
Liberia,2010,5.1626644,0.4,88.59,0.25,0.0,0.0,0.0,837.7503,13.52,730.0000191,513.4455667,53.0,111369.0,6.428055,-9.429499
Liberia,2011,4.1,0.4,87.1,0.28,0.0,0.0,0.0,896.8281,13.09,850.0000238,596.8966353,53.0,111369.0,6.428055,-9.429499
Liberia,2012,9.107472,0.4,86.21,0.28,0.0,0.0,0.0,960.11163,12.69,949.9999881,675.0101918,53.0,111369.0,6.428055,-9.429499
Liberia,2013,9.8,0.3,87.54,0.28,0.0,0.0,0.0,830.95197,11.79,920.0000167,747.8686601,53.0,111369.0,6.428055,-9.429499
Liberia,2014,9.4,0.4,84.02,0.28,0.0,0.0,0.0,1071.9282,12.61,1220.000029,739.911935,53.0,111369.0,6.428055,-9.429499
Liberia,2015,15.161736,0.4,83.93,0.29,0.0,0.0,0.0,1054.1843,13.0,1259.99999,721.5810505,53.0,111369.0,6.428055,-9.429499
Liberia,2016,17.7,0.4,82.66,0.38,0.0,0.0,0.0,1187.8451,13.92,1409.999967,740.914906,53.0,111369.0,6.428055,-9.429499
Liberia,2017,24.2,0.4,84.77,0.37,0.0,0.0,0.0,1007.256,13.66,1279.999971,721.085044,53.0,111369.0,6.428055,-9.429499
Liberia,2018,22.879133,0.4,87.06,0.32,0.0,0.0,0.0,1122.4692,13.59,1129.999995,710.2659984,53.0,111369.0,6.428055,-9.429499
Liberia,2019,23.1,0.4,87.24,0.31,0.0,0.0,0.0,1100.8312,14.33,1179.999948,672.3404992,53.0,111369.0,6.428055,-9.429499
Liberia,2020,27.53471,0.4,87.24,0.36,0.0,0.53,59.55056,1030.0463,14.33,1179.999948,632.9363856,53.0,111369.0,6.428055,-9.429499
Lithuania,2000,100.0,100.0,17.19,2.27,8.42,0.34,79.41977,21678.389,6.17,10510.0,3293.229979,43.0,65300.0,55.169438,23.881275
Lithuania,2001,100.0,100.0,17.59,2.6,11.36,0.33,81.80546,25635.498,6.72,11150.0,3525.793632,43.0,65300.0,55.169438,23.881275
Lithuania,2002,100.0,100.0,17.89,2.66,14.14,0.35,84.4898,27703.938,6.75,11220.00027,4141.592702,43.0,65300.0,55.169438,23.881275
Lithuania,2003,100.0,100.0,18.07,2.85,15.48,0.33,84.72669,29436.242,6.37,11229.99954,5499.428989,43.0,65300.0,55.169438,23.881275
Lithuania,2004,100.0,100.0,18.07,3.05,15.1,0.43,83.5845,30054.08,6.06,11909.99985,6700.327192,43.0,65300.0,55.169438,23.881275
Lithuania,2005,100.0,100.0,17.51,3.42,10.34,0.46,75.94936,27817.504,5.31,12829.99992,7854.765279,43.0,65300.0,55.169438,23.881275
Lithuania,2006,100.0,100.0,17.46,2.79,8.65,0.43,76.49537,26969.346,4.86,13020.00046,9230.707981,43.0,65300.0,55.169438,23.881275
Lithuania,2007,100.0,100.0,17.06,2.82,9.83,0.58,78.68481,29979.059,4.74,13210.00004,12285.44705,43.0,65300.0,55.169438,23.881275
Lithuania,2008,100.0,100.0,18.34,2.6,9.89,0.6,80.13751,30124.53,4.66,13060.00042,14944.99665,43.0,65300.0,55.169438,23.881275
Lithuania,2009,100.0,100.0,20.09,2.84,10.85,0.68,80.2366,28308.246,5.03,11689.99958,11820.77616,43.0,65300.0,55.169438,23.881275
Lithuania,2010,100.0,100.0,21.46,3.84,0.0,0.91,19.157894,20948.318,3.98,12600.00038,11987.50841,43.0,65300.0,55.169438,23.881275
Lithuania,2011,100.0,100.0,22.74,2.88,0.0,1.11,27.81955,22097.504,3.89,11850.00038,14376.94786,43.0,65300.0,55.169438,23.881275
Lithuania,2012,100.0,100.0,23.92,3.12,0.0,1.18,27.441858,22394.059,3.78,11930.00031,14367.70942,43.0,65300.0,55.169438,23.881275
Lithuania,2013,100.0,100.0,26.34,2.45,0.0,1.53,38.44221,20938.49,3.45,11329.99992,15729.65247,43.0,65300.0,55.169438,23.881275
Lithuania,2014,100.0,100.0,27.73,1.95,0.0,1.51,43.641617,20422.297,3.34,10859.99966,16551.0182,43.0,65300.0,55.169438,23.881275
Lithuania,2015,100.0,100.0,28.96,2.32,0.0,1.68,42.0,21569.006,3.3,11069.99969,14258.22933,43.0,65300.0,55.169438,23.881275
Lithuania,2016,100.0,100.0,31.47,1.31,0.0,2.1,61.583572,22207.523,3.3,11199.99981,14998.12506,43.0,65300.0,55.169438,23.881275
Lithuania,2017,100.0,100.0,33.78,0.82,0.0,2.53,75.52239,23635.178,3.31,11220.00027,16843.69965,43.0,65300.0,55.169438,23.881275
Lithuania,2018,100.0,100.0,33.73,0.55,0.0,2.2,80.0,24616.006,3.22,11649.99962,19176.81215,43.0,65300.0,55.169438,23.881275
Lithuania,2019,100.0,100.0,33.53,0.67,0.0,2.47,78.662415,24873.117,3.08,11729.99954,19575.76848,43.0,65300.0,55.169438,23.881275
Lithuania,2020,100.0,100.0,33.53,1.96,0.0,2.57,56.73289,24924.742,3.08,11729.99954,20233.64135,43.0,65300.0,55.169438,23.881275
Luxembourg,2000,100.0,100.0,6.81,0.24,0.0,0.16,40.0,85402.43,3.35,8560.0,48538.7829,242.0,2586.0,49.815273,6.129583
Luxembourg,2001,100.0,100.0,3.42,0.7,0.0,0.17,19.54023,90348.625,3.44,9120.0,48398.22929,242.0,2586.0,49.815273,6.129583
Luxembourg,2002,100.0,100.0,1.32,2.65,0.0,0.15,5.3571434,97735.35,3.44,9819.999695,52754.27325,242.0,2586.0,49.815273,6.129583
Luxembourg,2003,100.0,100.0,1.28,2.65,0.0,0.14,5.0179214,101260.22,3.57,10239.99977,65544.59195,242.0,2586.0,49.815273,6.129583
Luxembourg,2004,100.0,100.0,1.35,3.18,0.0,0.19,5.6379824,113106.17,3.84,11659.99985,76404.41504,242.0,2586.0,49.815273,6.129583
Luxembourg,2005,100.0,100.0,1.87,3.14,0.0,0.21,6.2686567,113049.23,3.8,11909.99985,80957.94128,242.0,2586.0,49.815273,6.129583
Luxembourg,2006,100.0,100.0,2.08,3.29,0.0,0.25,7.062147,109285.4,3.57,11720.00027,90712.79929,242.0,2586.0,49.815273,6.129583
Luxembourg,2007,100.0,100.0,3.64,2.93,0.0,0.26,8.15047,104455.21,3.2,11109.99966,107338.8652,242.0,2586.0,49.815273,6.129583
Luxembourg,2008,100.0,100.0,3.96,2.44,0.0,0.28,10.294118,101834.57,3.24,11020.00046,119932.2437,242.0,2586.0,49.815273,6.129583
Luxembourg,2009,100.0,100.0,3.73,2.88,0.0,0.27,8.571429,95591.98,3.19,10439.99958,108987.6776,242.0,2586.0,49.815273,6.129583
Luxembourg,2010,100.0,100.0,3.68,2.97,0.0,0.27,8.333334,98832.99,3.24,11029.99973,110777.9079,242.0,2586.0,49.815273,6.129583
Luxembourg,2011,100.0,100.0,3.76,2.4,0.0,0.24,9.090909,94211.61,3.12,10899.99962,118869.2999,242.0,2586.0,49.815273,6.129583
Luxembourg,2012,100.0,100.0,4.15,2.45,0.0,0.31,11.231884,90375.62,3.08,10689.99958,112591.1162,242.0,2586.0,49.815273,6.129583
Luxembourg,2013,100.0,100.0,5.72,1.48,0.0,0.36,19.565218,84137.46,2.88,10149.99962,119966.0349,242.0,2586.0,49.815273,6.129583
Luxembourg,2014,100.0,100.0,6.85,1.51,0.0,0.4,20.94241,79619.14,2.66,9649.999619,123514.1967,242.0,2586.0,49.815273,6.129583
Luxembourg,2015,100.0,100.0,9.09,0.91,0.0,0.43,32.08955,75576.625,2.48,9130.000114,105419.6085,242.0,2586.0,49.815273,6.129583
Luxembourg,2016,100.0,100.0,13.5,0.33,0.0,0.46,58.227848,72784.555,2.35,8850.000381,106826.7264,242.0,2586.0,49.815273,6.129583
Luxembourg,2017,100.0,100.0,15.33,0.3,0.0,0.6,66.66667,74384.77,2.35,9000.0,109921.0314,242.0,2586.0,49.815273,6.129583
Luxembourg,2018,100.0,100.0,16.09,0.28,0.0,0.68,70.833336,76376.74,2.37,9319.999695,117197.4817,242.0,2586.0,49.815273,6.129583
Luxembourg,2019,100.0,100.0,16.45,0.27,0.0,0.8,74.76635,76273.7,2.34,9489.999771,113218.7133,242.0,2586.0,49.815273,6.129583
Luxembourg,2020,100.0,100.0,16.45,0.25,0.0,0.97,79.508194,64241.79,2.34,9489.999771,116014.6025,242.0,2586.0,49.815273,6.129583
Madagascar,2000,12.72419,1.3,82.62,0.24,0.0,0.54,69.230774,591.2006,6.03,1650.0,293.6071574,48.0,587041.0,-18.766947,46.869107
Madagascar,2001,14.8,1.3,84.32,0.36,0.0,0.53,59.55056,563.0391,5.72,1670.0,334.4416177,48.0,587041.0,-18.766947,46.869107
Madagascar,2002,14.046576,1.3,87.35,0.33,0.0,0.54,62.06897,422.2325,6.37,1120.000005,319.2163788,48.0,587041.0,-18.766947,46.869107
Madagascar,2003,20.3,1.2,84.99,0.39,0.0,0.6,60.606064,524.7671,6.17,1549.999952,368.7972369,48.0,587041.0,-18.766947,46.869107
Madagascar,2004,15.348019,1.2,84.44,0.47,0.0,0.63,57.272724,554.3044,6.06,1649.999976,284.4877263,48.0,587041.0,-18.766947,46.869107
Madagascar,2005,15.996761,1.1,84.94,0.47,0.0,0.64,57.657658,520.9991,5.88,1710.000038,319.5374751,48.0,587041.0,-18.766947,46.869107
Madagascar,2006,16.647375,1.1,86.03,0.5,0.0,0.63,55.752213,498.27472,5.67,1639.999986,338.7511983,48.0,587041.0,-18.766947,46.869107
Madagascar,2007,17.302511,1.1,86.19,0.47,0.0,0.71,60.169495,516.442,5.55,1720.000029,438.6555158,48.0,587041.0,-18.766947,46.869107
Madagascar,2008,17.96488,1.0,86.14,0.54,0.0,0.69,56.09756,531.468,5.45,1779.999971,536.3514017,48.0,587041.0,-18.766947,46.869107
Madagascar,2009,17.4,1.0,87.07,0.5,0.0,0.73,59.349594,455.50735,5.84,1690.000057,467.5397834,48.0,587041.0,-18.766947,46.869107
Madagascar,2010,12.3,0.9,86.66,0.62,0.0,0.7,53.0303,469.25098,6.08,1870.000005,471.9592116,48.0,587041.0,-18.766947,46.869107
Madagascar,2011,14.3,0.9,84.6,0.66,0.0,0.68,50.74627,511.36972,6.34,2190.000057,531.2654321,48.0,587041.0,-18.766947,46.869107
Madagascar,2012,18.7,0.9,83.4,0.95,0.0,0.75,44.117645,587.69507,6.48,2740.00001,518.1528127,48.0,587041.0,-18.766947,46.869107
Madagascar,2013,12.9,0.9,81.17,1.04,0.0,0.81,43.783783,600.2899,6.7,2930.000067,541.0659437,48.0,587041.0,-18.766947,46.869107
Madagascar,2014,22.235073,0.9,80.12,1.08,0.0,0.89,45.177666,635.02496,6.65,3009.99999,530.8610389,48.0,587041.0,-18.766947,46.869107
Madagascar,2015,23.005934,0.9,80.55,1.11,0.0,0.95,46.116505,676.7416,6.68,3279.999971,467.2354316,48.0,587041.0,-18.766947,46.869107
Madagascar,2016,22.9,0.9,83.85,1.12,0.0,0.9,44.554455,691.3689,7.86,3180.000067,475.9555568,48.0,587041.0,-18.766947,46.869107
Madagascar,2017,24.1,0.9,81.32,1.4,0.0,0.8,36.363636,617.7024,8.03,3470.000029,515.2933234,48.0,587041.0,-18.766947,46.869107
Madagascar,2018,36.5,0.9,83.74,1.29,0.0,0.98,43.171806,579.6003,8.5,3349.999905,523.9459714,48.0,587041.0,-18.766947,46.869107
Madagascar,2019,31.04,0.9,82.77,1.1,0.0,0.91,45.273632,678.70404,8.56,4119.999886,522.9895243,48.0,587041.0,-18.766947,46.869107
Madagascar,2020,33.735077,1.0,82.77,1.29,0.0,0.68,34.517765,447.50406,8.56,4119.999886,471.4914963,48.0,587041.0,-18.766947,46.869107
Malawi,2000,4.8,2.1,82.62,0.15,0.0,1.09,87.90323,606.25275,5.29,710.0,156.3858168,203.0,118484.0,-13.254308,34.301525
Malawi,2001,5.13952,2.1,83.13,0.15,0.0,1.11,88.09524,581.4494,5.51,680.0,150.1489426,203.0,118484.0,-13.254308,34.301525
Malawi,2002,5.5341597,2.1,83.3,0.16,0.0,1.17,87.96992,560.5774,5.66,680.0000072,298.4334104,203.0,118484.0,-13.254308,34.301525
Malawi,2003,6.2,2.1,82.83,0.12,0.0,1.23,91.11111,574.14386,5.43,750.0,267.3990119,203.0,118484.0,-13.254308,34.301525
Malawi,2004,6.9,2.1,82.45,0.15,0.0,1.34,89.932884,596.341,5.23,769.9999809,282.5671076,203.0,118484.0,-13.254308,34.301525
Malawi,2005,6.696063,2.2,83.17,0.14,0.0,1.39,90.84968,564.4167,5.09,759.9999905,289.5552148,203.0,118484.0,-13.254308,34.301525
Malawi,2006,3.6532273,2.3,82.8,0.14,0.0,1.42,91.02564,566.84424,4.85,779.9999714,308.1636182,203.0,118484.0,-13.254308,34.301525
Malawi,2007,7.476292,2.3,82.21,0.14,0.0,1.45,91.19497,548.9341,4.59,829.9999833,332.2590946,203.0,118484.0,-13.254308,34.301525
Malawi,2008,7.8758984,2.4,80.39,0.11,0.0,1.62,93.64162,607.96954,4.46,959.9999785,387.6057212,203.0,118484.0,-13.254308,34.301525
Malawi,2009,8.285444,2.45,80.01,0.13,0.0,1.58,92.39766,549.8785,4.15,980.0000191,438.2118568,203.0,118484.0,-13.254308,34.301525
Malawi,2010,8.7,2.5,81.21,0.13,0.0,1.83,93.36735,640.52893,3.86,889.9999857,478.6686885,203.0,118484.0,-13.254308,34.301525
Malawi,2011,7.6,2.5,80.17,0.13,0.0,1.88,93.53234,626.8056,3.79,930.0000072,534.9510502,203.0,118484.0,-13.254308,34.301525
Malawi,2012,7.4,2.4,80.11,0.13,0.0,1.96,93.77991,611.7529,3.77,949.9999881,391.5617052,203.0,118484.0,-13.254308,34.301525
Malawi,2013,9.0,2.3,79.68,0.13,0.0,1.96,93.77991,604.7202,3.61,980.0000191,348.4298737,203.0,118484.0,-13.254308,34.301525
Malawi,2014,11.9,2.2,82.7,0.13,0.0,2.08,94.117645,605.3154,3.38,850.0000238,371.2695217,203.0,118484.0,-13.254308,34.301525
Malawi,2015,10.8,2.0,80.87,0.13,0.0,2.08,94.117645,567.38477,3.37,930.0000072,380.5969877,203.0,118484.0,-13.254308,34.301525
Malawi,2016,11.0,1.8,78.69,0.15,0.0,2.05,93.181816,581.6119,3.36,1120.000005,315.7779871,203.0,118484.0,-13.254308,34.301525
Malawi,2017,12.7,1.6,75.94,0.19,0.0,1.9,90.909096,583.40607,3.32,1190.000057,506.1372944,203.0,118484.0,-13.254308,34.301525
Malawi,2018,18.02,1.3,73.03,0.2,0.0,1.44,87.80488,542.3849,3.28,1379.999995,544.5934354,203.0,118484.0,-13.254308,34.301525
Malawi,2019,11.2,1.2,73.02,0.2,0.0,1.5,88.23529,537.8198,3.18,1450.000048,591.8463896,203.0,118484.0,-13.254308,34.301525
Malawi,2020,14.866769,1.0,73.02,0.21,0.0,1.5,87.7193,503.25735,3.18,1450.000048,636.8205368,203.0,118484.0,-13.254308,34.301525
Maldives,2000,83.8,53.1,2.34,0.1,0.0,0.0,0.0,10129.736,1.74,460.0,2234.595861,1.802,298.0,3.202778,73.22068
Maldives,2001,87.48629,58.6,2.26,0.11,0.0,0.0,0.0,8351.583,1.85,480.0,3038.781417,1.802,298.0,3.202778,73.22068
Maldives,2002,88.3575,63.7,1.78,0.12,0.0,0.0,0.0,9816.173,2.2,620.0000048,3049.207981,1.802,298.0,3.202778,73.22068
Maldives,2003,89.223465,68.9,2.22,0.13,0.0,0.0,0.0,8392.205,1.66,529.9999714,3476.006273,1.802,298.0,3.202778,73.22068
Maldives,2004,90.08655,74.0,1.67,0.15,0.0,0.0,0.0,10799.323,2.07,750.0,3941.431136,1.802,298.0,3.202778,73.22068
Maldives,2005,90.94909,78.7,1.95,0.17,0.0,0.0,0.0,9621.824,2.16,720.0000286,3640.012132,1.802,298.0,3.202778,73.22068
Maldives,2006,91.81351,82.9,1.59,0.2,0.0,0.0,0.0,11906.826,2.16,870.0000048,4809.93374,1.802,298.0,3.202778,73.22068
Maldives,2007,92.68245,86.15,1.52,0.23,0.0,0.0,0.0,11930.126,2.06,870.0000048,5574.401981,1.802,298.0,3.202778,73.22068
Maldives,2008,93.558624,89.0,1.53,0.26,0.0,0.0,0.0,12517.4,2.02,870.0000048,6614.23618,1.802,298.0,3.202778,73.22068
Maldives,2009,99.9,91.25,1.49,0.28,0.0,0.0,0.0,12835.753,2.29,910.0000262,6636.543871,1.802,298.0,3.202778,73.22068
Maldives,2010,99.15686,93.3,1.36,0.34,0.0,0.0,0.0,12524.812,2.25,959.9999785,7076.739821,1.802,298.0,3.202778,73.22068
Maldives,2011,99.27725,94.8,1.34,0.36,0.0,0.0,0.0,13070.632,2.19,1009.99999,7291.465967,1.802,298.0,3.202778,73.22068
Maldives,2012,99.38667,95.9,1.2,0.39,0.0,0.0,0.0,16088.853,2.4,1139.999986,7265.723399,1.802,298.0,3.202778,73.22068
Maldives,2013,99.47417,96.6,1.26,0.4,0.0,0.0,0.0,16413.824,2.21,1129.999995,7928.476443,1.802,298.0,3.202778,73.22068
Maldives,2014,100.0,97.3,1.2,0.5,0.0,0.01,1.9607843,21157.406,2.47,1370.000005,8499.307148,1.802,298.0,3.202778,73.22068
Maldives,2015,99.706474,97.9,1.38,0.56,0.0,0.01,1.754386,15149.077,2.4,1370.000005,9033.41027,1.802,298.0,3.202778,73.22068
Maldives,2016,100.0,98.3,1.21,0.6,0.0,0.01,1.6393442,15410.746,2.47,1759.99999,9209.443564,1.802,298.0,3.202778,73.22068
Maldives,2017,99.8,98.6,1.25,0.6,0.0,0.02,3.2258065,15375.788,2.42,1860.000014,9577.346946,1.802,298.0,3.202778,73.22068
Maldives,2018,100.0,98.8,1.12,0.61,0.0,0.03,4.6875,17020.91,2.56,2099.999905,10279.07998,1.802,298.0,3.202778,73.22068
Maldives,2019,100.0,99.0,1.11,0.61,0.0,0.03,4.6875,18567.896,2.69,2109.999895,10561.61351,1.802,298.0,3.202778,73.22068
Maldives,2020,100.0,99.2,1.11,0.57,0.0,0.04,6.557377,17308.588,2.69,2109.999895,6924.105745,1.802,298.0,3.202778,73.22068
Mali,2000,9.5932,0.7,83.47,0.14,0.0,0.25,64.10257,391.75388,4.82,1410.0,270.542236,17.0,1240192.0,17.570692,-3.996166
Mali,2001,10.8,0.8,82.1,0.15,0.0,0.25,62.5,384.58038,4.38,1610.0,307.7048595,17.0,1240192.0,17.570692,-3.996166
Mali,2002,13.059765,0.8,83.58,0.15,0.0,0.26,63.414635,360.90942,4.73,1399.999976,336.4187392,17.0,1240192.0,17.570692,-3.996166
Mali,2003,14.784019,0.8,85.79,0.17,0.0,0.26,60.465115,350.71347,4.77,1399.999976,393.4050091,17.0,1240192.0,17.570692,-3.996166
Mali,2004,16.505388,0.8,81.53,0.18,0.0,0.28,60.869564,353.03635,5.0,1480.000019,440.9567771,17.0,1240192.0,17.570692,-3.996166
Mali,2005,18.22622,0.8,82.33,0.29,0.0,0.49,62.820515,378.31973,4.79,1649.999976,489.0213369,17.0,1240192.0,17.570692,-3.996166
Mali,2006,16.6,0.9,81.65,0.31,0.0,0.53,63.095234,429.55984,4.7,1889.999986,523.0386031,17.0,1240192.0,17.570692,-3.996166
Mali,2007,21.676151,0.9,78.87,0.31,0.0,0.52,62.650604,489.2138,4.84,2069.999933,597.4844576,17.0,1240192.0,17.570692,-3.996166
Mali,2008,23.410606,0.9,74.99,0.37,0.0,0.63,63.0,565.22516,4.73,2079.999924,697.0878685,17.0,1240192.0,17.570692,-3.996166
Mali,2009,24.030895,0.9,78.68,0.39,0.0,0.73,65.17857,691.58307,4.77,2509.99999,701.7171134,17.0,1240192.0,17.570692,-3.996166
Mali,2010,26.91205,0.9,79.24,0.53,0.0,1.18,69.005844,757.35394,4.88,2779.999971,710.2742494,17.0,1240192.0,17.570692,-3.996166
Mali,2011,28.684454,0.9,78.85,0.66,0.0,1.24,65.26316,804.06683,5.12,3119.999886,837.605821,17.0,1240192.0,17.570692,-3.996166
Mali,2012,25.6,0.8,78.7,0.89,0.0,1.37,60.61947,830.3994,5.52,3109.999895,778.6252695,17.0,1240192.0,17.570692,-3.996166
Mali,2013,32.28523,0.9,80.92,1.04,0.0,1.24,54.385967,830.25073,5.58,3220.000029,805.0339796,17.0,1240192.0,17.570692,-3.996166
Mali,2014,34.11334,0.9,80.93,0.85,0.0,1.51,63.983055,899.23505,5.44,3380.000114,848.279043,17.0,1240192.0,17.570692,-3.996166
Mali,2015,37.6,0.9,79.93,1.05,0.0,1.27,54.741383,952.77563,5.23,3650.000095,751.4728866,17.0,1240192.0,17.570692,-3.996166
Mali,2016,38.78982,0.9,76.16,1.15,0.0,1.62,58.483753,1172.1898,5.02,4670.000076,780.7235695,17.0,1240192.0,17.570692,-3.996166
Mali,2017,34.78,0.9,76.37,1.64,0.0,1.65,50.151978,1234.1934,4.9,5179.999828,830.0215153,17.0,1240192.0,17.570692,-3.996166
Mali,2018,50.9,0.9,76.61,1.97,0.0,1.56,44.192635,1243.7677,4.76,5469.99979,894.8047765,17.0,1240192.0,17.570692,-3.996166
Mali,2019,47.836277,0.9,76.64,2.15,0.0,1.17,35.240963,1231.7151,4.59,5829.999924,879.0431873,17.0,1240192.0,17.570692,-3.996166
Mali,2020,50.561417,0.9,76.64,2.04,0.0,1.16,36.25,1142.8834,4.59,5829.999924,862.4530188,17.0,1240192.0,17.570692,-3.996166
Malta,2000,100.0,100.0,0.0,1.92,0.0,0.0,0.0,46378.05,2.64,2130.0,10432.32812,1.38,316.0,35.937496,14.375416
Malta,2001,100.0,100.0,0.0,1.94,0.0,0.0,0.0,50713.89,3.11,2490.0,10402.23337,1.38,316.0,35.937496,14.375416
Malta,2002,100.0,100.0,0.09,2.05,0.0,0.0,0.0,49170.387,2.83,2319.999933,11289.88984,1.38,316.0,35.937496,14.375416
Malta,2003,100.0,100.0,0.1,2.24,0.0,0.0,0.0,56833.484,3.06,2609.999895,13669.49712,1.38,316.0,35.937496,14.375416
Malta,2004,100.0,100.0,0.12,2.22,0.0,0.0,0.0,59390.21,3.07,2599.999905,15197.05671,1.38,316.0,35.937496,14.375416
Malta,2005,100.0,100.0,0.14,2.24,0.0,0.0,0.0,50493.625,3.04,2630.000114,15888.17232,1.38,316.0,35.937496,14.375416
Malta,2006,100.0,100.0,0.17,2.26,0.0,0.0,0.0,51478.543,2.97,2650.000095,16723.88418,1.38,316.0,35.937496,14.375416
Malta,2007,100.0,100.0,0.2,2.3,0.0,0.0,0.0,55957.79,2.89,2720.000029,19485.87119,1.38,316.0,35.937496,14.375416
Malta,2008,100.0,100.0,0.22,2.31,0.0,0.0,0.0,57768.11,2.83,2720.000029,22205.35681,1.38,316.0,35.937496,14.375416
Malta,2009,100.0,100.0,0.26,2.17,0.0,0.0,0.0,61248.996,2.61,2509.99999,21083.27715,1.38,316.0,35.937496,14.375416
Malta,2010,100.0,100.0,1.22,2.11,0.0,0.0,0.0,72549.08,2.58,2589.999914,21799.17426,1.38,316.0,35.937496,14.375416
Malta,2011,100.0,100.0,1.97,2.17,0.0,0.0,0.0,68190.57,2.55,2569.999933,23155.55479,1.38,316.0,35.937496,14.375416
Malta,2012,100.0,100.0,2.67,2.27,0.0,0.03,1.3043479,64067.15,2.6,2720.000029,22527.63676,1.38,316.0,35.937496,14.375416
Malta,2013,100.0,100.0,3.24,2.22,0.0,0.04,1.7699115,59756.48,2.16,2369.999886,24771.07658,1.38,316.0,35.937496,14.375416
Malta,2014,100.0,100.0,4.48,2.17,0.0,0.08,3.5555556,59933.56,2.01,2359.999895,26754.26845,1.38,316.0,35.937496,14.375416
Malta,2015,100.0,100.0,5.98,1.2,0.0,0.1,7.692308,64130.957,1.52,1659.999967,24921.60368,1.38,316.0,35.937496,14.375416
Malta,2016,100.0,100.0,9.22,0.72,0.0,0.14,16.27907,69591.945,1.35,1350.000024,25741.44606,1.38,316.0,35.937496,14.375416
Malta,2017,100.0,100.0,7.27,1.48,0.0,0.17,10.30303,77316.09,1.42,1519.999981,28250.69777,1.38,316.0,35.937496,14.375416
Malta,2018,100.0,100.0,7.54,1.77,0.0,0.2,10.152284,78729.375,1.36,1549.999952,30672.29224,1.38,316.0,35.937496,14.375416
Malta,2019,100.0,100.0,7.7,1.86,0.0,0.21,10.144928,80081.51,1.37,1659.999967,30186.19596,1.38,316.0,35.937496,14.375416
Malta,2020,100.0,100.0,7.7,1.9,0.0,0.25,11.627907,72065.46,1.37,1659.999967,27884.64283,1.38,316.0,35.937496,14.375416
Mauritania,2000,18.746132,29.6,44.41,0.2,0.0,0.03,13.043478,1872.364,2.5,1270.0,676.5690224,5.0,1030700.0,21.00789,-10.940835
Mauritania,2001,22.2,31.4,44.18,0.24,0.0,0.03,11.111111,1906.994,2.62,1400.0,646.1151155,5.0,1030700.0,21.00789,-10.940835
Mauritania,2002,21.50322,33.2,42.13,0.47,0.0,0.03,6.0,2004.1155,2.73,1549.999952,639.6675829,5.0,1030700.0,21.00789,-10.940835
Mauritania,2003,22.872734,34.5,40.17,0.43,0.0,0.04,8.510638,2054.2488,2.64,1480.000019,717.8998676,5.0,1030700.0,21.00789,-10.940835
Mauritania,2004,24.239365,36.1,38.59,0.47,0.0,0.04,7.8431373,2161.6206,2.66,1639.999986,803.7779156,5.0,1030700.0,21.00789,-10.940835
Mauritania,2005,18.2,37.7,38.77,0.45,0.0,0.05,10.0,2206.7163,2.53,1509.99999,970.8423607,5.0,1030700.0,21.00789,-10.940835
Mauritania,2006,26.973423,38.7,39.12,0.4,0.0,0.05,11.111112,2100.9646,2.15,1730.000019,1259.541505,5.0,1030700.0,21.00789,-10.940835
Mauritania,2007,33.04054,39.8,35.63,0.42,0.0,0.05,10.638298,2318.157,2.39,1990.00001,1357.124285,5.0,1030700.0,21.00789,-10.940835
Mauritania,2008,30.0,40.9,35.8,0.49,0.0,0.06,10.909091,2781.5295,2.54,1899.999976,1579.511548,5.0,1030700.0,21.00789,-10.940835
Mauritania,2009,31.115286,41.3,33.43,0.47,0.0,0.11,18.965517,2688.0107,2.74,2349.999905,1389.338533,5.0,1030700.0,21.00789,-10.940835
Mauritania,2010,33.959515,41.8,34.0,0.52,0.0,0.12,18.75,2594.6553,2.75,2400.000095,1610.921603,5.0,1030700.0,21.00789,-10.940835
Mauritania,2011,35.16632,42.6,33.28,0.7,0.0,0.13,15.662651,2710.173,2.76,2460.000038,1879.772472,5.0,1030700.0,21.00789,-10.940835
Mauritania,2012,36.36216,42.7,31.84,0.77,0.0,0.14,15.384615,2906.24,2.81,2730.000019,1815.218939,5.0,1030700.0,21.00789,-10.940835
Mauritania,2013,37.536064,43.0,35.02,0.73,0.0,0.21,22.340425,2568.1191,2.53,2589.999914,1892.094,5.0,1030700.0,21.00789,-10.940835
Mauritania,2014,38.8,43.1,30.92,0.76,0.0,0.22,22.448978,2994.4866,2.75,2900.000095,1677.109019,5.0,1030700.0,21.00789,-10.940835
Mauritania,2015,39.5,43.1,28.2,0.82,0.0,0.32,28.070175,2955.3347,2.94,3559.999943,1524.071753,5.0,1030700.0,21.00789,-10.940835
Mauritania,2016,41.321617,43.3,31.66,0.92,0.0,0.29,23.966942,2687.6682,2.68,3259.99999,1536.854888,5.0,1030700.0,21.00789,-10.940835
Mauritania,2017,42.9,43.2,26.54,1.18,0.0,0.33,21.854305,3923.3762,3.13,3490.00001,1587.611263,5.0,1030700.0,21.00789,-10.940835
Mauritania,2018,44.312138,43.3,25.17,1.26,0.0,0.43,25.443787,4074.3657,3.35,3690.000057,1670.204165,5.0,1030700.0,21.00789,-10.940835
Mauritania,2019,45.830032,43.0,24.7,1.36,0.0,0.46,25.274725,4149.229,3.24,3950.000048,1743.302901,5.0,1030700.0,21.00789,-10.940835
Mauritania,2020,47.34842,42.6,24.7,1.29,0.0,0.48,27.118645,3884.7751,3.24,3950.000048,1701.991163,5.0,1030700.0,21.00789,-10.940835
Mauritius,2000,99.0,93.6,20.42,1.4,0.0,0.28,16.666668,13215.6,3.0,2430.0,3929.075495,626.0,2040.0,-20.348404,57.552152
Mauritius,2001,99.264725,94.1,20.08,1.49,0.0,0.31,17.222223,13385.311,3.05,2570.0,3856.625227,626.0,2040.0,-20.348404,57.552152
Mauritius,2002,99.4,94.7,17.93,1.52,0.0,0.33,17.837837,13056.474,2.97,2609.999895,4018.948897,626.0,2040.0,-20.348404,57.552152
Mauritius,2003,99.18552,95.05,18.9,1.61,0.0,0.37,18.686869,13249.851,2.94,2750.0,4793.718179,626.0,2040.0,-20.348404,57.552152
Mauritius,2004,99.14041,95.5,19.08,1.68,0.0,0.37,18.04878,13567.276,2.87,2769.999981,5388.065784,626.0,2040.0,-20.348404,57.552152
Mauritius,2005,99.094765,95.8,17.65,1.52,0.0,0.62,28.971962,14451.097,2.92,2960.000038,5282.906022,626.0,2040.0,-20.348404,57.552152
Mauritius,2006,99.05099,96.1,16.41,1.87,0.0,0.35,15.765765,15004.636,2.97,3299.999952,5695.969327,626.0,2040.0,-20.348404,57.552152
Mauritius,2007,99.01174,96.3,15.69,1.97,0.0,0.35,15.086207,15502.124,2.83,3400.000095,6574.654338,626.0,2040.0,-20.348404,57.552152
Mauritius,2008,98.97972,96.5,12.73,2.06,0.0,0.37,15.226337,15889.464,2.75,3470.000029,8030.063005,626.0,2040.0,-20.348404,57.552152
Mauritius,2009,98.957634,96.7,12.78,1.97,0.0,0.49,19.9187,15279.018,2.59,3420.000076,7318.12641,626.0,2040.0,-20.348404,57.552152
Mauritius,2010,99.69,96.8,12.77,2.1,0.0,0.47,18.28794,16415.438,2.62,3660.000086,8000.376432,626.0,2040.0,-20.348404,57.552152
Mauritius,2011,99.6,96.9,12.01,2.2,0.0,0.4,15.384616,16788.395,2.53,3640.000105,9197.026972,626.0,2040.0,-20.348404,57.552152
Mauritius,2012,99.56862,97.1,11.45,2.29,0.0,0.35,13.257575,16868.873,2.48,3730.000019,9291.227619,626.0,2040.0,-20.348404,57.552152
Mauritius,2013,99.48051,97.1,11.39,2.35,0.0,0.38,13.919414,17104.646,2.44,3819.999933,9637.00265,626.0,2040.0,-20.348404,57.552152
Mauritius,2014,99.38037,97.25,10.59,2.38,0.0,0.42,15.0,17609.402,2.4,3950.000048,10153.93822,626.0,2040.0,-20.348404,57.552152
Mauritius,2015,99.36161,97.2,11.49,2.37,0.0,0.49,17.132868,18247.52,2.39,3960.000038,9260.447303,626.0,2040.0,-20.348404,57.552152
Mauritius,2016,99.48001,97.1,10.33,2.42,0.0,0.48,16.551723,18958.602,2.3,4039.999962,9681.618567,626.0,2040.0,-20.348404,57.552152
Mauritius,2017,99.61,97.1,9.42,2.52,0.0,0.45,15.151515,20786.77,2.25,4170.000076,10484.90836,626.0,2040.0,-20.348404,57.552152
Mauritius,2018,99.448845,97.0,9.19,2.45,0.0,0.52,17.508417,21929.627,2.15,4130.000114,11208.34382,626.0,2040.0,-20.348404,57.552152
Mauritius,2019,100.0,96.9,8.94,2.5,0.0,0.59,19.093851,22800.158,2.13,4170.000076,11097.16898,626.0,2040.0,-20.348404,57.552152
Mauritius,2020,99.66165,96.8,8.94,2.17,0.0,0.57,20.80292,19245.18,2.13,4170.000076,8627.843157,626.0,2040.0,-20.348404,57.552152
Mexico,2000,98.00713,82.4,12.17,141.8,7.81,44.51,26.952402,17300.662,3.6,379180.0,7157.8145,66.0,1964375.0,23.634501,-102.552784
Mexico,2001,97.13832,83.1,11.34,153.32,8.29,39.56,23.785852,16898.29,3.72,378830.0,7544.568723,66.0,1964375.0,23.634501,-102.552784
Mexico,2002,97.89709,84.1,10.68,159.81,9.26,35.67,21.944904,17044.275,3.76,386000.0,7593.137345,66.0,1964375.0,23.634501,-102.552784
Mexico,2003,97.400856,84.6,10.17,160.45,9.98,32.11,20.78108,16996.574,3.97,404690.0024,7075.369643,66.0,1964375.0,23.634501,-102.552784
Mexico,2004,98.5977,84.9,10.21,173.66,8.73,38.19,21.271194,17731.264,3.89,414100.0061,7484.486399,66.0,1964375.0,23.634501,-102.552784
Mexico,2005,98.93273,85.3,10.31,178.76,10.32,42.29,22.738472,19153.719,4.01,432190.0024,8277.671564,66.0,1964375.0,23.634501,-102.552784
Mexico,2006,99.11416,85.3,9.82,182.76,10.4,43.63,22.817688,19171.469,3.9,448299.9878,9068.294218,66.0,1964375.0,23.634501,-102.552784
Mexico,2007,97.91057,85.4,9.46,191.83,9.95,42.14,21.355362,19098.814,3.8,457119.9951,9642.680517,66.0,1964375.0,23.634501,-102.552784
Mexico,2008,98.91404,85.4,9.77,184.51,9.36,53.22,25.326805,19633.797,3.78,459549.9878,10016.57121,66.0,1964375.0,23.634501,-102.552784
Mexico,2009,98.19821,85.2,9.17,194.75,10.11,40.59,20.65594,19065.637,3.9,448369.9951,8002.972178,66.0,1964375.0,23.634501,-102.552784
Mexico,2010,99.236694,85.0,9.36,207.38,5.66,51.37,21.568775,18870.824,3.68,462869.9951,9271.398396,66.0,1964375.0,23.634501,-102.552784
Mexico,2011,99.02815,84.85,9.07,219.88,9.66,50.7,21.538681,19447.846,3.72,478399.9939,10203.4213,66.0,1964375.0,23.634501,-102.552784
Mexico,2012,99.11163,84.6,8.97,229.14,8.41,47.2,19.529411,19349.783,3.68,486450.0122,10241.72783,66.0,1964375.0,23.634501,-102.552784
Mexico,2013,99.1477,84.6,9.23,231.23,11.38,44.67,19.510582,19108.69,3.64,475739.9902,10725.18359,66.0,1964375.0,23.634501,-102.552784
Mexico,2014,99.17293,84.6,9.76,223.43,9.3,57.46,23.005617,18757.031,3.47,462239.9902,10928.91601,66.0,1964375.0,23.634501,-102.552784
Mexico,2015,99.0,84.6,9.19,234.28,11.18,52.42,21.35088,18335.252,3.3,471630.0049,9616.645558,66.0,1964375.0,23.634501,-102.552784
Mexico,2016,99.5,84.8,9.22,239.78,10.27,52.97,20.869911,18538.975,3.21,473309.9976,8744.515559,66.0,1964375.0,23.634501,-102.552784
Mexico,2017,100.0,84.8,9.99,242.69,10.57,55.88,21.495113,18689.648,3.07,471579.9866,9287.849587,66.0,1964375.0,23.634501,-102.552784
Mexico,2018,99.5,84.8,10.03,259.92,13.32,58.78,21.71556,18269.648,3.09,452570.0073,9686.984927,66.0,1964375.0,23.634501,-102.552784
Mexico,2019,99.6,84.9,10.34,248.2,10.88,59.0,21.969315,17903.295,3.06,449269.989,9950.45008,66.0,1964375.0,23.634501,-102.552784
Mexico,2020,99.4,84.9,10.34,245.46,10.87,69.19,24.594496,16382.68,3.06,449269.989,8329.271313,66.0,1964375.0,23.634501,-102.552784
Mongolia,2000,67.3,22.8,5.73,2.82,0.0,0.0,0.0,17691.607,9.24,9000.0,474.2170943,2.0,1564116.0,46.862496,103.846656
Mongolia,2001,71.07658,23.1,6.09,2.89,0.0,0.0,0.0,17502.184,9.05,8970.0,524.0540084,2.0,1564116.0,46.862496,103.846656
Mongolia,2002,72.28447,23.6,6.51,2.99,0.0,0.0,0.0,18501.777,9.25,9600.000381,571.594979,2.0,1564116.0,46.862496,103.846656
Mongolia,2003,76.3,24.3,6.09,3.02,0.0,0.0,0.0,17411.361,8.44,9310.00042,646.192471,2.0,1564116.0,46.862496,103.846656
Mongolia,2004,74.68689,25.3,5.76,3.19,0.0,0.0,0.0,16947.145,7.86,9560.00042,797.9777263,2.0,1564116.0,46.862496,103.846656
Mongolia,2005,86.2,26.0,5.34,3.3,0.0,0.0,0.0,17428.03,8.44,11060.00042,998.829388,2.0,1564116.0,46.862496,103.846656
Mongolia,2006,77.08722,27.6,4.48,3.43,0.0,0.0,0.0,18611.67,8.84,12420.00008,1334.212724,2.0,1564116.0,46.862496,103.846656
Mongolia,2007,78.29285,28.8,4.7,3.6,0.0,0.0,0.0,19353.18,8.4,13020.00046,1632.727582,2.0,1564116.0,46.862496,103.846656
Mongolia,2008,79.5057,30.8,4.66,3.9,0.0,0.01,0.25575447,18919.375,7.75,12970.00027,2136.562402,2.0,1564116.0,46.862496,103.846656
Mongolia,2009,80.7285,33.0,4.43,3.93,0.0,0.01,0.2538071,18920.904,8.16,13640.00034,1714.361827,2.0,1564116.0,46.862496,103.846656
Mongolia,2010,78.50208,35.2,4.46,4.01,0.0,0.05,1.2315271,18202.299,8.12,14310.00042,2643.287083,2.0,1564116.0,46.862496,103.846656
Mongolia,2011,72.057076,37.0,4.04,4.21,0.0,0.06,1.4051522,18659.32,7.58,15729.99954,3757.565415,2.0,1564116.0,46.862496,103.846656
Mongolia,2012,84.48361,38.6,2.97,4.47,0.0,0.06,1.3245033,19704.566,7.01,17139.99939,4351.888461,2.0,1564116.0,46.862496,103.846656
Mongolia,2013,81.2,40.8,3.01,4.6,0.0,0.12,2.542373,20521.99,7.19,18379.99916,4366.089537,2.0,1564116.0,46.862496,103.846656
Mongolia,2014,87.07883,42.6,3.34,4.86,0.0,0.21,4.1420116,19699.537,6.86,18120.00084,4158.521471,2.0,1564116.0,46.862496,103.846656
Mongolia,2015,88.40018,44.15,3.55,4.97,0.0,0.22,4.238921,19182.596,5.89,17299.99924,3875.321675,2.0,1564116.0,46.862496,103.846656
Mongolia,2016,89.83841,45.6,3.39,5.09,0.0,0.25,4.681648,19692.092,6.22,18170.00008,3658.3903,2.0,1564116.0,46.862496,103.846656
Mongolia,2017,92.512566,47.2,3.19,5.27,0.0,0.25,4.5289855,21043.662,6.08,19579.99992,3687.100003,2.0,1564116.0,46.862496,103.846656
Mongolia,2018,98.1,48.7,3.26,5.71,0.0,0.44,7.1544714,22486.172,6.37,21549.99924,4156.84697,2.0,1564116.0,46.862496,103.846656
Mongolia,2019,97.22991,50.1,3.32,5.88,0.0,0.65,9.954058,24279.39,7.01,23069.99969,4404.84583,2.0,1564116.0,46.862496,103.846656
Mongolia,2020,98.1,51.8,3.32,6.04,0.0,0.68,10.119048,20376.916,7.01,23069.99969,4060.950518,2.0,1564116.0,46.862496,103.846656
Morocco,2000,69.56738,90.6,15.26,11.36,0.0,0.77,6.3478975,4113.667,3.63,32880.0,1334.943464,83.0,446550.0,31.791702,-7.09262
Morocco,2001,71.3479,91.3,15.12,13.13,0.0,1.07,7.535212,4386.623,3.58,36270.0,1339.294077,83.0,446550.0,31.791702,-7.09262
Morocco,2002,73.120834,92.0,14.94,14.13,0.0,1.03,6.794195,4439.7236,3.53,37470.00122,1416.488396,83.0,446550.0,31.791702,-7.09262
Morocco,2003,74.88853,92.7,15.71,14.84,0.0,1.64,9.951457,4397.996,3.32,37250.0,1725.457466,83.0,446550.0,31.791702,-7.09262
Morocco,2004,78.2,93.2,23.0,15.71,0.0,1.79,10.228572,4946.6387,3.75,40990.00168,1952.902534,83.0,446550.0,31.791702,-7.09262
Morocco,2005,78.41762,94.0,20.15,17.59,0.0,1.18,6.286627,5301.4736,3.84,43580.00183,2018.025547,83.0,446550.0,31.791702,-7.09262
Morocco,2006,96.5,94.35,18.14,18.1,0.0,1.17,6.0716133,5340.5317,3.63,45000.0,2196.011276,83.0,446550.0,31.791702,-7.09262
Morocco,2007,81.95443,95.0,16.46,18.15,0.0,1.19,6.153051,5226.2114,3.62,46349.99847,2499.259938,83.0,446550.0,31.791702,-7.09262
Morocco,2008,83.73233,95.6,14.62,18.42,0.0,1.22,6.211813,5694.0356,3.55,48630.00107,2890.360715,83.0,446550.0,31.791702,-7.09262
Morocco,2009,85.520164,96.0,14.26,17.09,0.0,2.93,14.635365,5486.076,3.43,48750.0,2866.92411,83.0,446550.0,31.791702,-7.09262
Morocco,2010,92.67138,96.5,13.92,19.54,0.0,4.1,17.343487,6005.15,3.47,51759.99832,2839.92612,83.0,446550.0,31.791702,-7.09262
Morocco,2011,93.446434,96.7,11.88,22.3,0.0,2.69,10.764306,6222.626,3.55,55939.99863,3046.947854,83.0,446550.0,31.791702,-7.09262
Morocco,2012,94.21052,97.1,10.93,24.97,0.0,2.42,8.835341,6249.124,3.5,58080.00183,2912.658275,83.0,446550.0,31.791702,-7.09262
Morocco,2013,97.2,97.3,11.59,22.59,0.0,4.19,15.646004,6330.0835,3.36,57590.00015,3121.680081,83.0,446550.0,31.791702,-7.09262
Morocco,2014,91.6,97.4,11.14,24.13,0.0,3.61,13.013699,6336.756,3.32,58689.99863,3171.699192,83.0,446550.0,31.791702,-7.09262
Morocco,2015,97.3,97.7,11.25,25.09,0.0,4.45,15.064318,6368.3936,3.25,60409.99985,2875.257985,83.0,446550.0,31.791702,-7.09262
Morocco,2016,97.8,97.8,11.06,25.74,0.0,4.74,15.55118,6361.196,3.23,60319.99969,2896.722196,83.0,446550.0,31.791702,-7.09262
Morocco,2017,100.0,97.9,10.45,26.86,0.0,4.69,14.8652935,6580.7236,3.24,63520.00046,3035.454433,83.0,446550.0,31.791702,-7.09262
Morocco,2018,98.1,97.9,10.9,27.71,0.0,6.52,19.047619,6730.607,3.18,64959.99908,3226.982794,83.0,446550.0,31.791702,-7.09262
Morocco,2019,99.6,98.0,10.69,32.38,0.0,7.6,19.009504,7267.464,3.34,71480.00336,3235.00066,83.0,446550.0,31.791702,-7.09262
Morocco,2020,100.0,98.1,10.69,31.36,0.0,7.02,18.290775,6551.4155,3.34,71480.00336,3058.691689,83.0,446550.0,31.791702,-7.09262
Mozambique,2000,6.096311,2.3,93.64,0.03,0.0,9.58,99.68783,1646.6608,26.91,1430.0,319.3596208,40.0,799380.0,-18.665695,35.529562
Mozambique,2001,5.7,2.3,93.01,0.04,0.0,11.74,99.660446,2058.794,25.24,1410.0,296.2684069,40.0,799380.0,-18.665695,35.529562
Mozambique,2002,8.443921,2.3,93.22,0.04,0.0,12.57,99.68279,2031.7814,23.75,1570.000052,302.5452337,40.0,799380.0,-18.665695,35.529562
Mozambique,2003,8.1,2.4,92.73,0.05,0.0,10.78,99.53832,2005.1836,23.38,1899.999976,326.0751909,40.0,799380.0,-18.665695,35.529562
Mozambique,2004,10.77059,2.4,92.94,0.05,0.0,11.58,99.570076,2047.423,22.44,1909.999967,383.2702219,40.0,799380.0,-18.665695,35.529562
Mozambique,2005,11.931945,2.5,93.67,0.04,0.0,13.15,99.69675,2189.5408,21.44,1710.000038,416.8098242,40.0,799380.0,-18.665695,35.529562
Mozambique,2006,13.095172,2.5,93.06,0.04,0.0,14.59,99.726585,2325.4858,20.21,1860.000014,435.3340633,40.0,799380.0,-18.665695,35.529562
Mozambique,2007,12.4,2.7,87.53,0.04,0.0,15.92,99.749374,2517.8892,15.17,2230.000019,482.1985636,40.0,799380.0,-18.665695,35.529562
Mozambique,2008,13.571224,2.7,88.11,0.04,0.0,14.98,99.73369,2311.3452,14.49,2240.00001,563.6496343,40.0,799380.0,-18.665695,35.529562
Mozambique,2009,15.0,2.9,86.12,0.04,0.0,16.8,99.76246,2432.587,14.82,2490.00001,520.4026316,40.0,799380.0,-18.665695,35.529562
Mozambique,2010,18.802736,3.1,84.89,0.05,0.0,16.5,99.69789,2355.5942,12.66,2680.000067,471.9043433,40.0,799380.0,-18.665695,35.529562
Mozambique,2011,20.2,3.1,85.97,0.06,0.0,16.66,99.64115,2590.4597,14.75,3349.999905,594.5861471,40.0,799380.0,-18.665695,35.529562
Mozambique,2012,21.232607,3.4,85.15,0.06,0.0,15.01,99.60186,2700.6165,13.9,3680.000067,657.6446765,40.0,799380.0,-18.665695,35.529562
Mozambique,2013,22.420128,3.5,83.73,0.28,0.0,14.51,98.10683,2775.2776,13.91,4199.999809,664.0775104,40.0,799380.0,-18.665695,35.529562
Mozambique,2014,24.8,3.7,81.92,1.19,0.0,16.38,93.22709,2987.1777,13.4,4860.000134,673.969212,40.0,799380.0,-18.665695,35.529562
Mozambique,2015,24.0,3.9,80.8,2.07,0.0,17.62,89.48705,3077.791,12.96,5519.999981,589.85905,40.0,799380.0,-18.665695,35.529562
Mozambique,2016,26.246521,4.2,78.2,2.82,0.0,15.71,84.78143,3067.1821,12.7,7280.00021,428.9266729,40.0,799380.0,-18.665695,35.529562
Mozambique,2017,24.3,4.35,78.9,2.63,0.0,14.16,84.33591,2985.2324,12.31,7210.000038,461.4150941,40.0,799380.0,-18.665695,35.529562
Mozambique,2018,31.1,4.6,79.57,2.94,0.0,13.88,82.52081,2383.0244,12.07,6949.999809,503.3179252,40.0,799380.0,-18.665695,35.529562
Mozambique,2019,29.67445,4.8,78.08,3.65,0.0,15.06,80.49172,2446.9106,11.93,7500.0,506.6416391,40.0,799380.0,-18.665695,35.529562
Mozambique,2020,30.603832,5.1,78.08,3.49,0.0,15.85,81.9545,2248.653,11.93,7500.0,448.5442807,40.0,799380.0,-18.665695,35.529562
Myanmar,2000,41.83379,2.9,80.17,2.8,0.0,2.11,42.973522,1055.1344,10.52,9440.0,146.6045788,83.0,676578.0,21.916221,95.955974
Myanmar,2001,42.9419,3.1,82.48,2.45,0.0,2.05,45.555557,963.84076,9.23,8350.0,131.7153072,83.0,676578.0,21.916221,95.955974
Myanmar,2002,47.0,3.3,83.12,2.55,0.0,2.45,49.0,1107.3801,8.52,8300.000191,128.0997081,83.0,676578.0,21.916221,95.955974
Myanmar,2003,45.137714,3.6,79.86,2.86,0.0,2.52,46.84015,1236.4875,8.12,10489.99977,161.0555236,83.0,676578.0,21.916221,95.955974
Myanmar,2004,46.230118,4.1,80.47,2.79,0.0,2.6,48.237476,1285.3595,7.52,10149.99962,193.3687658,83.0,676578.0,21.916221,95.955974
Myanmar,2005,47.321983,4.6,79.82,2.66,0.0,3.16,54.295532,1642.7948,6.63,10720.00027,216.3115014,83.0,676578.0,21.916221,95.955974
Myanmar,2006,48.41572,5.4,81.46,2.47,0.0,3.49,58.557045,1538.9808,5.93,9970.000267,240.6240142,83.0,676578.0,21.916221,95.955974
Myanmar,2007,49.513985,6.2,80.7,2.39,0.0,3.81,61.451614,1648.7915,5.49,10390.00034,314.2022942,83.0,676578.0,21.916221,95.955974
Myanmar,2008,50.619476,7.05,85.71,2.19,0.0,4.24,65.9409,1504.8369,4.79,7900.000095,460.9088892,83.0,676578.0,21.916221,95.955974
Myanmar,2009,51.73491,8.4,85.48,1.47,0.0,5.34,78.4141,1377.901,4.1,7489.999771,586.1681802,83.0,676578.0,21.916221,95.955974
Myanmar,2010,48.8,9.8,84.93,2.1,0.0,5.24,71.38964,1386.8824,3.67,8130.000114,746.94536,83.0,676578.0,21.916221,95.955974
Myanmar,2011,54.006428,11.5,84.08,2.02,0.0,7.63,79.06736,1505.1958,3.53,8689.99958,1061.344429,83.0,676578.0,21.916221,95.955974
Myanmar,2012,55.167934,13.4,78.46,2.73,0.0,7.94,74.414246,1779.6029,3.59,11960.00004,1134.302224,83.0,676578.0,21.916221,95.955974
Myanmar,2013,56.349274,15.1,75.96,3.18,0.0,8.99,73.87017,2042.9814,3.48,13600.00038,1168.1654,83.0,676578.0,21.916221,95.955974
Myanmar,2014,52.0,17.5,72.43,4.99,0.0,8.99,64.30615,2368.4949,3.53,17040.00092,1210.097636,83.0,676578.0,21.916221,95.955974
Myanmar,2015,60.5,19.6,70.43,6.12,0.0,9.6,61.068707,2192.525,3.41,19040.00092,1196.743357,83.0,676578.0,21.916221,95.955974
Myanmar,2016,55.6,21.8,69.25,7.53,0.0,10.02,57.094025,2501.5964,3.45,21860.00061,1136.610665,83.0,676578.0,21.916221,95.955974
Myanmar,2017,69.814835,24.0,59.92,9.18,0.0,11.27,55.110023,3203.9011,3.72,32500.0,1151.114462,83.0,676578.0,21.916221,95.955974
Myanmar,2018,66.22728,26.4,59.55,9.78,0.0,12.61,56.319786,3270.801,3.52,32939.99863,1250.173691,83.0,676578.0,21.916221,95.955974
Myanmar,2019,68.35853,28.9,57.85,12.78,0.0,10.95,46.144123,3197.22,3.58,36720.00122,1271.111575,83.0,676578.0,21.916221,95.955974
Myanmar,2020,70.397194,31.25,57.85,12.25,0.0,11.31,48.005093,3183.1047,3.58,36720.00122,1467.604281,83.0,676578.0,21.916221,95.955974
Namibia,2000,36.5,33.7,34.73,0.04,0.0,1.37,97.163124,6971.662,3.58,1940.0,2185.604115,3.0,824292.0,-22.95764,18.49041
Namibia,2001,35.96686,34.0,30.32,0.0,0.0,1.36,100.0,7906.876,4.17,2460.0,1950.648536,3.0,824292.0,-22.95764,18.49041
Namibia,2002,36.925476,35.0,33.74,0.0,0.0,1.45,100.0,7473.249,3.67,2130.000114,1808.884899,3.0,824292.0,-22.95764,18.49041
Namibia,2003,37.878853,35.9,33.3,0.01,0.0,1.5,99.337746,7768.2593,3.67,2269.999981,2621.700395,3.0,824292.0,-22.95764,18.49041
Namibia,2004,38.82934,36.4,34.75,0.0,0.0,1.59,100.0,7998.0425,3.53,2380.000114,3464.418226,3.0,824292.0,-22.95764,18.49041
Namibia,2005,39.779297,37.3,34.54,0.04,0.0,1.64,97.61905,8329.664,3.71,2529.999971,3739.531717,3.0,824292.0,-22.95764,18.49041
Namibia,2006,40.731125,37.9,35.32,0.09,0.0,1.59,94.64286,8203.538,3.47,2529.999971,4059.101348,3.0,824292.0,-22.95764,18.49041
Namibia,2007,43.7,38.6,35.84,0.04,0.0,1.56,97.5,8337.066,3.41,2619.999886,4405.410399,3.0,824292.0,-22.95764,18.49041
Namibia,2008,42.65105,39.5,32.33,0.17,0.0,1.48,89.69697,8670.3955,3.63,2950.000048,4212.367197,3.0,824292.0,-22.95764,18.49041
Namibia,2009,44.1,40.1,33.21,0.08,0.0,1.39,94.55782,8711.895,3.74,3019.999981,4295.387143,3.0,824292.0,-22.95764,18.49041
Namibia,2010,44.610737,40.9,31.03,0.05,0.0,1.25,96.15385,8834.805,3.58,3130.000114,5394.996712,3.0,824292.0,-22.95764,18.49041
Namibia,2011,42.3,41.5,31.46,0.03,0.0,1.4,97.9021,9036.284,3.48,3329.999924,5806.748246,3.0,824292.0,-22.95764,18.49041
Namibia,2012,46.63186,42.2,31.74,0.03,0.0,1.6,98.15951,9158.613,3.43,3529.999971,5942.29274,3.0,824292.0,-22.95764,18.49041
Namibia,2013,47.4,43.0,30.55,0.06,0.0,1.28,95.522385,9313.876,3.4,3789.999962,5392.094938,3.0,824292.0,-22.95764,18.49041
Namibia,2014,48.728516,43.6,30.09,0.02,0.0,1.5,98.68421,9735.818,3.32,3950.000048,5469.9014,3.0,824292.0,-22.95764,18.49041
Namibia,2015,51.6,44.3,28.99,0.03,0.0,1.53,98.07693,10013.897,3.32,4199.999809,4896.61526,3.0,824292.0,-22.95764,18.49041
Namibia,2016,49.7,45.2,29.33,0.06,0.0,1.41,95.918365,9860.743,3.36,4130.000114,4546.986688,3.0,824292.0,-22.95764,18.49041
Namibia,2017,52.5,45.6,29.94,0.06,0.0,1.68,96.55173,9969.967,3.44,4269.999981,5367.114674,3.0,824292.0,-22.95764,18.49041
Namibia,2018,54.002895,46.0,30.66,0.02,0.0,1.39,98.581566,9675.655,3.44,4230.000019,5588.392864,3.0,824292.0,-22.95764,18.49041
Namibia,2019,55.17709,46.5,30.69,0.04,0.0,1.32,97.05882,9254.443,3.52,4219.99979,5009.685904,3.0,824292.0,-22.95764,18.49041
Namibia,2020,56.258694,46.8,30.69,0.06,0.0,1.89,96.92307,8960.352,3.52,4219.99979,4179.278066,3.0,824292.0,-22.95764,18.49041
Nauru,2000,99.43709,100.0,0.0,0.03,0.0,0.0,0.0,44017.28,17.39,90.0,4752.175082,541.0,21.0,-0.522778,166.931503
Nauru,2001,99.415634,100.0,0.0,0.03,0.0,0.0,0.0,39953.254,17.1,80.0,4752.175082,541.0,21.0,-0.522778,166.931503
Nauru,2002,99.38659,100.0,0.0,0.03,0.0,0.0,0.0,37538.883,18.24,79.99999821,4752.175082,541.0,21.0,-0.522778,166.931503
Nauru,2003,99.35232,100.0,0.0,0.03,0.0,0.0,0.0,33686.04,16.11,70.0000003,4752.175082,541.0,21.0,-0.522778,166.931503
Nauru,2004,99.315155,100.0,0.0,0.03,0.0,0.0,0.0,31641.86,15.7,70.0000003,4752.175082,541.0,21.0,-0.522778,166.931503
Nauru,2005,99.27745,100.0,0.0,0.03,0.0,0.0,0.0,31064.385,15.32,70.0000003,4752.175082,541.0,21.0,-0.522778,166.931503
Nauru,2006,99.24163,100.0,0.07,0.03,0.0,0.0,0.0,22659.775,10.22,50.00000075,4752.175082,541.0,21.0,-0.522778,166.931503
Nauru,2007,99.8,100.0,0.08,0.02,0.0,0.0,0.0,22131.348,12.41,39.99999911,4752.175082,541.0,21.0,-0.522778,166.931503
Nauru,2008,99.18625,100.0,0.08,0.02,0.0,0.0,0.0,22558.277,10.47,39.99999911,4752.175082,541.0,21.0,-0.522778,166.931503
Nauru,2009,99.17211,100.0,0.04,0.02,0.0,0.0,0.0,21952.797,9.1,39.99999911,4752.175082,541.0,21.0,-0.522778,166.931503
Nauru,2010,99.17063,100.0,0.03,0.02,0.0,0.0,0.0,23124.062,8.7,39.99999911,4752.175082,541.0,21.0,-0.522778,166.931503
Nauru,2011,99.0,100.0,0.05,0.02,0.0,0.0,0.0,22639.81,7.51,39.99999911,6560.27487,541.0,21.0,-0.522778,166.931503
Nauru,2012,99.216446,100.0,0.07,0.02,0.0,0.0,0.0,23654.348,7.05,39.99999911,9562.667866,541.0,21.0,-0.522778,166.931503
Nauru,2013,99.26821,100.0,0.06,0.02,0.0,0.0,0.0,26976.27,6.06,50.00000075,9648.495655,541.0,21.0,-0.522778,166.931503
Nauru,2014,99.33779,100.0,0.05,0.02,0.0,0.0,0.0,28475.137,5.13,50.00000075,10171.48073,541.0,21.0,-0.522778,166.931503
Nauru,2015,99.0,100.0,0.1,0.03,0.0,0.0,0.0,29667.088,5.39,59.99999866,8341.012278,541.0,21.0,-0.522778,166.931503
Nauru,2016,99.71288,100.0,0.18,0.03,0.0,0.0,0.0,31831.389,5.03,59.99999866,9521.042101,541.0,21.0,-0.522778,166.931503
Nauru,2017,99.87004,100.0,0.6,0.03,0.0,0.0,0.0,24506.256,5.68,70.0000003,10339.38548,541.0,21.0,-0.522778,166.931503
Nauru,2018,99.92822,100.0,0.66,0.03,0.0,0.0,0.0,28203.953,5.15,59.99999866,11614.66508,541.0,21.0,-0.522778,166.931503
Nauru,2019,100.0,100.0,0.61,0.03,0.0,0.0,0.0,22405.49,5.06,59.99999866,11029.73558,541.0,21.0,-0.522778,166.931503
Nauru,2020,100.0,100.0,0.61,0.04,0.0,0.0,0.0,21142.482,5.06,59.99999866,10580.26819,541.0,21.0,-0.522778,166.931503
Nepal,2000,29.046267,5.7,88.29,0.06,0.0,1.63,96.4497,599.056,6.83,3220.0,229.4903926,203.0,147181.0,28.394857,84.124008
Nepal,2001,24.6,6.9,87.76,0.02,0.0,1.83,98.918915,622.0788,6.73,3460.0,246.7255581,203.0,147181.0,28.394857,84.124008
Nepal,2002,35.88741,8.3,89.95,0.02,0.0,2.1,99.0566,645.2906,6.79,2789.999962,244.7208435,203.0,147181.0,28.394857,84.124008
Nepal,2003,39.29895,9.9,89.44,0.0,0.0,2.24,100.0,669.50134,6.72,3019.999981,252.4023518,203.0,147181.0,28.394857,84.124008
Nepal,2004,37.2,11.4,90.3,0.01,0.0,2.38,99.58159,660.4656,6.51,2809.999943,286.1576726,203.0,147181.0,28.394857,84.124008
Nepal,2005,46.11573,13.1,89.52,0.01,0.0,2.49,99.6,678.4753,6.51,3190.000057,315.80563,203.0,147181.0,28.394857,84.124008
Nepal,2006,51.2,14.7,91.25,0.01,0.0,2.71,99.632355,663.4546,6.29,2619.999886,346.9453313,203.0,147181.0,28.394857,84.124008
Nepal,2007,52.940235,16.5,91.31,0.01,0.0,2.77,99.64029,653.86755,6.21,2690.000057,391.3800572,203.0,147181.0,28.394857,84.124008
Nepal,2008,56.36198,18.1,90.47,0.01,0.0,2.79,99.64286,719.46136,6.05,2990.00001,470.455459,203.0,147181.0,28.394857,84.124008
Nepal,2009,59.793667,19.8,88.93,0.01,0.0,3.08,99.67638,818.67523,5.96,3880.000114,478.1732528,203.0,147181.0,28.394857,84.124008
Nepal,2010,68.6,21.6,87.29,0.0,0.0,3.18,100.0,868.6695,5.85,4639.999866,592.4012071,203.0,147181.0,28.394857,84.124008
Nepal,2011,67.26,23.2,86.95,0.0,0.0,3.46,100.0,922.1434,5.86,5199.999809,799.5833769,203.0,147181.0,28.394857,84.124008
Nepal,2012,74.96597,24.6,84.7,0.02,0.0,3.51,99.433426,967.2062,5.39,6000.0,804.1416073,203.0,147181.0,28.394857,84.124008
Nepal,2013,77.466194,26.1,86.05,0.01,0.0,3.49,99.71429,1020.5796,5.86,6090.000153,823.3598746,203.0,147181.0,28.394857,84.124008
Nepal,2014,84.9,27.6,84.06,0.0,0.0,3.78,100.0,1099.4447,5.72,7130.000114,844.8531248,203.0,147181.0,28.394857,84.124008
Nepal,2015,82.52396,29.0,85.04,0.0,0.0,3.45,100.0,979.0958,5.47,7190.000057,901.7496077,203.0,147181.0,28.394857,84.124008
Nepal,2016,90.7,30.2,79.2,0.0,0.0,4.23,100.0,1426.1302,5.93,10409.99985,899.523581,203.0,147181.0,28.394857,84.124008
Nepal,2017,87.89635,31.4,76.41,0.0,0.0,4.72,100.0,1614.7568,5.76,12479.99954,1048.453755,203.0,147181.0,28.394857,84.124008
Nepal,2018,93.92,32.3,74.27,0.0,0.0,4.99,100.0,1753.6006,5.68,15189.99958,1178.525932,203.0,147181.0,28.394857,84.124008
Nepal,2019,89.9,33.6,77.39,0.0,0.0,6.26,100.0,1700.5831,5.23,13449.99981,1194.956876,203.0,147181.0,28.394857,84.124008
Nepal,2020,89.9,34.8,77.39,0.0,0.0,6.33,100.0,1677.7975,5.23,13449.99981,1155.142854,203.0,147181.0,28.394857,84.124008
Netherlands,2000,100.0,100.0,1.73,82.49,3.93,2.97,7.718984,63325.41,4.15,162100.0,26149.41108,508.0,41543.0,52.132633,5.291266
Netherlands,2001,100.0,100.0,1.76,86.14,3.98,3.31,7.802633,65422.44,4.16,167120.0,26873.27593,508.0,41543.0,52.132633,5.291266
Netherlands,2002,100.0,100.0,1.92,87.86,3.91,3.98,8.240209,65146.56,4.19,167429.9927,29204.03983,508.0,41543.0,52.132633,5.291266
Netherlands,2003,100.0,100.0,1.91,88.62,4.02,3.96,8.26087,65296.625,4.34,170360.0006,35672.2066,508.0,41543.0,52.132633,5.291266
Netherlands,2004,100.0,100.0,2.22,91.89,3.82,5.3,9.028809,67222.88,4.3,172119.9951,40362.39478,508.0,41543.0,52.132633,5.291266
Netherlands,2005,100.0,100.0,2.74,88.22,4.0,7.46,11.49679,68395.85,4.14,167929.9927,41979.05585,508.0,41543.0,52.132633,5.291266
Netherlands,2006,100.0,100.0,3.12,87.17,3.47,8.05,11.6729145,66740.0,3.97,163699.9969,44863.35063,508.0,41543.0,52.132633,5.291266
Netherlands,2007,100.0,100.0,3.68,93.21,4.2,7.59,11.228572,67568.08,3.81,164550.0031,51733.44213,508.0,41543.0,52.132633,5.291266
Netherlands,2008,100.0,100.0,3.94,93.7,4.17,9.53,12.756052,66484.65,3.7,165220.0012,57644.47997,508.0,41543.0,52.132633,5.291266
Netherlands,2009,100.0,100.0,4.38,98.48,4.25,10.83,13.279324,65268.383,3.79,160490.0055,52514.02712,508.0,41543.0,52.132633,5.291266
Netherlands,2010,100.0,100.0,3.85,103.95,3.97,11.19,12.727731,70448.46,4.01,171110.0006,50950.03434,508.0,41543.0,52.132633,5.291266
Netherlands,2011,100.0,100.0,4.69,97.35,4.14,12.32,14.4627,66766.09,3.67,158770.0043,54159.34661,508.0,41543.0,52.132633,5.291266
Netherlands,2012,100.0,100.0,4.9,86.69,3.91,12.47,15.892111,65277.332,3.71,157470.0012,50073.00566,508.0,41543.0,52.132633,5.291266
Netherlands,2013,100.0,100.0,4.94,86.51,2.89,12.1,14.768473,63014.336,3.64,157089.9963,52184.06185,508.0,41543.0,52.132633,5.291266
Netherlands,2014,100.0,100.0,5.53,87.48,4.09,11.65,15.248982,59946.082,3.38,149789.9933,52830.17423,508.0,41543.0,52.132633,5.291266
Netherlands,2015,100.0,100.0,5.72,91.03,4.08,13.69,16.33272,60683.023,3.38,157410.0037,45175.23189,508.0,41543.0,52.132633,5.291266
Netherlands,2016,100.0,100.0,5.59,95.09,3.96,14.78,16.463146,60943.15,3.38,158539.9933,46007.85292,508.0,41543.0,52.132633,5.291266
Netherlands,2017,100.0,100.0,6.36,94.81,3.4,17.43,18.012798,61101.004,3.31,155759.9945,48554.99228,508.0,41543.0,52.132633,5.291266
Netherlands,2018,100.0,100.0,7.39,91.26,3.51,18.91,19.722027,59348.1,3.17,151360.0006,53018.62936,508.0,41543.0,52.132633,5.291266
Netherlands,2019,100.0,100.0,8.54,94.09,3.91,22.79,22.104479,58836.934,3.05,146339.9963,52476.27325,508.0,41543.0,52.132633,5.291266
Netherlands,2020,100.0,100.0,8.54,85.95,4.09,32.75,30.002443,56705.54,3.05,146339.9963,52397.11671,508.0,41543.0,52.132633,5.291266
New Zealand,2000,100.0,100.0,29.13,10.69,0.0,27.51,72.01571,59543.81,5.66,29450.0,13641.10272,18.0,268838.0,-40.900557,174.885971
New Zealand,2001,100.0,100.0,27.13,13.51,0.0,24.84,64.77184,58485.12,5.48,31620.0,13882.85683,18.0,268838.0,-40.900557,174.885971
New Zealand,2002,100.0,100.0,28.98,11.39,0.0,28.07,71.13533,59589.08,5.23,31540.00092,16874.18749,18.0,268838.0,-40.900557,174.885971
New Zealand,2003,100.0,100.0,28.35,12.62,0.0,26.9,68.0668,56734.85,4.94,33400.00153,21913.70817,18.0,268838.0,-40.900557,174.885971
New Zealand,2004,100.0,100.0,30.76,10.91,0.0,30.61,73.7235,57499.695,4.87,32840.00015,25420.23488,18.0,268838.0,-40.900557,174.885971
New Zealand,2005,100.0,100.0,29.46,13.93,0.0,27.6,66.457985,55352.246,4.6,34229.99954,27751.06547,18.0,268838.0,-40.900557,174.885971
New Zealand,2006,100.0,100.0,29.59,13.99,0.0,28.08,66.7459,55087.375,4.47,34270.00046,26654.5932,18.0,268838.0,-40.900557,174.885971
New Zealand,2007,100.0,100.0,29.35,13.95,0.0,28.46,67.10681,54356.55,4.39,33270.00046,32479.98174,18.0,268838.0,-40.900557,174.885971
New Zealand,2008,100.0,100.0,28.39,14.42,0.0,27.97,65.982544,54010.57,4.49,34169.99817,31252.96256,18.0,268838.0,-40.900557,174.885971
New Zealand,2009,100.0,100.0,30.56,11.49,0.0,30.68,72.75314,53337.418,4.52,31170.00008,28209.36233,18.0,268838.0,-40.900557,174.885971
New Zealand,2010,100.0,100.0,31.68,11.27,0.0,32.3,74.133575,54097.28,4.62,31049.99924,33676.77412,18.0,268838.0,-40.900557,174.885971
New Zealand,2011,100.0,100.0,32.65,10.07,0.0,33.18,76.71677,53886.934,4.51,30290.00092,38387.62708,18.0,268838.0,-40.900557,174.885971
New Zealand,2012,100.0,100.0,31.02,11.74,0.0,31.4,72.78628,53929.51,4.63,32110.00061,39973.38076,18.0,268838.0,-40.900557,174.885971
New Zealand,2013,100.0,100.0,30.36,10.55,0.0,31.82,75.10031,53825.684,4.55,31889.99939,42976.64959,18.0,268838.0,-40.900557,174.885971
New Zealand,2014,100.0,100.0,31.09,8.66,0.0,34.0,79.69995,55530.688,4.61,31969.99931,44572.89875,18.0,268838.0,-40.900557,174.885971
New Zealand,2015,100.0,100.0,31.24,8.42,0.0,34.92,80.57221,54939.43,4.49,32279.99878,38630.72659,18.0,268838.0,-40.900557,174.885971
New Zealand,2016,100.0,100.0,31.83,6.73,0.0,36.2,84.32332,54612.46,4.27,31190.00053,40080.49411,18.0,268838.0,-40.900557,174.885971
New Zealand,2017,100.0,100.0,30.22,7.98,0.0,35.33,81.5747,54745.46,4.13,32930.00031,42992.89527,18.0,268838.0,-40.900557,174.885971
New Zealand,2018,100.0,100.0,30.73,7.13,0.0,36.3,83.58278,53424.1,3.93,32360.00061,43306.07,18.0,268838.0,-40.900557,174.885971
New Zealand,2019,100.0,100.0,29.65,7.84,0.0,35.97,82.10454,53259.336,4.02,34009.99832,42755.21626,18.0,268838.0,-40.900557,174.885971
New Zealand,2020,100.0,100.0,29.65,8.42,0.0,34.77,80.504745,47384.516,4.02,34009.99832,41441.46667,18.0,268838.0,-40.900557,174.885971
Nicaragua,2000,72.78157,33.9,58.42,1.69,0.0,0.44,20.657276,3180.8794,5.23,3770.0,1007.499839,55.0,130370.0,12.865416,-85.207229
Nicaragua,2001,72.22158,35.0,56.66,1.87,0.0,0.46,19.74249,3331.2754,5.13,3930.0,1034.551387,55.0,130370.0,12.865416,-85.207229
Nicaragua,2002,73.85829,36.0,54.67,2.01,0.0,0.69,25.555555,3352.5957,5.09,4059.999943,1000.936715,55.0,130370.0,12.865416,-85.207229
Nicaragua,2003,74.38763,37.0,51.49,1.78,0.0,0.82,31.538464,3514.2737,5.15,4559.999943,1005.733044,55.0,130370.0,12.865416,-85.207229
Nicaragua,2004,74.91408,38.2,51.17,1.67,0.0,1.02,37.918217,3614.3872,5.16,4530.00021,1080.269119,55.0,130370.0,12.865416,-85.207229
Nicaragua,2005,73.821815,39.1,52.76,1.82,0.0,1.19,39.534885,3627.2178,5.03,4340.000153,1162.289685,55.0,130370.0,12.865416,-85.207229
Nicaragua,2006,75.96777,40.2,53.29,1.95,0.0,1.15,37.096775,3595.257,5.0,4550.000191,1226.644309,55.0,130370.0,12.865416,-85.207229
Nicaragua,2007,76.50008,41.2,52.61,1.93,0.0,0.99,33.90411,3692.5571,4.84,4699.999809,1327.966782,55.0,130370.0,12.865416,-85.207229
Nicaragua,2008,77.03961,42.5,53.77,1.96,0.0,1.26,39.130436,3683.9102,4.69,4500.0,1499.25762,55.0,130370.0,12.865416,-85.207229
Nicaragua,2009,77.91631,43.4,54.56,2.39,0.0,1.16,32.676056,3631.891,4.82,4389.999866,1444.36951,55.0,130370.0,12.865416,-85.207229
Nicaragua,2010,78.151215,44.7,54.44,2.17,0.0,1.34,38.17664,3699.9202,4.73,4510.000229,1503.864191,55.0,130370.0,12.865416,-85.207229
Nicaragua,2011,78.7287,46.0,53.3,2.35,0.0,1.31,35.79235,3835.2747,4.53,4769.999981,1655.802946,55.0,130370.0,12.865416,-85.207229
Nicaragua,2012,79.63916,47.2,53.27,2.22,0.0,1.67,42.93059,3815.5432,4.61,4690.000057,1760.460308,55.0,130370.0,12.865416,-85.207229
Nicaragua,2013,80.82344,48.2,54.28,1.99,0.0,2.05,50.742577,3991.6355,4.53,4469.99979,1811.636803,55.0,130370.0,12.865416,-85.207229
Nicaragua,2014,81.85307,49.3,53.02,2.07,0.0,2.28,52.413795,4173.7993,4.46,4760.000229,1934.062922,55.0,130370.0,12.865416,-85.207229
Nicaragua,2015,83.24933,50.5,50.0,2.2,0.0,2.24,50.45045,4501.891,4.5,5269.999981,2049.851666,55.0,130370.0,12.865416,-85.207229
Nicaragua,2016,84.640114,51.7,49.54,2.09,0.0,2.38,53.243855,4451.653,4.46,5380.000114,2107.57406,55.0,130370.0,12.865416,-85.207229
Nicaragua,2017,85.98984,52.85,48.91,2.08,0.0,2.3,52.511414,4376.1777,4.36,5480.000019,2159.156714,55.0,130370.0,12.865416,-85.207229
Nicaragua,2018,87.11668,53.8,51.44,2.05,0.0,2.48,54.746136,4282.387,4.46,5110.000134,2014.575189,55.0,130370.0,12.865416,-85.207229
Nicaragua,2019,88.05833,55.1,50.71,2.17,0.0,2.31,51.5625,4225.4365,4.68,5239.999771,1926.699694,55.0,130370.0,12.865416,-85.207229
Nicaragua,2020,88.90738,56.2,50.71,2.0,0.0,2.42,54.75113,4237.677,4.68,5239.999771,1905.261152,55.0,130370.0,12.865416,-85.207229
Niger,2000,6.4814816,0.9,87.62,0.18,0.0,0.0,0.0,285.42957,5.83,670.0,197.8326834,19.0,1267000.0,17.607789,8.081666
Niger,2001,8.361941,1.0,87.7,0.16,0.0,0.0,0.0,270.00186,5.59,670.0,208.3770599,19.0,1267000.0,17.607789,8.081666
Niger,2002,8.858948,1.0,87.74,0.17,0.0,0.0,0.0,277.3297,5.53,699.9999881,228.2359086,19.0,1267000.0,17.607789,8.081666
Niger,2003,9.350719,1.0,86.97,0.18,0.0,0.0,0.0,294.4527,5.65,759.9999905,268.349893,19.0,1267000.0,17.607789,8.081666
Niger,2004,9.839605,1.0,86.99,0.19,0.0,0.0,0.0,311.80307,5.88,790.0000215,286.4900658,19.0,1267000.0,17.607789,8.081666
Niger,2005,7.1,1.0,87.54,0.22,0.0,0.0,0.0,283.51257,5.54,759.9999905,321.7236612,19.0,1267000.0,17.607789,8.081666
Niger,2006,9.3,1.0,87.43,0.21,0.0,0.0,0.0,275.1137,5.38,750.0,336.2819503,19.0,1267000.0,17.607789,8.081666
Niger,2007,11.312919,1.1,86.17,0.21,0.0,0.0,0.0,285.46628,5.45,819.9999928,390.2844802,19.0,1267000.0,17.607789,8.081666
Niger,2008,11.814892,1.1,86.06,0.21,0.0,0.0,0.0,305.83826,5.3,860.0000143,478.502559,19.0,1267000.0,17.607789,8.081666
Niger,2009,12.326806,1.1,83.25,0.24,0.0,0.0,0.0,346.99503,5.51,1080.000043,464.057999,19.0,1267000.0,17.607789,8.081666
Niger,2010,13.277493,1.3,80.67,0.27,0.0,0.0,0.0,413.75497,5.47,1370.000005,476.8695322,19.0,1267000.0,17.607789,8.081666
Niger,2011,14.3,1.3,77.23,0.32,0.0,0.0,0.0,400.05173,4.65,1409.999967,512.595335,19.0,1267000.0,17.607789,8.081666
Niger,2012,14.4,1.4,72.71,0.38,0.0,0.01,2.5641026,512.0466,4.96,1889.999986,529.7444581,19.0,1267000.0,17.607789,8.081666
Niger,2013,15.170006,1.5,78.7,0.41,0.0,0.01,2.3809524,554.4608,5.9,1970.000029,552.569139,19.0,1267000.0,17.607789,8.081666
Niger,2014,15.770542,1.6,78.08,0.41,0.0,0.01,2.3809524,506.64435,5.63,2150.000095,564.5967488,19.0,1267000.0,17.607789,8.081666
Niger,2015,16.6,1.7,78.88,0.5,0.0,0.01,1.9607843,514.94916,5.48,2109.999895,484.1531374,19.0,1267000.0,17.607789,8.081666
Niger,2016,17.27152,1.8,80.25,0.49,0.0,0.01,2.0,462.7355,5.33,2109.999895,500.2149113,19.0,1267000.0,17.607789,8.081666
Niger,2017,18.049526,1.9,82.01,0.52,0.0,0.01,1.8867925,433.12198,5.13,1909.999967,517.7715723,19.0,1267000.0,17.607789,8.081666
Niger,2018,17.6,2.1,82.0,0.49,0.0,0.05,9.259259,460.16846,5.03,1950.000048,570.723922,19.0,1267000.0,17.607789,8.081666
Niger,2019,18.974571,2.3,80.83,0.56,0.0,0.05,8.196721,468.4848,4.99,2150.000095,554.0993893,19.0,1267000.0,17.607789,8.081666
Niger,2020,19.25191,2.4,80.83,0.38,0.0,0.05,11.627907,442.419,4.99,2150.000095,567.6698923,19.0,1267000.0,17.607789,8.081666
Nigeria,2000,43.12146,1.0,86.21,8.45,0.0,5.7,40.28269,1827.2556,10.01,97220.0,567.9307221,226.0,923768.0,9.081999,8.675277
Nigeria,2001,43.880672,1.0,84.67,8.98,0.0,5.86,39.48787,2013.8263,9.86,101950.0,590.381815,226.0,923768.0,9.081999,8.675277
Nigeria,2002,44.6323,0.9,84.6,12.51,0.0,8.16,39.477505,2047.175,8.81,92239.99786,741.7474939,226.0,923768.0,9.081999,8.675277
Nigeria,2003,52.2,1.0,82.95,11.97,0.0,7.38,38.139534,2100.6572,8.6,101000.0,795.3862287,226.0,923768.0,9.081999,8.675277
Nigeria,2004,46.1222,1.0,84.05,15.2,0.0,8.05,34.623657,2122.0964,7.99,98730.00336,1007.874342,226.0,923768.0,9.081999,8.675277
Nigeria,2005,46.86517,1.0,84.01,14.83,0.0,7.7,34.17665,2259.4753,7.94,98720.00122,1268.383462,226.0,923768.0,9.081999,8.675277
Nigeria,2006,47.610016,1.1,85.93,15.83,0.0,6.21,28.176043,1960.8763,7.53,88769.99664,1656.424794,226.0,923768.0,9.081999,8.675277
Nigeria,2007,50.13092,1.3,87.28,15.74,0.0,6.17,28.160658,1749.5142,7.33,81120.00275,1883.461388,226.0,923768.0,9.081999,8.675277
Nigeria,2008,50.3,1.4,86.25,14.47,0.0,5.67,28.152931,2047.7776,7.07,86930.00031,2259.114059,226.0,923768.0,9.081999,8.675277
Nigeria,2009,49.882507,1.6,88.68,14.33,0.0,4.49,23.857597,1250.4224,6.43,76949.99695,1911.607866,226.0,923768.0,9.081999,8.675277
Nigeria,2010,48.0,1.9,86.46,18.56,0.0,6.33,25.431902,1514.1042,6.82,90059.99756,2280.437337,226.0,923768.0,9.081999,8.675277
Nigeria,2011,55.9,2.2,84.63,19.88,0.0,5.84,22.706066,2095.608,7.06,95000.0,2487.598017,226.0,923768.0,9.081999,8.675277
Nigeria,2012,53.231243,2.7,84.57,21.66,0.0,5.64,20.659342,2033.5441,6.84,95339.99634,2723.822191,226.0,923768.0,9.081999,8.675277
Nigeria,2013,55.6,3.4,82.19,22.14,0.0,5.31,19.344261,2546.1362,6.54,108129.9973,2961.549422,226.0,923768.0,9.081999,8.675277
Nigeria,2014,54.04823,4.2,80.64,25.26,0.0,5.34,17.45098,2707.8645,6.3,114830.0018,3098.985791,226.0,923768.0,9.081999,8.675277
Nigeria,2015,52.5,5.4,82.15,25.1,0.0,5.71,18.532944,2495.8333,6.03,107760.0021,2687.480056,226.0,923768.0,9.081999,8.675277
Nigeria,2016,59.3,6.85,82.02,23.89,0.0,8.12,25.367075,2488.9058,6.36,110830.0018,2176.002772,226.0,923768.0,9.081999,8.675277
Nigeria,2017,54.4,8.7,82.32,25.06,0.0,7.72,23.550947,2358.808,6.31,108500.0,1968.565398,226.0,923768.0,9.081999,8.675277
Nigeria,2018,56.5,10.7,82.28,24.11,0.0,7.74,24.301413,2461.8206,6.16,109889.9994,2027.778549,226.0,923768.0,9.081999,8.675277
Nigeria,2019,55.4,12.9,81.4,23.16,0.0,8.49,26.824644,2482.8318,6.39,115279.9988,2229.858652,226.0,923768.0,9.081999,8.675277
Nigeria,2020,55.4,15.0,81.4,21.98,0.0,7.75,26.067945,2445.0652,6.39,115279.9988,2097.092473,226.0,923768.0,9.081999,8.675277
North Macedonia,2000,100.0,57.55,19.38,5.64,0.0,1.17,17.180616,15136.714,5.39,8760.0,1861.898065,83.0,25713.0,41.608635,21.745275
North Macedonia,2001,100.0,58.4,15.17,5.74,0.0,0.63,9.89011,14134.944,5.37,8920.0,1823.023561,83.0,25713.0,41.608635,21.745275
North Macedonia,2002,100.0,59.1,14.63,5.33,0.0,0.76,12.479474,13736.116,5.19,8369.999886,1989.135125,83.0,25713.0,41.608635,21.745275
North Macedonia,2003,100.0,60.55,17.29,5.36,0.0,1.37,20.356611,15438.576,5.61,9140.000343,2440.476943,83.0,25713.0,41.608635,21.745275
North Macedonia,2004,99.42,61.3,18.2,5.18,0.0,1.48,22.222223,15211.423,5.27,8840.000153,2795.899261,83.0,25713.0,41.608635,21.745275
North Macedonia,2005,100.0,62.4,19.03,5.45,0.0,1.49,21.46974,15711.266,5.34,9229.999542,3072.678573,83.0,25713.0,41.608635,21.745275
North Macedonia,2006,99.0,63.1,19.8,5.36,0.0,1.65,23.537802,15953.717,5.17,9220.000267,3362.968419,83.0,25713.0,41.608635,21.745275
North Macedonia,2007,100.0,64.7,15.71,5.49,0.0,1.01,15.538462,15826.587,5.03,9699.999809,4079.391954,83.0,25713.0,41.608635,21.745275
North Macedonia,2008,99.2,65.8,15.61,5.47,0.0,0.84,13.312203,15306.128,4.72,9479.999542,4841.251694,83.0,25713.0,41.608635,21.745275
North Macedonia,2009,99.2,66.7,18.43,5.55,0.0,1.27,18.6217,15049.309,4.39,8869.999886,4584.709832,83.0,25713.0,41.608635,21.745275
North Macedonia,2010,100.0,68.1,22.3,4.83,0.0,2.43,33.471073,16308.639,4.33,8640.000343,4577.688755,83.0,25713.0,41.608635,21.745275
North Macedonia,2011,99.726166,68.9,18.62,5.33,0.0,1.43,21.153845,16243.486,4.62,9520.000458,5098.097583,83.0,25713.0,41.608635,21.745275
North Macedonia,2012,100.0,69.8,18.27,5.22,0.0,1.04,16.613419,15064.223,4.42,9050.000191,4728.308142,83.0,25713.0,41.608635,21.745275
North Macedonia,2013,100.0,71.0,21.16,4.5,0.0,1.59,26.108374,14376.997,3.99,8140.000343,5241.058345,83.0,25713.0,41.608635,21.745275
North Macedonia,2014,100.0,72.3,21.19,4.09,0.0,1.29,23.977695,13282.878,3.74,7699.999809,5495.735049,83.0,25713.0,41.608635,21.745275
North Macedonia,2015,100.0,73.1,23.91,3.62,0.0,2.03,35.929203,13986.548,3.55,7409.999847,4861.553971,83.0,25713.0,41.608635,21.745275
North Macedonia,2016,100.0,74.2,21.37,3.56,0.0,2.07,36.76732,14496.338,3.49,7300.000191,5149.589074,83.0,25713.0,41.608635,21.745275
North Macedonia,2017,100.0,75.45,19.0,4.31,0.0,1.29,23.035715,13935.601,3.51,7789.999962,5450.492881,83.0,25713.0,41.608635,21.745275
North Macedonia,2018,99.8,76.8,20.87,3.65,0.0,1.96,34.93761,13911.034,3.23,7300.000191,6108.740108,83.0,25713.0,41.608635,21.745275
North Macedonia,2019,100.0,77.3,16.32,4.53,0.0,1.34,22.82794,14689.626,3.39,8300.000191,6070.388054,83.0,25713.0,41.608635,21.745275
North Macedonia,2020,100.0,78.1,16.32,3.86,0.0,1.48,27.715355,12822.86,3.39,8300.000191,5917.262575,83.0,25713.0,41.608635,21.745275
Norway,2000,100.0,100.0,60.18,0.32,0.0,142.11,99.77533,129255.24,4.27,34290.0,38131.46061,15.0,323802.0,60.472024,8.468946
Norway,2001,100.0,100.0,59.59,0.42,0.0,120.74,99.65335,116303.484,4.3,34720.0,38542.7151,15.0,323802.0,60.472024,8.468946
Norway,2002,100.0,100.0,59.47,0.42,0.0,129.7,99.67722,120364.25,3.94,34369.99893,43084.47247,15.0,323802.0,60.472024,8.468946
Norway,2003,100.0,100.0,56.23,0.56,0.0,106.03,99.474625,105588.055,4.23,37169.99817,50134.89077,15.0,323802.0,60.472024,8.468946
Norway,2004,100.0,100.0,56.85,0.59,0.0,109.39,99.46354,106903.02,4.3,37340.00015,57603.83602,15.0,323802.0,60.472024,8.468946
Norway,2005,100.0,100.0,58.56,0.58,0.0,136.52,99.57695,121278.375,4.28,36349.99847,66810.47852,15.0,323802.0,60.472024,8.468946
Norway,2006,100.0,100.0,57.02,0.69,0.0,120.4,99.430176,110179.18,4.21,37200.00076,74148.32008,15.0,323802.0,60.472024,8.468946
Norway,2007,100.0,100.0,57.36,1.0,0.0,134.94,99.26438,117053.125,3.83,37750.0,85139.96045,15.0,323802.0,60.472024,8.468946
Norway,2008,100.0,100.0,58.45,0.67,0.0,140.35,99.524895,118381.93,4.44,36869.99893,96944.09561,15.0,323802.0,60.472024,8.468946
Norway,2009,100.0,100.0,56.72,4.41,0.0,126.49,96.63102,107938.016,4.44,37430.00031,79977.69708,15.0,323802.0,60.472024,8.468946
Norway,2010,100.0,100.0,56.37,5.12,0.0,117.97,95.84045,102332.45,4.57,41409.99985,87693.79007,15.0,323802.0,60.472024,8.468946
Norway,2011,100.0,100.0,56.71,4.31,0.0,121.9,96.58506,102448.8,3.89,39599.99847,100600.5624,15.0,323802.0,60.472024,8.468946
Norway,2012,100.0,100.0,58.0,2.95,0.0,143.6,97.98704,111982.734,4.14,38490.00168,101524.1419,15.0,323802.0,60.472024,8.468946
Norway,2013,100.0,100.0,57.42,2.85,0.0,130.42,97.86148,103711.92,4.37,39500.0,102913.4508,15.0,323802.0,60.472024,8.468946
Norway,2014,100.0,100.0,56.9,3.0,0.0,137.94,97.87143,105633.75,3.77,39110.00061,97019.18275,15.0,323802.0,60.472024,8.468946
Norway,2015,100.0,100.0,58.12,2.99,0.0,140.07,97.90997,105580.38,3.77,39490.00168,74355.51586,15.0,323802.0,60.472024,8.468946
Norway,2016,100.0,100.0,59.39,2.97,0.0,145.16,97.995,106194.95,3.57,38759.99832,70460.56053,15.0,323802.0,60.472024,8.468946
Norway,2017,100.0,100.0,61.09,2.93,0.0,145.48,98.025734,105901.33,3.68,37720.00122,75496.75406,15.0,323802.0,60.472024,8.468946
Norway,2018,100.0,100.0,60.75,2.96,0.0,143.06,97.97288,103558.19,3.66,37590.00015,82267.80932,15.0,323802.0,60.472024,8.468946
Norway,2019,100.0,100.0,62.37,2.76,0.0,131.07,97.93769,96392.5,3.33,35950.00076,75719.7529,15.0,323802.0,60.472024,8.468946
Norway,2020,100.0,100.0,62.37,2.2,0.0,152.09,98.57412,103888.89,3.33,35950.00076,67329.67779,15.0,323802.0,60.472024,8.468946
Oman,2000,100.0,100.0,0.0,8.56,0.0,0.0,0.0,47317.117,4.09,25110.0,8601.271944,16.0,309500.0,21.4735329,55.975413
Oman,2001,100.0,100.0,0.0,9.15,0.0,0.0,0.0,51864.105,3.98,28030.0,8475.968643,16.0,309500.0,21.4735329,55.975413
Oman,2002,100.0,100.0,0.0,9.71,0.0,0.0,0.0,55331.734,4.28,29969.99931,8626.965234,16.0,309500.0,21.4735329,55.975413
Oman,2003,100.0,100.0,0.0,10.07,0.0,0.0,0.0,56736.633,4.57,31700.00076,9066.312371,16.0,309500.0,21.4735329,55.975413
Oman,2004,100.0,100.0,0.0,10.81,0.0,0.0,0.0,51916.52,4.71,31260.00023,10126.13774,16.0,309500.0,21.4735329,55.975413
Oman,2005,100.0,100.0,0.0,11.89,0.0,0.0,0.0,61629.492,5.18,31010.00023,12377.08001,16.0,309500.0,21.4735329,55.975413
Oman,2006,100.0,100.0,0.0,13.26,0.0,0.0,0.0,66495.54,7.66,39189.99863,14420.51204,16.0,309500.0,21.4735329,55.975413
Oman,2007,100.0,100.0,0.0,13.32,0.0,0.0,0.0,66225.37,8.4,42259.99832,15838.46956,16.0,309500.0,21.4735329,55.975413
Oman,2008,100.0,100.0,0.0,14.88,0.0,0.0,0.0,75738.22,6.83,41310.00137,22139.74071,16.0,309500.0,21.4735329,55.975413
Oman,2009,100.0,100.0,0.0,16.75,0.0,0.0,0.0,73844.125,6.56,43590.00015,16823.79498,16.0,309500.0,21.4735329,55.975413
Oman,2010,100.0,100.0,0.0,18.63,0.0,0.0,0.0,82213.055,7.55,47080.00183,21369.35297,16.0,309500.0,21.4735329,55.975413
Oman,2011,100.0,100.0,0.0,20.56,0.0,0.0,0.0,80976.87,8.72,53619.99893,23837.31094,16.0,309500.0,21.4735329,55.975413
Oman,2012,100.0,100.0,0.0,23.52,0.0,0.0,0.0,80129.0,8.63,60549.99924,24988.01259,16.0,309500.0,21.4735329,55.975413
Oman,2013,100.0,100.0,0.0,24.67,0.0,0.0,0.0,83183.34,8.41,63009.99832,23888.62658,16.0,309500.0,21.4735329,55.975413
Oman,2014,100.0,100.0,0.0,27.38,0.0,0.0,0.0,78766.81,8.28,66389.99939,23017.93398,16.0,309500.0,21.4735329,55.975413
Oman,2015,100.0,100.0,0.0,30.79,0.0,0.0,0.0,80343.99,8.21,70129.99725,18444.927,16.0,309500.0,21.4735329,55.975413
Oman,2016,100.0,100.0,0.0,32.17,0.0,0.0,0.0,76792.23,7.56,72129.99725,16772.73921,16.0,309500.0,21.4735329,55.975413
Oman,2017,100.0,100.0,0.0,33.96,0.0,0.02,0.058858152,77804.74,8.07,71930.00031,17329.18546,16.0,309500.0,21.4735329,55.975413
Oman,2018,100.0,100.0,0.0,35.45,0.0,0.02,0.056385677,81662.58,7.79,75599.99847,18947.3665,16.0,309500.0,21.4735329,55.975413
Oman,2019,100.0,100.0,0.0,36.03,0.0,0.02,0.055478502,81070.86,7.23,76029.99878,17700.70349,16.0,309500.0,21.4735329,55.975413
Oman,2020,100.0,100.0,0.0,34.21,0.0,0.13,0.37856728,79038.305,7.23,76029.99878,14485.38612,16.0,309500.0,21.4735329,55.975413
Pakistan,2000,70.3106,23.7,51.05,45.23,0.38,17.79,28.659306,3133.7341,5.77,98370.0,576.1955804,287.0,796095.0,30.375321,69.345116
Pakistan,2001,70.361534,24.4,51.54,47.33,1.98,19.54,31.256355,3109.8933,5.66,99840.0,544.4942514,287.0,796095.0,30.375321,69.345116
Pakistan,2002,70.40488,25.6,51.39,47.69,1.8,22.95,34.166206,3148.9678,5.61,102330.0018,534.3039007,287.0,796095.0,30.375321,69.345116
Pakistan,2003,70.44299,26.7,50.09,48.18,1.81,27.49,37.816208,3355.3328,5.55,105660.0037,599.3763305,287.0,796095.0,30.375321,69.345116
Pakistan,2004,70.47822,27.65,47.93,52.87,1.93,26.34,34.841015,3651.1396,5.53,118650.0015,687.8364127,287.0,796095.0,30.375321,69.345116
Pakistan,2005,70.5129,28.8,47.96,55.7,2.41,31.52,37.85563,3707.498,5.38,121669.9982,748.9225893,287.0,796095.0,30.375321,69.345116
Pakistan,2006,70.54947,30.2,47.04,59.1,2.55,32.66,37.334324,3826.2024,5.3,132479.9957,836.8605262,287.0,796095.0,30.375321,69.345116
Pakistan,2007,70.590546,31.5,44.85,58.94,2.31,29.53,35.073807,3981.9287,5.35,146259.9945,908.0950852,287.0,796095.0,30.375321,69.345116
Pakistan,2008,70.63886,32.8,46.63,57.32,1.74,28.67,34.66317,3915.401,5.17,142160.0037,990.8466112,287.0,796095.0,30.375321,69.345116
Pakistan,2009,70.69711,33.9,46.43,60.55,2.64,29.05,34.35603,3879.5596,5.1,145139.9994,957.9956753,287.0,796095.0,30.375321,69.345116
Pakistan,2010,70.76802,35.7,47.4,59.31,2.56,32.6,37.218163,3809.4282,5.1,140619.9951,987.409712,287.0,796095.0,30.375321,69.345116
Pakistan,2011,70.85428,36.9,46.76,61.62,3.84,29.37,35.02056,3727.3542,5.0,141699.9969,1164.978823,287.0,796095.0,30.375321,69.345116
Pakistan,2012,70.95861,38.2,47.2,62.13,5.27,30.7,36.666668,3401.6624,4.89,143809.9976,1198.117637,287.0,796095.0,30.375321,69.345116
Pakistan,2013,71.08277,39.6,48.13,67.27,4.4,33.26,35.890594,3661.0076,4.8,146059.9976,1208.91771,287.0,796095.0,30.375321,69.345116
Pakistan,2014,71.22474,41.0,47.22,68.28,4.58,34.48,36.38905,3725.9507,4.79,154240.0055,1251.175719,287.0,796095.0,30.375321,69.345116
Pakistan,2015,71.381546,42.1,45.88,71.17,4.33,36.82,36.636395,3867.1926,4.71,164130.0049,1356.667831,287.0,796095.0,30.375321,69.345116
Pakistan,2016,71.550224,43.3,43.69,82.57,5.44,35.64,33.222805,4163.3916,4.68,181110.0006,1368.426961,287.0,796095.0,30.375321,69.345116
Pakistan,2017,70.79,44.8,42.09,91.08,8.11,32.39,30.779753,4348.8296,4.65,198830.0018,1464.926195,287.0,796095.0,30.375321,69.345116
Pakistan,2018,72.783104,46.3,43.3,87.95,9.29,42.66,37.133667,4419.1685,4.48,187309.9976,1482.213067,287.0,796095.0,30.375321,69.345116
Pakistan,2019,74.12769,47.8,43.36,86.44,9.07,40.52,36.455193,4400.1157,4.59,190570.0073,1288.556325,287.0,796095.0,30.375321,69.345116
Pakistan,2020,75.37969,49.3,43.36,84.55,9.64,42.69,38.230564,4301.192,4.59,190570.0073,1188.859757,287.0,796095.0,30.375321,69.345116
Panama,2000,81.40141,80.0,27.67,1.36,0.0,3.4,71.428566,22342.99,2.27,5280.0,4060.317793,58.0,75420.0,8.537981,-80.782127
Panama,2001,81.45625,80.9,24.04,2.43,0.0,2.51,50.809715,22268.62,2.58,6220.0,4046.429148,58.0,75420.0,8.537981,-80.782127
Panama,2002,82.20092,81.6,28.71,1.75,0.0,3.4,66.01942,21577.676,2.29,5409.999847,4126.232386,58.0,75420.0,8.537981,-80.782127
Panama,2003,87.8,82.5,27.45,2.55,0.0,2.84,52.690166,21345.66,2.2,5530.00021,4267.292687,58.0,75420.0,8.537981,-80.782127
Panama,2004,83.6769,83.0,28.21,1.83,0.0,3.77,67.32143,21352.857,2.03,5610.000134,4592.152614,58.0,75420.0,8.537981,-80.782127
Panama,2005,84.41291,83.7,22.77,1.95,0.0,3.72,65.60847,20928.799,2.14,7119.999886,4916.907612,58.0,75420.0,8.537981,-80.782127
Panama,2006,85.150795,84.1,22.09,2.28,0.0,3.58,61.092148,22302.521,2.1,7489.999771,5348.884253,58.0,75420.0,8.537981,-80.782127
Panama,2007,85.893196,84.9,22.79,2.65,0.0,3.67,58.06962,20661.121,1.87,7480.000019,6166.187871,58.0,75420.0,8.537981,-80.782127
Panama,2008,86.64284,85.4,23.36,2.25,0.0,3.99,63.94231,23762.428,1.63,7300.000191,7154.274501,58.0,75420.0,8.537981,-80.782127
Panama,2009,87.40241,85.9,20.37,2.82,0.0,3.92,58.16024,22608.205,1.77,8699.999809,7576.140457,58.0,75420.0,8.537981,-80.782127
Panama,2010,86.85,86.4,20.65,2.95,0.0,4.2,58.741253,25191.672,1.85,9189.99958,8082.016175,58.0,75420.0,8.537981,-80.782127
Panama,2011,88.96222,86.9,19.73,3.42,0.0,4.14,54.761906,24962.39,1.85,9989.999771,9358.26813,58.0,75420.0,8.537981,-80.782127
Panama,2012,89.76787,87.0,21.25,2.94,0.0,5.42,64.832535,27223.264,1.74,10460.00004,10722.26147,58.0,75420.0,8.537981,-80.782127
Panama,2013,89.1,87.1,20.71,3.47,0.0,5.2,59.976933,26325.066,1.58,10250.0,11889.09507,58.0,75420.0,8.537981,-80.782127
Panama,2014,91.43664,87.6,19.78,3.16,0.0,5.19,62.155685,26454.377,1.58,10760.00023,12796.07403,58.0,75420.0,8.537981,-80.782127
Panama,2015,92.29477,87.5,21.9,2.66,0.0,6.69,71.5508,28399.344,1.51,10699.99981,13630.30114,58.0,75420.0,8.537981,-80.782127
Panama,2016,93.16477,87.7,22.1,2.76,0.0,7.24,72.4,29494.584,1.49,10770.00046,14343.98026,58.0,75420.0,8.537981,-80.782127
Panama,2017,93.7,87.9,23.6,2.73,0.0,7.9,74.31797,31180.088,1.42,10130.00011,15146.40851,58.0,75420.0,8.537981,-80.782127
Panama,2018,94.92852,87.6,24.44,1.9,0.0,8.74,82.14285,31255.303,1.39,10060.00042,15544.99908,58.0,75420.0,8.537981,-80.782127
Panama,2019,95.81633,87.6,18.91,4.15,0.0,6.24,60.057747,27875.5,1.54,13340.00015,15774.25494,58.0,75420.0,8.537981,-80.782127
Panama,2020,96.704636,87.6,18.91,2.7,0.0,8.35,75.56561,27640.848,1.54,13340.00015,12509.83529,58.0,75420.0,8.537981,-80.782127
Papua New Guinea,2000,7.577014,5.6,66.38,1.14,0.0,0.97,45.971565,2747.3433,5.88,2830.0,602.1864903,20.0,462840.0,-6.314993,143.95555
Papua New Guinea,2001,9.882184,5.7,63.44,1.59,0.0,1.0,38.61004,3037.2134,6.32,3390.0,515.6847804,20.0,462840.0,-6.314993,143.95555
Papua New Guinea,2002,12.1797695,5.9,62.49,1.76,0.0,1.0,36.231884,3073.6719,6.57,3609.999895,491.8343081,20.0,462840.0,-6.314993,143.95555
Papua New Guinea,2003,14.47212,6.1,60.4,2.03,0.0,1.07,34.516132,3376.0618,6.78,4079.999924,568.2463486,20.0,462840.0,-6.314993,143.95555
Papua New Guinea,2004,16.761583,6.1,57.48,2.14,0.0,1.04,32.704403,3651.7664,6.98,4949.999809,618.0367032,20.0,462840.0,-6.314993,143.95555
Papua New Guinea,2005,19.050512,6.5,58.56,2.05,0.0,1.28,38.43844,3417.0745,6.76,4929.999828,749.1865116,20.0,462840.0,-6.314993,143.95555
Papua New Guinea,2006,12.4,6.7,58.86,2.0,0.0,1.25,38.46154,3393.2031,6.51,4780.00021,1256.979648,20.0,462840.0,-6.314993,143.95555
Papua New Guinea,2007,23.636633,6.9,57.13,2.0,0.0,1.34,40.119762,3544.4324,7.55,5050.000191,1401.949447,20.0,462840.0,-6.314993,143.95555
Papua New Guinea,2008,25.939186,7.1,56.93,1.94,0.0,1.34,40.85366,3056.953,6.73,4760.000229,1672.951024,20.0,462840.0,-6.314993,143.95555
Papua New Guinea,2009,17.2,7.4,56.02,2.03,0.0,1.32,39.402985,3259.054,6.49,5030.00021,1626.312855,20.0,462840.0,-6.314993,143.95555
Papua New Guinea,2010,19.5,7.7,55.25,2.07,0.0,1.32,38.938053,2867.5837,5.66,5019.999981,1949.351185,20.0,462840.0,-6.314993,143.95555
Papua New Guinea,2011,32.91732,7.8,54.73,2.11,0.0,1.42,40.226627,2917.4312,5.91,5159.999847,2406.910967,20.0,462840.0,-6.314993,143.95555
Papua New Guinea,2012,35.275887,8.2,55.45,2.18,0.0,1.43,39.61219,2741.8088,5.49,4889.999866,2790.676303,20.0,462840.0,-6.314993,143.95555
Papua New Guinea,2013,37.654285,8.2,58.27,2.35,0.0,1.47,38.481674,2730.9343,5.93,5239.999771,2729.888751,20.0,462840.0,-6.314993,143.95555
Papua New Guinea,2014,40.05049,8.5,56.82,2.53,0.0,1.49,37.06468,2816.4016,5.59,5889.999866,2920.782986,20.0,462840.0,-6.314993,143.95555
Papua New Guinea,2015,42.87822,8.7,55.15,2.67,0.0,1.48,35.66265,3170.5203,5.38,6510.000229,2679.346579,20.0,462840.0,-6.314993,143.95555
Papua New Guinea,2016,49.4,8.85,54.56,2.79,0.0,1.48,34.660423,3283.4167,5.18,7659.999847,2509.629637,20.0,462840.0,-6.314993,143.95555
Papua New Guinea,2017,54.4,8.8,54.45,2.99,0.0,1.27,29.812204,3098.1384,4.93,7610.000134,2695.249009,20.0,462840.0,-6.314993,143.95555
Papua New Guinea,2018,55.727386,9.0,52.96,3.13,0.0,1.27,28.863636,3150.1516,5.31,7559.999943,2801.371393,20.0,462840.0,-6.314993,143.95555
Papua New Guinea,2019,59.662975,9.1,53.09,3.16,0.0,1.28,28.828829,3159.5166,5.28,7579.999924,2820.306397,20.0,462840.0,-6.314993,143.95555
Papua New Guinea,2020,60.4,9.4,53.09,3.36,0.0,1.28,27.586208,2163.8704,5.28,7579.999924,2757.21753,20.0,462840.0,-6.314993,143.95555
Paraguay,2000,89.42114,49.2,70.41,0.01,0.0,52.96,99.98112,24335.996,3.56,3520.0,1663.604939,18.0,406752.0,-23.442503,-58.443832
Paraguay,2001,91.04207,48.9,69.84,0.01,0.0,44.86,99.977715,21277.064,3.65,3610.0,1565.054289,18.0,406752.0,-23.442503,-58.443832
Paraguay,2002,91.66644,48.6,67.68,0.01,0.0,47.73,99.97905,21856.117,3.62,3779.999971,1300.852367,18.0,406752.0,-23.442503,-58.443832
Paraguay,2003,92.558395,48.4,67.05,0.02,0.0,51.25,99.96099,22881.867,3.55,3940.000057,1365.416418,18.0,406752.0,-23.442503,-58.443832
Paraguay,2004,93.24988,48.6,66.75,0.0,0.0,51.41,100.0,22449.5,3.44,3970.000029,1679.49512,18.0,406752.0,-23.442503,-58.443832
Paraguay,2005,94.68689,49.1,68.81,0.0,0.0,50.65,100.0,21752.111,3.33,3700.000048,1843.634108,18.0,406752.0,-23.442503,-58.443832
Paraguay,2006,96.74905,50.3,66.46,0.0,0.0,53.25,100.0,22537.387,3.27,3950.000048,2271.088885,18.0,406752.0,-23.442503,-58.443832
Paraguay,2007,96.452774,51.7,68.44,0.0,0.0,53.19,100.0,22409.062,3.16,3720.000029,2976.824014,18.0,406752.0,-23.442503,-58.443832
Paraguay,2008,96.677895,53.7,65.81,0.0,0.0,54.91,100.0,22887.295,3.18,4320.000172,4047.909791,18.0,406752.0,-23.442503,-58.443832
Paraguay,2009,96.891335,55.6,65.36,0.0,0.0,54.41,100.0,22453.984,3.25,4570.000172,3626.818637,18.0,406752.0,-23.442503,-58.443832
Paraguay,2010,97.43086,57.45,63.61,0.0,0.0,53.52,100.0,22447.14,3.12,5039.999962,4359.428415,18.0,406752.0,-23.442503,-58.443832
Paraguay,2011,98.23656,59.7,62.46,0.0,0.0,57.05,100.0,23345.691,3.04,5219.99979,5329.387437,18.0,406752.0,-23.442503,-58.443832
Paraguay,2012,97.83562,61.3,63.43,0.0,0.0,59.63,100.0,23638.725,3.07,5179.999828,5185.141549,18.0,406752.0,-23.442503,-58.443832
Paraguay,2013,99.015884,63.1,62.55,0.04,0.0,59.87,99.933235,23514.254,2.86,5300.000191,5936.975959,18.0,406752.0,-23.442503,-58.443832
Paraguay,2014,99.00072,64.3,62.54,0.04,0.0,54.83,99.9271,21944.45,2.84,5630.000114,6118.31811,18.0,406752.0,-23.442503,-58.443832
Paraguay,2015,99.331535,65.4,60.51,0.04,0.0,55.3,99.92772,22191.486,3.01,6369.999886,5413.776021,18.0,406752.0,-23.442503,-58.443832
Paraguay,2016,98.4,66.2,62.49,0.0,0.0,63.3,100.0,24718.906,3.4,7179.999828,5324.609068,18.0,406752.0,-23.442503,-58.443832
Paraguay,2017,99.3,66.8,60.12,0.0,0.0,59.23,100.0,23435.645,3.42,8060.00042,5678.869972,18.0,406752.0,-23.442503,-58.443832
Paraguay,2018,99.6,67.4,59.24,0.0,0.0,58.75,100.0,23139.457,3.4,8470.000267,5782.78455,18.0,406752.0,-23.442503,-58.443832
Paraguay,2019,99.7,68.0,60.09,0.07,0.0,48.99,99.857315,19903.92,3.39,8210.000038,5380.963322,18.0,406752.0,-23.442503,-58.443832
Paraguay,2020,100.0,68.6,60.09,0.07,0.0,46.43,99.849464,18493.115,3.39,8210.000038,5001.07276,18.0,406752.0,-23.442503,-58.443832
Peru,2000,72.4965,43.1,38.57,3.47,0.0,16.07,82.241554,5528.503,3.32,28630.0,1955.588006,26.0,1285216.0,-9.189967,-75.015152
Peru,2001,72.11311,45.7,41.23,2.94,0.0,17.48,85.60235,5407.2314,3.19,26540.0,1941.475342,26.0,1285216.0,-9.189967,-75.015152
Peru,2002,74.38269,48.7,40.21,3.66,0.0,17.93,83.04771,5472.09,3.03,27729.99954,2021.240038,26.0,1285216.0,-9.189967,-75.015152
Peru,2003,74.38097,51.2,40.91,4.05,0.0,18.44,81.992,5345.9004,2.86,27159.99985,2145.643889,26.0,1285216.0,-9.189967,-75.015152
Peru,2004,75.69236,53.8,37.83,6.36,0.0,17.49,73.333336,5642.6665,2.96,31239.99977,2417.034363,26.0,1285216.0,-9.189967,-75.015152
Peru,2005,77.173645,56.2,38.35,7.29,0.0,18.05,71.23125,5816.902,2.95,31290.00092,2729.499172,26.0,1285216.0,-9.189967,-75.015152
Peru,2006,80.15727,58.3,38.7,7.1,0.0,19.63,73.43808,5834.625,2.65,30840.00015,3154.331349,26.0,1285216.0,-9.189967,-75.015152
Peru,2007,81.98813,60.3,36.05,9.68,0.0,19.46,66.78105,6303.5713,2.6,33810.00137,3606.070689,26.0,1285216.0,-9.189967,-75.015152
Peru,2008,84.678345,62.3,33.71,12.88,0.0,19.14,59.77514,6757.0254,2.62,38290.00092,4220.616378,26.0,1285216.0,-9.189967,-75.015152
Peru,2009,86.42432,63.8,32.92,11.97,0.0,19.7,62.203983,6840.561,2.62,41169.99817,4196.311627,26.0,1285216.0,-9.189967,-75.015152
Peru,2010,88.12306,65.9,32.17,14.15,0.0,20.13,58.722286,7707.48,2.51,45000.0,5082.353706,26.0,1285216.0,-9.189967,-75.015152
Peru,2011,89.70749,67.5,30.63,15.65,0.0,21.85,58.266666,8431.997,2.72,48430.00031,5869.323882,26.0,1285216.0,-9.189967,-75.015152
Peru,2012,91.09951,69.7,30.8,16.72,0.0,21.69,56.46967,8629.543,2.75,48119.99893,6528.971775,26.0,1285216.0,-9.189967,-75.015152
Peru,2013,92.13537,71.7,28.35,18.8,0.0,22.85,54.861942,8741.407,2.5,49750.0,6756.752996,26.0,1285216.0,-9.189967,-75.015152
Peru,2014,92.91999,73.7,28.56,20.41,0.0,23.06,53.048077,8856.475,2.57,53169.99817,6672.877373,26.0,1285216.0,-9.189967,-75.015152
Peru,2015,93.85218,75.8,27.43,21.39,0.0,24.86,53.75135,9171.356,2.57,54549.99924,6229.100674,26.0,1285216.0,-9.189967,-75.015152
Peru,2016,94.2,77.7,27.2,23.9,0.0,25.95,52.05617,9602.029,2.57,56860.00061,6204.996457,26.0,1285216.0,-9.189967,-75.015152
Peru,2017,94.8,79.6,27.59,21.62,0.0,30.84,58.787647,9605.62,2.54,54270.00046,6710.507602,26.0,1285216.0,-9.189967,-75.015152
Peru,2018,95.2,81.5,27.89,21.4,0.0,33.28,60.863205,9887.749,2.56,54590.00015,6957.793411,26.0,1285216.0,-9.189967,-75.015152
Peru,2019,95.55136,83.25,27.12,22.16,0.0,34.41,60.827293,9949.632,2.6,56750.0,7027.612207,26.0,1285216.0,-9.189967,-75.015152
Peru,2020,99.31181,85.1,27.12,19.1,0.0,33.72,63.839455,8365.432,2.6,56750.0,6126.87454,26.0,1285216.0,-9.189967,-75.015152
Philippines,2000,74.66169,37.9,33.42,24.29,0.0,19.37,44.365555,3945.0947,4.72,72100.0,1072.801752,368.0,300000.0,12.879721,121.774017
Philippines,2001,75.722946,39.15,32.12,27.72,0.0,17.5,38.699688,3776.7449,4.36,70480.0,990.5659913,368.0,300000.0,12.879721,121.774017
Philippines,2002,76.77662,39.6,31.42,29.29,0.0,17.22,37.024296,3717.366,4.26,71569.99969,1036.158331,368.0,300000.0,12.879721,121.774017
Philippines,2003,76.6,40.1,30.67,33.03,0.0,17.64,34.8135,3758.5122,4.06,73629.99725,1048.008205,368.0,300000.0,12.879721,121.774017
Philippines,2004,87.6,40.9,29.96,34.83,0.0,18.82,35.079216,3771.797,3.78,75139.99939,1121.490006,368.0,300000.0,12.879721,121.774017
Philippines,2005,79.91562,40.9,31.17,35.94,0.0,18.25,33.677803,3713.3245,3.7,76669.99817,1244.348741,368.0,300000.0,12.879721,121.774017
Philippines,2006,80.18,41.4,33.24,34.12,0.0,20.39,37.405983,3471.6638,3.49,69470.00122,1452.438089,368.0,300000.0,12.879721,121.774017
Philippines,2007,82.01391,40.9,32.57,38.29,0.0,18.8,32.930458,3535.2363,3.33,73220.00122,1744.639979,368.0,300000.0,12.879721,121.774017
Philippines,2008,83.3,40.8,33.91,37.75,0.0,20.56,35.25982,3587.5803,3.35,75150.00153,1998.02692,368.0,300000.0,12.879721,121.774017
Philippines,2009,84.3,40.9,33.98,39.1,0.0,20.26,34.130726,3563.5925,3.22,76300.00305,1904.196388,368.0,300000.0,12.879721,121.774017
Philippines,2010,85.397644,40.7,32.59,46.55,0.0,18.15,28.052551,3601.5786,3.14,81930.00031,2217.472153,368.0,300000.0,12.879721,121.774017
Philippines,2011,87.2,40.6,33.69,49.04,0.0,20.09,29.06119,3608.626,3.06,82629.99725,2450.735694,368.0,300000.0,12.879721,121.774017
Philippines,2012,87.08,40.7,34.06,51.82,0.0,21.06,28.896818,3668.3667,2.99,86180.00031,2694.305109,368.0,300000.0,12.879721,121.774017
Philippines,2013,87.5,40.9,33.05,55.06,0.0,20.18,26.82084,3865.761,2.89,95500.0,2871.429701,368.0,300000.0,12.879721,121.774017
Philippines,2014,89.72037,42.0,32.33,57.07,0.0,20.18,26.122978,4002.7449,2.9,101819.9997,2959.645435,368.0,300000.0,12.879721,121.774017
Philippines,2015,89.08,42.2,30.75,60.82,0.0,21.59,26.198277,4314.0645,2.96,111010.0021,3001.043182,368.0,300000.0,12.879721,121.774017
Philippines,2016,92.066505,43.3,28.45,68.44,0.0,22.38,24.642149,4629.1177,2.93,121959.9991,3073.654686,368.0,300000.0,12.879721,121.774017
Philippines,2017,93.0,44.1,27.68,71.03,0.0,23.35,24.740412,4989.8896,2.89,133500.0,3123.245642,368.0,300000.0,12.879721,121.774017
Philippines,2018,94.448265,45.4,27.51,76.05,0.0,23.73,23.782322,5040.644,2.81,138570.0073,3252.110274,368.0,300000.0,12.879721,121.774017
Philippines,2019,95.64508,46.5,26.73,83.3,0.0,22.78,21.47436,5104.391,2.68,145419.9982,3485.340844,368.0,300000.0,12.879721,121.774017
Philippines,2020,96.842384,48.0,26.73,79.27,0.0,23.21,22.648321,4565.3384,2.68,145419.9982,3298.829586,368.0,300000.0,12.879721,121.774017
Poland,2000,100.0,100.0,6.93,140.85,0.0,2.33,1.6273223,26426.166,5.98,295770.0,4501.454067,124.0,312685.0,51.919438,19.145136
Poland,2001,100.0,100.0,7.29,140.94,0.0,2.78,1.9343168,26135.066,5.94,293630.0,4991.244358,124.0,312685.0,51.919438,19.145136
Poland,2002,100.0,100.0,7.49,139.72,0.0,2.77,1.943996,25864.023,5.76,287320.0073,5207.171421,124.0,312685.0,51.919438,19.145136
Poland,2003,100.0,100.0,7.29,147.76,0.0,2.25,1.4999001,26777.979,5.71,297730.011,5701.602212,124.0,312685.0,51.919438,19.145136
Poland,2004,100.0,100.0,7.31,149.06,0.0,3.2,2.1016684,26977.344,5.46,301850.0061,6681.386472,124.0,312685.0,51.919438,19.145136
Poland,2005,100.0,100.0,7.22,151.2,0.0,3.85,2.48307,27590.934,5.34,301350.0061,8021.505743,124.0,312685.0,51.919438,19.145136
Poland,2006,100.0,100.0,7.18,156.16,0.0,4.29,2.6737301,28976.988,5.29,314089.9963,9035.410467,124.0,312685.0,51.919438,19.145136
Poland,2007,100.0,100.0,7.28,153.08,0.0,5.43,3.4256516,28913.844,4.92,313380.0049,11254.51739,124.0,312685.0,51.919438,19.145136
Poland,2008,100.0,100.0,8.01,148.03,0.0,6.61,4.274444,29419.19,4.78,308329.9866,13996.02515,124.0,312685.0,51.919438,19.145136
Poland,2009,100.0,100.0,8.84,142.4,0.0,8.69,5.7515388,28364.893,4.47,297260.0098,11526.05589,124.0,312685.0,51.919438,19.145136
Poland,2010,100.0,100.0,9.49,146.12,0.0,10.88,6.9299364,30213.855,4.61,313739.9902,12613.011,124.0,312685.0,51.919438,19.145136
Poland,2011,100.0,100.0,10.44,149.88,0.0,13.13,8.054721,30370.395,4.42,310589.9963,13879.56099,124.0,312685.0,51.919438,19.145136
Poland,2012,100.0,100.0,10.91,144.75,0.0,16.88,10.443604,29494.252,4.22,303350.0061,13097.27085,124.0,312685.0,51.919438,19.145136
Poland,2013,100.0,100.0,11.41,146.85,0.0,17.06,10.408151,29578.533,4.17,298299.9878,13696.4663,124.0,312685.0,51.919438,19.145136
Poland,2014,100.0,100.0,11.58,138.53,0.0,19.85,12.533148,28535.256,3.89,285730.011,14271.30585,124.0,312685.0,51.919438,19.145136
Poland,2015,100.0,100.0,11.87,141.55,0.0,22.69,13.815148,28851.459,3.76,289079.9866,12578.49547,124.0,312685.0,51.919438,19.145136
Poland,2016,100.0,100.0,11.34,143.28,0.0,22.81,13.733519,30122.61,3.82,299799.9878,12447.43959,124.0,312685.0,51.919438,19.145136
Poland,2017,100.0,100.0,11.12,145.8,0.0,24.13,14.1999655,31295.422,3.81,312859.9854,13864.68176,124.0,312685.0,51.919438,19.145136
Poland,2018,100.0,100.0,11.27,147.87,0.0,21.62,12.755915,31661.174,3.68,311910.0037,15468.48222,124.0,312685.0,51.919438,19.145136
Poland,2019,100.0,100.0,12.18,137.58,0.0,25.46,15.615801,30777.799,3.42,295130.0049,15732.20313,124.0,312685.0,51.919438,19.145136
Poland,2020,100.0,100.0,12.18,128.91,0.0,28.23,17.964872,29514.133,3.42,295130.0049,15720.99466,124.0,312685.0,51.919438,19.145136
Portugal,2000,100.0,100.0,20.12,30.51,0.0,12.87,29.668049,28476.13,3.29,61660.0,11497.75346,111.0,92212.0,39.399872,-8.224454
Portugal,2001,100.0,100.0,20.83,30.43,0.0,15.74,34.091404,28699.385,3.26,61380.0,11724.6115,111.0,92212.0,39.399872,-8.224454
Portugal,2002,100.0,100.0,18.28,35.92,0.0,9.73,21.314346,28321.012,3.37,65599.99847,12875.32079,111.0,92212.0,39.399872,-8.224454
Portugal,2003,100.0,100.0,22.09,28.82,0.0,17.7,38.048153,28965.469,3.3,60520.00046,15762.97579,111.0,92212.0,39.399872,-8.224454
Portugal,2004,100.0,100.0,19.87,32.51,0.0,12.31,27.465418,28331.549,3.34,62130.00107,18031.00042,111.0,92212.0,39.399872,-8.224454
Portugal,2005,100.0,100.0,18.07,37.93,0.0,8.25,17.864876,28219.037,3.39,65470.00122,18773.12536,111.0,92212.0,39.399872,-8.224454
Portugal,2006,100.0,100.0,22.33,32.85,0.0,15.72,32.365658,27957.99,3.17,60450.00076,19822.84603,111.0,92212.0,39.399872,-8.224454
Portugal,2007,100.0,100.0,23.15,30.68,0.0,16.21,34.57027,28116.701,3.12,58799.99924,22782.09462,111.0,92212.0,39.399872,-8.224454
Portugal,2008,100.0,100.0,23.19,30.84,0.0,14.64,32.189976,27100.385,3.03,56840.00015,24847.54514,111.0,92212.0,39.399872,-8.224454
Portugal,2009,100.0,100.0,24.9,31.19,0.0,18.29,36.96443,27307.855,3.09,56299.99924,23059.79745,111.0,92212.0,39.399872,-8.224454
Portugal,2010,100.0,100.0,27.83,25.34,0.0,28.35,52.80313,28813.4,2.93,50939.99863,22498.69086,111.0,92212.0,39.399872,-8.224454
Portugal,2011,100.0,100.0,27.22,27.77,0.0,24.11,46.47263,27547.613,2.89,49869.99893,23186.91313,111.0,92212.0,39.399872,-8.224454
Portugal,2012,100.0,100.0,25.52,26.2,0.0,19.37,42.50604,25259.12,2.83,48220.00122,20564.88986,111.0,92212.0,39.399872,-8.224454
Portugal,2013,100.0,100.0,30.17,21.06,0.0,29.47,58.32179,27884.04,2.86,46560.00137,21647.04181,111.0,92212.0,39.399872,-8.224454
Portugal,2014,100.0,100.0,30.46,20.39,0.0,31.57,60.758278,28600.113,2.8,45930.00031,22074.30076,111.0,92212.0,39.399872,-8.224454
Portugal,2015,100.0,100.0,27.21,26.9,0.0,24.37,47.53267,28096.076,2.85,49849.99847,19242.36647,111.0,92212.0,39.399872,-8.224454
Portugal,2016,100.0,100.0,29.0,26.83,0.0,32.3,54.6254,30146.477,2.78,48759.99832,19978.40121,111.0,92212.0,39.399872,-8.224454
Portugal,2017,100.0,100.0,24.42,35.12,0.0,22.58,39.13345,29287.125,2.8,53330.00183,21437.3475,111.0,92212.0,39.399872,-8.224454
Portugal,2018,100.0,100.0,27.47,29.0,0.0,29.41,50.350967,29893.375,2.63,49500.0,23551.04829,111.0,92212.0,39.399872,-8.224454
Portugal,2019,100.0,100.0,28.19,24.32,0.0,27.41,52.986664,28468.56,2.54,44639.99939,23330.81729,111.0,92212.0,39.399872,-8.224454
Portugal,2020,100.0,100.0,28.19,21.43,0.0,30.11,58.420643,25782.078,2.54,44639.99939,22176.29671,111.0,92212.0,39.399872,-8.224454
Qatar,2000,100.0,100.0,0.08,8.59,0.0,0.0,0.0,207755.62,8.92,28660.0,29976.16763,248.0,11586.0,25.354826,51.183884
Qatar,2001,100.0,100.0,0.14,9.35,0.0,0.0,0.0,189988.27,9.49,28650.0,28517.22084,248.0,11586.0,25.354826,51.183884
Qatar,2002,100.0,100.0,0.07,10.28,0.0,0.0,0.0,199143.97,10.01,32500.0,30214.67042,248.0,11586.0,25.354826,51.183884
Qatar,2003,100.0,100.0,0.05,11.29,0.0,0.0,0.0,217673.23,9.99,34740.00168,34517.60321,248.0,11586.0,25.354826,51.183884
Qatar,2004,100.0,100.0,0.03,12.44,0.0,0.0,0.0,253062.6,9.88,37069.99969,42124.94084,248.0,11586.0,25.354826,51.183884
Qatar,2005,100.0,100.0,0.03,13.53,0.0,0.0,0.0,262585.7,9.19,38540.00092,51455.95094,248.0,11586.0,25.354826,51.183884
Qatar,2006,100.0,100.0,0.1,16.06,0.0,0.0,0.0,230796.0,8.56,43770.00046,59530.561,248.0,11586.0,25.354826,51.183884
Qatar,2007,100.0,100.0,0.07,18.29,0.0,0.0,0.0,207280.52,8.2,49830.00183,65421.37692,248.0,11586.0,25.354826,51.183884
Qatar,2008,100.0,100.0,0.11,20.32,0.0,0.0,0.0,196001.0,7.16,53040.00092,80234.19083,248.0,11586.0,25.354826,51.183884
Qatar,2009,100.0,100.0,0.08,22.71,0.0,0.0,0.0,178237.72,6.82,54069.99969,59094.65918,248.0,11586.0,25.354826,51.183884
Qatar,2010,100.0,100.0,0.13,26.46,0.0,0.0,0.0,194843.92,6.38,60580.00183,67403.08768,248.0,11586.0,25.354826,51.183884
Qatar,2011,100.0,100.0,0.15,28.87,0.0,0.01,0.03462604,216384.27,5.3,68190.00244,82409.94165,248.0,11586.0,25.354826,51.183884
Qatar,2012,100.0,100.0,0.04,32.7,0.0,0.01,0.030571692,232316.58,6.97,75080.00183,85075.98654,248.0,11586.0,25.354826,51.183884
Qatar,2013,100.0,100.0,0.04,32.65,0.0,0.01,0.030618494,236185.81,7.05,76169.99817,85050.68434,248.0,11586.0,25.354826,51.183884
Qatar,2014,100.0,100.0,0.05,36.46,0.0,0.02,0.05482456,234538.38,6.6,81660.00366,83858.34046,248.0,11586.0,25.354826,51.183884
Qatar,2015,100.0,100.0,0.05,39.11,0.0,0.03,0.07664793,245271.83,6.32,84779.99878,63039.11263,248.0,11586.0,25.354826,51.183884
Qatar,2016,100.0,100.0,0.06,39.88,0.0,0.03,0.07516913,223248.58,5.88,86919.99817,57162.96801,248.0,11586.0,25.354826,51.183884
Qatar,2017,100.0,100.0,0.07,42.94,0.0,0.03,0.06981615,206889.17,6.8,87540.00092,59124.86727,248.0,11586.0,25.354826,51.183884
Qatar,2018,100.0,100.0,0.05,45.16,0.0,0.02,0.044267375,202570.3,6.46,86419.99817,65907.94844,248.0,11586.0,25.354826,51.183884
Qatar,2019,100.0,100.0,0.04,46.98,0.0,0.03,0.06381621,208021.3,6.79,91970.00122,62276.42869,248.0,11586.0,25.354826,51.183884
Qatar,2020,100.0,100.0,0.04,44.63,0.0,0.02,0.04479283,184074.56,6.79,91970.00122,50124.38594,248.0,11586.0,25.354826,51.183884
Romania,2000,100.0,72.4,16.37,31.32,5.46,14.78,39.255234,19175.828,5.58,89020.0,1659.90764,84.0,238391.0,45.943161,24.96676
Romania,2001,100.0,73.4,13.39,33.18,5.45,14.92,38.03922,19502.389,5.4,95230.0,1825.179805,84.0,238391.0,45.943161,24.96676
Romania,2002,100.0,74.2,14.4,32.86,5.51,16.05,39.61779,20380.363,5.28,93739.99786,2119.882673,84.0,238391.0,45.943161,24.96676
Romania,2003,100.0,75.6,15.67,36.67,4.91,13.26,33.13275,20540.846,5.38,98139.99939,2679.41191,84.0,238391.0,45.943161,24.96676
Romania,2004,100.0,77.0,17.28,34.43,5.55,16.51,39.05116,21481.434,4.74,95349.99847,3494.944517,84.0,238391.0,45.943161,24.96676
Romania,2005,100.0,78.0,18.47,33.64,5.55,20.22,43.376537,21728.15,4.51,94709.99908,4617.929016,84.0,238391.0,45.943161,24.96676
Romania,2006,100.0,79.1,17.39,38.71,5.63,18.36,38.261562,22364.223,4.32,99260.00214,5757.496429,84.0,238391.0,45.943161,24.96676
Romania,2007,100.0,80.2,18.16,37.96,7.71,16.01,38.45655,21750.25,4.01,96730.00336,8360.166321,84.0,238391.0,45.943161,24.96676
Romania,2008,100.0,81.5,20.4,36.5,11.23,17.22,43.80293,21966.107,3.66,95419.99817,10435.04398,84.0,238391.0,45.943161,24.96676
Romania,2009,100.0,82.1,22.14,30.43,11.75,15.55,47.289104,19314.918,3.4,80709.99908,8548.118672,84.0,238391.0,45.943161,24.96676
Romania,2010,100.0,83.2,24.07,28.69,11.62,20.3,52.664577,19617.842,3.56,77620.00275,8214.076893,84.0,238391.0,45.943161,24.96676
Romania,2011,100.0,84.3,21.09,33.93,11.75,16.32,45.274193,20211.152,3.57,84059.99756,9099.217539,84.0,238391.0,45.943161,24.96676
Romania,2012,100.0,84.8,21.53,32.38,11.47,14.93,44.91324,19514.234,3.41,81849.99847,8507.104775,84.0,238391.0,45.943161,24.96676
Romania,2013,100.0,85.3,23.07,26.78,11.62,20.15,54.261314,18270.229,3.0,72089.99634,9547.852151,84.0,238391.0,45.943161,24.96676
Romania,2014,100.0,85.8,24.31,26.39,11.68,27.12,59.51833,19029.295,2.86,71540.00092,10043.67745,84.0,238391.0,45.943161,24.96676
Romania,2015,100.0,86.2,23.67,28.09,11.64,26.19,57.38775,19213.441,2.8,73319.99969,8969.148921,84.0,238391.0,45.943161,24.96676
Romania,2016,99.1,86.5,24.4,26.33,11.29,26.97,59.235176,19323.846,2.67,71589.99634,9548.587403,84.0,238391.0,45.943161,24.96676
Romania,2017,100.0,87.1,23.35,28.15,11.51,24.29,55.981236,19747.191,2.61,74209.99908,10807.00917,84.0,238391.0,45.943161,24.96676
Romania,2018,100.0,87.1,23.03,26.87,11.38,26.19,58.302296,20218.59,2.52,75190.00244,12398.98198,84.0,238391.0,45.943161,24.96676
Romania,2019,100.0,87.7,23.54,23.27,11.28,24.63,60.679283,19839.047,2.38,73949.99695,12899.34611,84.0,238391.0,45.943161,24.96676
Romania,2020,100.0,87.7,23.54,19.54,11.47,24.61,64.86876,18998.812,2.38,73949.99695,12896.08862,84.0,238391.0,45.943161,24.96676
Rwanda,2000,6.2,0.2,86.78,0.0,0.0,0.11,100.0,357.7341,7.8,540.0,260.6011858,525.0,26338.0,-1.940278,29.873888
Rwanda,2001,4.572316,0.2,86.89,0.0,0.0,0.09,99.99999,347.05887,7.19,560.0,238.7812778,525.0,26338.0,-1.940278,29.873888
Rwanda,2002,5.932858,0.2,87.13,0.0,0.0,0.1,100.0,348.555,6.35,560.0000024,233.1512636,525.0,26338.0,-1.940278,29.873888
Rwanda,2003,7.2881646,0.2,87.3,0.0,0.0,0.12,100.0,338.9526,6.2,550.0000119,249.7433131,525.0,26338.0,-1.940278,29.873888
Rwanda,2004,8.640585,0.1,87.55,0.01,0.0,0.08,88.888885,318.3206,5.77,560.0000024,273.6336903,525.0,26338.0,-1.940278,29.873888
Rwanda,2005,4.8,0.2,89.25,0.04,0.0,0.06,60.0,300.62256,6.95,550.0000119,331.6901134,525.0,26338.0,-1.940278,29.873888
Rwanda,2006,11.346226,0.2,90.59,0.12,0.0,0.04,25.0,283.97528,6.54,550.0000119,366.8943924,525.0,26338.0,-1.940278,29.873888
Rwanda,2007,12.704503,0.2,90.31,0.11,0.0,0.04,26.666666,282.62943,6.31,579.9999833,438.6641845,525.0,26338.0,-1.940278,29.873888
Rwanda,2008,6.0,0.2,90.63,0.11,0.0,0.07,38.888885,289.5234,5.88,560.0000024,543.5453565,525.0,26338.0,-1.940278,29.873888
Rwanda,2009,15.445461,0.2,90.54,0.14,0.0,0.1,41.666668,297.06317,5.73,589.9999738,579.726615,525.0,26338.0,-1.940278,29.873888
Rwanda,2010,9.7,0.2,90.66,0.16,0.0,0.11,40.740738,324.94382,5.55,600.0000238,609.724917,525.0,26338.0,-1.940278,29.873888
Rwanda,2011,10.8,0.3,89.64,0.18,0.0,0.13,41.935482,351.94574,5.37,680.0000072,668.4946722,525.0,26338.0,-1.940278,29.873888
Rwanda,2012,17.5,0.3,88.78,0.2,0.0,0.14,41.17647,376.87762,5.14,750.0,725.1697703,525.0,26338.0,-1.940278,29.873888
Rwanda,2013,15.2,0.4,88.47,0.23,0.0,0.15,39.473686,390.73227,5.08,810.0000024,722.8943285,525.0,26338.0,-1.940278,29.873888
Rwanda,2014,19.8,0.5,87.95,0.26,0.0,0.21,44.68085,403.42975,4.87,860.0000143,743.559038,525.0,26338.0,-1.940278,29.873888
Rwanda,2015,22.8,0.6,86.31,0.28,0.0,0.3,51.724144,436.2136,4.58,980.0000191,751.0773926,525.0,26338.0,-1.940278,29.873888
Rwanda,2016,29.37,0.9,86.23,0.36,0.0,0.31,46.268654,429.51797,4.35,1159.999967,744.7607488,525.0,26338.0,-1.940278,29.873888
Rwanda,2017,34.1,1.1,85.98,0.4,0.0,0.36,47.368423,458.82095,4.28,1190.000057,772.3169891,525.0,26338.0,-1.940278,29.873888
Rwanda,2018,36.96815,1.4,84.5,0.49,0.0,0.37,43.023254,491.12625,4.01,1289.999962,783.6371628,525.0,26338.0,-1.940278,29.873888
Rwanda,2019,40.368607,1.9,77.86,0.55,0.0,0.47,46.078434,525.5729,3.94,1330.000043,820.1492886,525.0,26338.0,-1.940278,29.873888
Rwanda,2020,46.6,2.4,77.86,0.32,0.0,0.59,64.83516,496.8982,3.94,1330.000043,797.8555207,525.0,26338.0,-1.940278,29.873888
Samoa,2000,87.85783,18.6,59.69,0.05,0.0,0.05,50.0,5050.979,5.31,150.0,1542.066736,70.0,2831.0,-13.759029,-172.104629
Samoa,2001,88.58465,19.4,52.41,0.05,0.0,0.06,54.545456,5352.6963,4.67,160.0,1556.999425,70.0,2831.0,-13.759029,-172.104629
Samoa,2002,89.30388,19.9,49.58,0.05,0.0,0.07,58.333336,5618.493,4.48,170.0000018,1633.007661,70.0,2831.0,-13.759029,-172.104629
Samoa,2003,90.01788,20.8,52.41,0.05,0.0,0.06,54.545456,5643.448,4.48,170.0000018,1909.154441,70.0,2831.0,-13.759029,-172.104629
Samoa,2004,90.729,21.5,48.82,0.05,0.0,0.06,54.545456,5624.824,4.19,189.9999976,2353.455973,70.0,2831.0,-13.759029,-172.104629
Samoa,2005,91.43957,22.3,48.89,0.05,0.0,0.06,54.545456,5678.59,4.12,209.9999934,2590.489858,70.0,2831.0,-13.759029,-172.104629
Samoa,2006,96.37173,23.2,45.96,0.06,0.0,0.05,45.454544,5844.4766,3.8,200.000003,2796.601169,70.0,2831.0,-13.759029,-172.104629
Samoa,2007,92.86899,24.0,43.18,0.06,0.0,0.05,45.454544,6201.1836,3.6,200.000003,3133.671327,70.0,2831.0,-13.759029,-172.104629
Samoa,2008,98.1,25.1,44.87,0.06,0.0,0.05,45.454544,6318.109,3.31,170.0000018,3378.953029,70.0,2831.0,-13.759029,-172.104629
Samoa,2009,97.9,25.9,43.28,0.06,0.0,0.05,45.454544,6564.24,3.56,180.0000072,3168.228207,70.0,2831.0,-13.759029,-172.104629
Samoa,2010,96.36105,26.8,41.28,0.06,0.0,0.05,45.454544,6500.349,3.75,189.9999976,3566.42836,70.0,2831.0,-13.759029,-172.104629
Samoa,2011,96.66857,27.8,40.26,0.07,0.0,0.05,41.666668,6521.698,3.59,200.000003,3932.105847,70.0,2831.0,-13.759029,-172.104629
Samoa,2012,96.826935,28.6,40.26,0.07,0.0,0.04,36.363636,6256.2554,3.86,200.000003,4020.959844,70.0,2831.0,-13.759029,-172.104629
Samoa,2013,97.416534,29.5,42.61,0.08,0.0,0.03,27.272728,6016.6445,3.94,200.000003,4037.813829,70.0,2831.0,-13.759029,-172.104629
Samoa,2014,97.9,30.4,41.24,0.09,0.0,0.03,25.0,6062.045,4.11,209.9999934,3937.186246,70.0,2831.0,-13.759029,-172.104629
Samoa,2015,99.067085,31.4,37.47,0.09,0.0,0.04,30.769232,6971.546,4.31,239.9999946,4071.926959,70.0,2831.0,-13.759029,-172.104629
Samoa,2016,99.62329,32.4,36.82,0.09,0.0,0.05,35.714287,7356.9272,4.11,300.0000119,4109.663228,70.0,2831.0,-13.759029,-172.104629
Samoa,2017,96.8,33.6,35.79,0.09,0.0,0.05,35.714287,7347.693,4.17,310.0000024,4258.978767,70.0,2831.0,-13.759029,-172.104629
Samoa,2018,99.99448,34.6,36.63,0.09,0.0,0.06,40.0,7217.7256,4.23,289.9999917,4187.504729,70.0,2831.0,-13.759029,-172.104629
Samoa,2019,99.2,35.3,34.21,0.09,0.0,0.06,40.0,7697.959,4.44,300.0000119,4322.868457,70.0,2831.0,-13.759029,-172.104629
Samoa,2020,100.0,36.5,34.21,0.1,0.0,0.06,37.5,7222.1904,4.44,300.0000119,4067.843459,70.0,2831.0,-13.759029,-172.104629
Sao Tome and Principe,2000,52.9,0.4,54.73,0.02,0.0,0.01,33.333336,2032.075,4.52,50.0,524.6698721,242.0,836.0,0.3301924,6.733343
Sao Tome and Principe,2001,51.491173,0.4,55.47,0.02,0.0,0.0,0.0,1865.8683,4.38,50.0,524.6698721,242.0,836.0,0.3301924,6.733343
Sao Tome and Principe,2002,52.587242,0.4,55.34,0.02,0.0,0.01,33.333336,2061.275,4.48,59.99999866,577.628404,242.0,836.0,0.3301924,6.733343
Sao Tome and Principe,2003,53.678078,0.5,51.81,0.02,0.0,0.01,33.333336,2237.827,4.53,70.0000003,678.7379639,242.0,836.0,0.3301924,6.733343
Sao Tome and Principe,2004,54.76602,0.5,48.92,0.03,0.0,0.01,25.0,2468.292,4.64,70.0000003,745.3202999,242.0,836.0,0.3301924,6.733343
Sao Tome and Principe,2005,55.853436,0.6,47.94,0.04,0.0,0.0,0.0,2544.832,4.5,79.99999821,866.5049956,242.0,836.0,0.3301924,6.733343
Sao Tome and Principe,2006,56.94272,0.7,47.33,0.03,0.0,0.01,25.0,2640.5337,4.23,79.99999821,883.0970413,242.0,836.0,0.3301924,6.733343
Sao Tome and Principe,2007,58.036522,0.8,47.69,0.03,0.0,0.01,25.0,2680.9502,4.12,79.99999821,896.8677913,242.0,836.0,0.3301924,6.733343
Sao Tome and Principe,2008,59.137558,0.9,46.04,0.04,0.0,0.01,20.0,2823.5872,3.98,90.00000358,1098.755219,242.0,836.0,0.3301924,6.733343
Sao Tome and Principe,2009,56.9,1.1,45.41,0.04,0.0,0.01,20.0,2932.4563,4.02,90.00000358,1067.908053,242.0,836.0,0.3301924,6.733343
Sao Tome and Principe,2010,61.372158,1.2,43.76,0.05,0.0,0.0,0.0,3090.176,3.98,100.0000015,1090.260763,242.0,836.0,0.3301924,6.733343
Sao Tome and Principe,2011,62.511143,1.3,43.12,0.05,0.0,0.01,16.666668,3131.0225,3.77,100.0000015,1254.541598,242.0,836.0,0.3301924,6.733343
Sao Tome and Principe,2012,57.9,1.5,38.89,0.05,0.0,0.01,16.666668,3240.6765,3.95,119.9999973,1330.620114,242.0,836.0,0.3301924,6.733343
Sao Tome and Principe,2013,64.84508,1.7,39.36,0.06,0.0,0.01,14.285714,3176.864,3.85,119.9999973,1564.768548,242.0,836.0,0.3301924,6.733343
Sao Tome and Principe,2014,68.6,1.9,39.63,0.07,0.0,0.01,12.5,3116.3354,3.6,119.9999973,1770.467688,242.0,836.0,0.3301924,6.733343
Sao Tome and Principe,2015,67.2493,2.1,40.23,0.07,0.0,0.01,12.5,3200.083,3.62,119.9999973,1584.775657,242.0,836.0,0.3301924,6.733343
Sao Tome and Principe,2016,69.32052,2.3,39.2,0.08,0.0,0.01,11.111111,3249.4163,3.58,129.9999952,1700.097997,242.0,836.0,0.3301924,6.733343
Sao Tome and Principe,2017,74.27,2.6,38.42,0.08,0.0,0.01,11.111111,3250.4734,3.55,140.0000006,1813.807434,242.0,836.0,0.3301924,6.733343
Sao Tome and Principe,2018,71.0,2.7,37.85,0.08,0.0,0.01,11.111111,3149.711,3.49,140.0000006,1953.513257,242.0,836.0,0.3301924,6.733343
Sao Tome and Principe,2019,74.9672,3.0,37.09,0.08,0.0,0.01,11.111111,3418.4949,3.47,150.000006,1987.579702,242.0,836.0,0.3301924,6.733343
Sao Tome and Principe,2020,76.55909,3.3,37.09,0.09,0.0,0.01,10.0,3207.423,3.47,150.000006,2157.840446,242.0,836.0,0.3301924,6.733343
Senegal,2000,37.74,34.8,47.52,1.39,0.0,0.05,3.472222,2051.4053,3.95,4060.0,613.7323845,87.0,196722.0,14.497401,-14.452362
Senegal,2001,38.757618,35.9,45.83,1.63,0.0,0.05,2.9761906,2183.0105,4.09,4460.0,648.4414733,87.0,196722.0,14.497401,-14.452362
Senegal,2002,36.8,37.0,43.76,1.55,0.0,0.24,13.407822,2211.216,4.13,4579.999924,681.3118508,87.0,196722.0,14.497401,-14.452362
Senegal,2003,41.964134,37.9,43.66,1.52,0.0,0.38,20.0,2175.09,3.78,4489.999771,831.8310403,87.0,196722.0,14.497401,-14.452362
Senegal,2004,36.8,38.5,39.88,1.65,0.0,0.34,17.085426,2244.3047,3.87,5389.999866,932.1680954,87.0,196722.0,14.497401,-14.452362
Senegal,2005,47.1,38.8,40.32,1.94,0.0,0.32,14.159292,2270.2583,3.79,5670.000076,992.6880581,87.0,196722.0,14.497401,-14.452362
Senegal,2006,49.9,38.4,43.35,1.99,0.0,0.29,12.719298,2172.189,3.72,5570.000172,1027.731441,87.0,196722.0,14.497401,-14.452362
Senegal,2007,48.36181,37.6,40.01,2.22,0.0,0.24,9.756098,2281.3833,3.88,6199.999809,1197.409561,87.0,196722.0,14.497401,-14.452362
Senegal,2008,49.972652,36.7,39.81,2.31,0.0,0.28,10.810811,2277.5132,3.92,6440.000057,1403.949385,87.0,196722.0,14.497401,-14.452362
Senegal,2009,53.5,35.4,51.31,2.36,0.0,0.29,10.943396,2122.7695,4.59,6670.000076,1308.937808,87.0,196722.0,14.497401,-14.452362
Senegal,2010,56.5,33.85,49.55,2.42,0.0,0.4,14.184398,2142.2065,4.68,7030.00021,1271.583281,87.0,196722.0,14.497401,-14.452362
Senegal,2011,56.5,32.4,47.97,2.47,0.0,0.39,13.636364,2183.9285,4.79,7570.000172,1366.774501,87.0,196722.0,14.497401,-14.452362
Senegal,2012,56.5,30.8,49.6,2.71,0.0,0.45,14.240506,2091.1333,4.51,7449.999809,1317.779802,87.0,196722.0,14.497401,-14.452362
Senegal,2013,57.0,29.3,42.69,2.83,0.0,0.47,14.242424,2117.2896,4.07,8010.000229,1372.665779,87.0,196722.0,14.497401,-14.452362
Senegal,2014,61.0,28.4,42.53,3.15,0.0,0.49,13.461538,2286.8188,4.15,8569.999695,1396.657339,87.0,196722.0,14.497401,-14.452362
Senegal,2015,60.5,27.3,39.11,3.36,0.0,0.53,13.624678,2580.8828,4.19,9289.999962,1219.249415,87.0,196722.0,14.497401,-14.452362
Senegal,2016,64.5,26.5,36.72,3.68,0.0,0.49,11.750599,2429.8923,3.93,10130.00011,1269.903294,87.0,196722.0,14.497401,-14.452362
Senegal,2017,61.7,25.9,37.93,3.9,0.0,0.58,12.946428,2509.5967,3.65,9800.000191,1361.701972,87.0,196722.0,14.497401,-14.452362
Senegal,2018,66.0,25.2,36.15,3.97,0.0,0.7,14.989293,2541.6353,3.48,10180.00031,1458.069093,87.0,196722.0,14.497401,-14.452362
Senegal,2019,70.4,24.7,37.2,4.45,0.0,0.72,13.926498,2753.3909,3.67,10619.99989,1430.148259,87.0,196722.0,14.497401,-14.452362
Senegal,2020,70.36894,24.2,37.2,4.23,0.0,1.0,19.120459,2532.4126,3.67,10619.99989,1471.830962,87.0,196722.0,14.497401,-14.452362
Seychelles,2000,94.08934,100.0,1.52,0.18,0.0,0.0,0.0,46969.09,2.91,290.0,7578.851053,214.0,455.0,-4.679574,55.491977
Seychelles,2001,94.401764,100.0,1.26,0.18,0.0,0.0,0.0,49775.703,3.19,320.0,7663.13708,214.0,455.0,-4.679574,55.491977
Seychelles,2002,96.1,100.0,1.1,0.2,0.0,0.0,0.0,42728.844,3.24,349.999994,8331.261997,214.0,455.0,-4.679574,55.491977
Seychelles,2003,95.006195,100.0,1.12,0.21,0.0,0.0,0.0,42029.832,3.34,340.0000036,8524.961236,214.0,455.0,-4.679574,55.491977
Seychelles,2004,95.30291,100.0,0.96,0.21,0.0,0.0,0.0,57886.984,3.83,379.9999952,10176.65871,214.0,455.0,-4.679574,55.491977
Seychelles,2005,95.59909,100.0,0.94,0.22,0.0,0.0,0.0,52008.223,3.51,379.9999952,11092.51074,214.0,455.0,-4.679574,55.491977
Seychelles,2006,99.0,100.0,0.95,0.24,0.0,0.0,0.0,54491.8,3.23,389.9999857,12014.39987,214.0,455.0,-4.679574,55.491977
Seychelles,2007,96.199715,100.0,1.01,0.25,0.0,0.0,0.0,44175.785,3.07,400.000006,12154.82994,214.0,455.0,-4.679574,55.491977
Seychelles,2008,96.50952,100.0,0.91,0.25,0.0,0.0,0.0,47446.145,3.24,419.9999869,11122.86207,214.0,455.0,-4.679574,55.491977
Seychelles,2009,96.82926,100.0,0.83,0.26,0.0,0.0,0.0,50930.008,3.5,449.9999881,9706.95606,214.0,455.0,-4.679574,55.491977
Seychelles,2010,97.0,100.0,0.71,0.28,0.0,0.0,0.0,45371.336,3.26,439.9999976,10804.68447,214.0,455.0,-4.679574,55.491977
Seychelles,2011,98.147964,100.0,0.85,0.38,0.0,0.0,0.0,38368.945,2.75,409.9999964,12189.09516,214.0,455.0,-4.679574,55.491977
Seychelles,2012,98.391365,100.0,0.78,0.39,0.0,0.0,0.0,43465.02,2.83,430.0000072,12006.68296,214.0,455.0,-4.679574,55.491977
Seychelles,2013,98.0,100.0,1.48,0.4,0.0,0.01,2.4390244,38688.062,2.64,419.9999869,14765.67398,214.0,455.0,-4.679574,55.491977
Seychelles,2014,100.0,100.0,1.37,0.41,0.0,0.01,2.3809524,44650.082,2.8,469.9999988,14700.33434,214.0,455.0,-4.679574,55.491977
Seychelles,2015,100.0,100.0,1.36,0.43,0.0,0.01,2.2727273,45695.203,2.91,509.9999905,14745.34146,214.0,455.0,-4.679574,55.491977
Seychelles,2016,100.0,100.0,1.22,0.46,0.0,0.01,2.1276596,50241.48,3.08,579.9999833,15068.62035,214.0,455.0,-4.679574,55.491977
Seychelles,2017,100.0,100.0,1.25,0.47,0.0,0.01,2.0833335,51720.438,3.06,579.9999833,15945.26493,214.0,455.0,-4.679574,55.491977
Seychelles,2018,100.0,100.0,1.24,0.48,0.0,0.01,2.0408163,45307.637,3.16,579.9999833,15994.81986,214.0,455.0,-4.679574,55.491977
Seychelles,2019,100.0,100.0,1.47,0.49,0.0,0.04,7.54717,45777.125,3.08,610.0000143,16213.48076,214.0,455.0,-4.679574,55.491977
Seychelles,2020,100.0,100.0,1.47,0.53,0.0,0.07,11.666666,43703.28,3.08,610.0000143,10764.42042,214.0,455.0,-4.679574,55.491977
Sierra Leone,2000,7.7881427,0.1,91.31,0.07,0.0,0.01,12.5,409.26733,11.05,330.0,138.6987225,111.0,71740.0,8.460555,-11.779889
Sierra Leone,2001,8.550771,0.2,89.38,0.12,0.0,0.01,7.692308,484.6953,12.14,440.0,229.3756595,111.0,71740.0,8.460555,-11.779889
Sierra Leone,2002,9.305815,0.2,87.99,0.13,0.0,0.02,13.333333,460.83,9.77,500.0,252.396007,111.0,71740.0,8.460555,-11.779889
Sierra Leone,2003,10.055623,0.2,86.53,0.12,0.0,0.02,14.285714,454.77032,9.06,550.0000119,266.4469054,111.0,71740.0,8.460555,-11.779889
Sierra Leone,2004,16.8,0.3,86.58,0.1,0.0,0.02,16.666668,438.83154,8.49,529.9999714,266.5693713,111.0,71740.0,8.460555,-11.779889
Sierra Leone,2005,11.332485,0.3,88.13,0.06,0.0,0.02,25.0,386.95203,7.97,449.9999881,292.3490663,111.0,71740.0,8.460555,-11.779889
Sierra Leone,2006,12.297188,0.3,84.37,0.04,0.0,0.0,0.0,457.99765,7.97,589.9999738,323.3890184,111.0,71740.0,8.460555,-11.779889
Sierra Leone,2007,13.049968,0.3,86.35,0.04,0.0,0.02,33.333336,423.13287,7.29,500.0,360.3716605,111.0,71740.0,8.460555,-11.779889
Sierra Leone,2008,12.1,0.4,86.03,0.04,0.0,0.02,33.333336,405.9387,6.95,519.9999809,408.4810085,111.0,71740.0,8.460555,-11.779889
Sierra Leone,2009,14.579927,0.4,86.14,0.04,0.0,0.02,33.333336,396.5688,6.77,519.9999809,391.200943,111.0,71740.0,8.460555,-11.779889
Sierra Leone,2010,11.462173,0.4,84.89,0.04,0.0,0.12,75.0,458.27347,6.55,560.0000024,401.8348761,111.0,71740.0,8.460555,-11.779889
Sierra Leone,2011,14.2,0.4,81.0,0.02,0.0,0.15,88.2353,564.6626,6.46,740.0000095,448.3376621,111.0,71740.0,8.460555,-11.779889
Sierra Leone,2012,16.976511,0.4,79.06,0.06,0.0,0.12,66.666664,610.7244,5.78,860.0000143,566.3782351,111.0,71740.0,8.460555,-11.779889
Sierra Leone,2013,13.5,0.5,75.67,0.05,0.0,0.1,66.666664,692.69556,5.0,1039.999962,716.8358269,111.0,71740.0,8.460555,-11.779889
Sierra Leone,2014,18.66603,0.5,73.88,0.04,0.0,0.15,78.94737,743.0,4.92,1149.999976,714.6997957,111.0,71740.0,8.460555,-11.779889
Sierra Leone,2015,19.534536,0.5,75.0,0.05,0.0,0.14,73.68421,592.6282,6.18,910.0000262,588.2288628,111.0,71740.0,8.460555,-11.779889
Sierra Leone,2016,20.3,0.5,73.6,0.06,0.0,0.16,72.72727,591.51733,6.0,930.0000072,501.4151655,111.0,71740.0,8.460555,-11.779889
Sierra Leone,2017,23.4,0.6,74.61,0.06,0.0,0.17,73.91304,573.70355,5.68,939.9999976,496.6822949,111.0,71740.0,8.460555,-11.779889
Sierra Leone,2018,26.1,0.65,75.95,0.06,0.0,0.2,76.92308,568.16583,5.51,860.0000143,533.9915333,111.0,71740.0,8.460555,-11.779889
Sierra Leone,2019,22.7,0.7,75.44,0.02,0.0,0.19,90.4762,513.0044,5.4,899.9999762,521.7548367,111.0,71740.0,8.460555,-11.779889
Sierra Leone,2020,26.200886,0.8,75.44,0.02,0.0,0.19,90.4762,480.5271,5.4,899.9999762,509.376594,111.0,71740.0,8.460555,-11.779889
Singapore,2000,100.0,100.0,0.33,29.0,0.0,0.0,0.0,109289.08,3.46,42120.0,23852.32703,8.358,716.0,1.352083,103.819836
Singapore,2001,100.0,100.0,0.6,32.05,0.0,0.0,0.0,121494.555,3.99,42030.0,21700.02005,8.358,716.0,1.352083,103.819836
Singapore,2002,100.0,100.0,0.58,33.53,0.0,0.0,0.0,115456.87,3.81,41290.00092,22159.68886,8.358,716.0,1.352083,103.819836
Singapore,2003,100.0,100.0,0.58,34.21,0.0,0.0,0.0,107484.375,4.41,38159.99985,23730.15245,8.358,716.0,1.352083,103.819836
Singapore,2004,100.0,100.0,0.53,35.56,0.0,0.0,0.0,119262.51,4.82,39619.99893,27608.53737,8.358,716.0,1.352083,103.819836
Singapore,2005,100.0,100.0,0.54,36.84,0.0,0.0,0.0,123551.64,3.07,36900.00153,29961.26328,8.358,716.0,1.352083,103.819836
Singapore,2006,100.0,100.0,0.52,38.03,0.0,0.0,0.0,131721.67,3.03,37169.99817,33769.15416,8.358,716.0,1.352083,103.819836
Singapore,2007,100.0,100.0,0.5,39.64,0.0,0.0,0.0,136257.9,2.56,38290.00092,39432.93835,8.358,716.0,1.352083,103.819836
Singapore,2008,100.0,100.0,0.53,40.27,0.0,0.0,0.0,140055.12,2.9,38419.99817,40007.46926,8.358,716.0,1.352083,103.819836
Singapore,2009,100.0,100.0,0.48,40.47,0.0,0.0,0.0,145354.05,3.05,38830.00183,38927.20688,8.358,716.0,1.352083,103.819836
Singapore,2010,100.0,100.0,0.47,43.05,0.0,0.0,0.0,149763.22,2.48,42409.99985,47236.96023,8.358,716.0,1.352083,103.819836
Singapore,2011,100.0,100.0,0.48,43.66,0.0,0.01,0.022899017,151959.9,2.05,44770.00046,53890.42873,8.358,716.0,1.352083,103.819836
Singapore,2012,100.0,100.0,0.51,44.51,0.0,0.01,0.022461815,149476.58,2.31,43689.99863,55546.48854,8.358,716.0,1.352083,103.819836
Singapore,2013,100.0,100.0,0.56,45.5,0.0,0.16,0.35041612,148317.19,2.39,43909.99985,56967.42579,8.358,716.0,1.352083,103.819836
Singapore,2014,100.0,100.0,0.59,46.68,0.0,0.28,0.59625214,148692.52,2.52,44400.00153,57562.53079,8.358,716.0,1.352083,103.819836
Singapore,2015,100.0,100.0,0.65,47.45,0.0,0.41,0.85666525,155468.98,2.68,45430.00031,55646.61875,8.358,716.0,1.352083,103.819836
Singapore,2016,100.0,100.0,0.68,48.58,0.0,0.53,1.0792098,162248.22,2.66,46099.99847,56848.17539,8.358,716.0,1.352083,103.819836
Singapore,2017,100.0,100.0,0.67,49.16,0.0,0.55,1.1064173,164801.44,2.8,49139.99939,61176.45636,8.358,716.0,1.352083,103.819836
Singapore,2018,100.0,100.0,0.73,49.87,0.0,0.67,1.3256826,163526.77,2.51,47400.00153,66679.04649,8.358,716.0,1.352083,103.819836
Singapore,2019,100.0,100.0,0.84,50.96,0.0,0.78,1.5075376,158657.89,2.57,47380.00107,65640.70795,8.358,716.0,1.352083,103.819836
Singapore,2020,100.0,100.0,0.84,50.04,0.0,0.83,1.63161,154256.3,2.57,47380.00107,59797.75218,8.358,716.0,1.352083,103.819836
Slovenia,2000,100.0,100.0,17.96,4.95,4.76,3.9,63.629684,39623.406,5.23,14540.0,10201.30354,103.0,20273.0,46.151241,14.995463
Slovenia,2001,100.0,100.0,18.67,5.35,5.26,3.87,63.052486,41459.707,5.39,15380.0,10479.75963,103.0,20273.0,46.151241,14.995463
Slovenia,2002,100.0,100.0,16.31,5.66,5.53,3.41,61.232872,41222.29,5.21,15520.00046,11777.15566,103.0,20273.0,46.151241,14.995463
Slovenia,2003,100.0,100.0,16.9,5.54,5.21,3.08,59.942154,40319.9,5.14,15409.99985,14849.03724,103.0,20273.0,46.151241,14.995463
Slovenia,2004,100.0,100.0,17.77,5.6,5.46,4.21,63.326782,42659.85,5.07,15699.99981,17233.13856,103.0,20273.0,46.151241,14.995463
Slovenia,2005,100.0,100.0,18.58,5.66,5.88,3.57,62.541367,42491.914,5.06,15920.00008,18098.90854,103.0,20273.0,46.151241,14.995463
Slovenia,2006,100.0,100.0,17.36,5.86,5.55,3.7,61.21774,42687.348,4.77,16290.00092,19672.96556,103.0,20273.0,46.151241,14.995463
Slovenia,2007,100.0,100.0,18.35,5.96,5.7,3.38,60.37234,42242.93,4.51,16280.00069,23787.64656,103.0,20273.0,46.151241,14.995463
Slovenia,2008,100.0,100.0,17.63,5.83,6.27,4.31,64.472885,46037.57,4.59,17360.00061,27483.33717,103.0,20273.0,46.151241,14.995463
Slovenia,2009,100.0,100.0,19.57,5.75,5.74,4.9,64.91763,42289.82,4.45,15510.00023,24694.23049,103.0,20273.0,46.151241,14.995463
Slovenia,2010,100.0,100.0,20.07,5.85,5.66,4.75,64.02214,42123.36,4.51,15779.99973,23509.54314,103.0,20273.0,46.151241,14.995463
Slovenia,2011,100.0,100.0,19.14,5.82,6.22,3.88,63.442215,40734.336,4.47,15699.99981,25095.13229,103.0,20273.0,46.151241,14.995463
Slovenia,2012,100.0,100.0,20.22,5.69,5.53,4.33,63.408356,39508.945,4.4,15119.99989,22643.10025,103.0,20273.0,46.151241,14.995463
Slovenia,2013,100.0,100.0,22.48,5.39,5.3,5.11,65.88608,39029.04,4.33,14550.00019,23496.6025,103.0,20273.0,46.151241,14.995463
Slovenia,2014,100.0,100.0,22.91,4.18,6.37,6.6,75.62682,39987.75,4.09,13109.99966,24214.92207,103.0,20273.0,46.151241,14.995463
Slovenia,2015,100.0,100.0,21.38,4.8,5.65,4.35,67.567566,35959.715,3.95,13140.00034,20881.76693,103.0,20273.0,46.151241,14.995463
Slovenia,2016,100.0,100.0,20.96,5.45,5.72,5.06,66.42021,38266.707,3.95,13899.99962,21663.64341,103.0,20273.0,46.151241,14.995463
Slovenia,2017,100.0,100.0,19.71,5.32,6.29,4.44,66.853584,38524.098,3.88,14119.99989,23455.94473,103.0,20273.0,46.151241,14.995463
Slovenia,2018,100.0,100.0,20.61,5.12,5.78,5.22,68.23821,39165.715,3.67,14069.99969,26104.10279,103.0,20273.0,46.151241,14.995463
Slovenia,2019,100.0,100.0,20.86,5.03,5.82,5.04,68.34487,37905.92,3.5,13600.00038,25942.95477,103.0,20273.0,46.151241,14.995463
Slovenia,2020,100.0,100.0,20.86,4.96,6.35,5.58,70.633514,36542.867,3.5,13600.00038,25517.33067,103.0,20273.0,46.151241,14.995463
Solomon Islands,2000,4.5170293,8.7,55.26,0.06,0.0,0.0,0.0,2456.5134,6.99,240.0,1017.613757,25.0,28896.0,-9.64571,160.156194
Solomon Islands,2001,7.4752364,8.7,54.14,0.06,0.0,0.0,0.0,2508.6143,7.75,250.0,965.7656751,25.0,28896.0,-9.64571,160.156194
Solomon Islands,2002,10.4258585,8.6,52.82,0.06,0.0,0.0,0.0,2532.751,8.15,259.9999905,795.6015338,25.0,28896.0,-9.64571,160.156194
Solomon Islands,2003,13.371246,8.6,51.46,0.06,0.0,0.0,0.0,2587.0967,7.82,270.0000107,788.6131193,25.0,28896.0,-9.64571,160.156194
Solomon Islands,2004,16.313747,8.5,49.91,0.06,0.0,0.0,0.0,2689.9602,7.59,310.0000024,867.1071722,25.0,28896.0,-9.64571,160.156194
Solomon Islands,2005,19.25571,8.4,49.7,0.07,0.0,0.0,0.0,2695.842,7.32,340.0000036,1014.85528,25.0,28896.0,-9.64571,160.156194
Solomon Islands,2006,14.4,8.3,48.93,0.07,0.0,0.0,0.0,2734.6384,7.11,340.0000036,1119.693297,25.0,28896.0,-9.64571,160.156194
Solomon Islands,2007,12.9,8.2,47.42,0.08,0.0,0.0,0.0,2850.4817,6.89,340.0000036,1260.289404,25.0,28896.0,-9.64571,160.156194
Solomon Islands,2008,28.103497,8.2,46.69,0.08,0.0,0.0,0.0,2828.8801,6.61,319.9999928,1388.963877,25.0,28896.0,-9.64571,160.156194
Solomon Islands,2009,21.2,8.2,45.79,0.08,0.0,0.0,0.0,2862.0273,6.59,330.0000131,1428.505673,25.0,28896.0,-9.64571,160.156194
Solomon Islands,2010,34.774807,8.1,45.07,0.08,0.0,0.0,0.0,2880.25,6.19,340.0000036,1604.20583,25.0,28896.0,-9.64571,160.156194
Solomon Islands,2011,38.679993,8.2,43.61,0.08,0.0,0.0,0.0,2918.4324,5.93,349.999994,1938.891187,25.0,28896.0,-9.64571,160.156194
Solomon Islands,2012,42.57421,8.2,43.82,0.08,0.0,0.0,0.0,2854.3516,5.82,349.999994,2141.821522,25.0,28896.0,-9.64571,160.156194
Solomon Islands,2013,44.7,8.2,41.83,0.09,0.0,0.0,0.0,2771.7654,5.85,389.9999857,2248.614935,25.0,28896.0,-9.64571,160.156194
Solomon Islands,2014,50.30676,8.4,45.89,0.09,0.0,0.0,0.0,2543.9602,5.37,340.0000036,2274.887866,25.0,28896.0,-9.64571,160.156194
Solomon Islands,2015,55.1,8.4,48.64,0.09,0.0,0.0,0.0,2266.2014,4.99,310.0000024,2167.119928,25.0,28896.0,-9.64571,160.156194
Solomon Islands,2016,58.327194,8.6,48.7,0.1,0.0,0.0,0.0,2124.6658,4.66,360.0000143,2225.486842,25.0,28896.0,-9.64571,160.156194
Solomon Islands,2017,62.9,8.6,48.98,0.1,0.0,0.0,0.0,2061.452,4.4,349.999994,2332.844216,25.0,28896.0,-9.64571,160.156194
Solomon Islands,2018,66.17976,8.9,48.64,0.1,0.0,0.0,0.0,2107.609,4.28,360.0000143,2411.862926,25.0,28896.0,-9.64571,160.156194
Solomon Islands,2019,69.80942,9.2,48.39,0.1,0.0,0.0,0.0,2027.3756,4.27,360.0000143,2344.048976,25.0,28896.0,-9.64571,160.156194
Solomon Islands,2020,73.34648,9.1,48.39,0.1,0.0,0.0,0.0,1877.3191,4.27,360.0000143,2250.601164,25.0,28896.0,-9.64571,160.156194
Somalia,2000,1.8925012,0.4,93.28,0.23,0.0,0.0,0.0,340.10217,11.22,490.0,350.1681618,25.0,637657.0,5.152149,46.199616
Somalia,2001,4.504616,0.4,93.26,0.25,0.0,0.0,0.0,332.43317,11.32,510.0,350.1681618,25.0,637657.0,5.152149,46.199616
Somalia,2002,7.4,0.5,92.58,0.26,0.0,0.0,0.0,346.37854,11.39,569.9999928,350.1681618,25.0,637657.0,5.152149,46.199616
Somalia,2003,9.708441,0.5,92.8,0.26,0.0,0.0,0.0,334.0552,11.51,579.9999833,350.1681618,25.0,637657.0,5.152149,46.199616
Somalia,2004,12.30485,0.6,93.0,0.26,0.0,0.0,0.0,322.42703,11.48,579.9999833,350.1681618,25.0,637657.0,5.152149,46.199616
Somalia,2005,14.900722,0.6,93.3,0.27,0.0,0.0,0.0,314.66333,11.47,579.9999833,350.1681618,25.0,637657.0,5.152149,46.199616
Somalia,2006,15.233786,0.7,93.47,0.28,0.0,0.0,0.0,307.72528,11.6,579.9999833,350.1681618,25.0,637657.0,5.152149,46.199616
Somalia,2007,20.100733,0.7,93.02,0.29,0.0,0.0,0.0,302.7935,11.53,620.0000048,350.1681618,25.0,637657.0,5.152149,46.199616
Somalia,2008,22.71023,0.8,93.37,0.3,0.0,0.0,0.0,291.0338,11.74,620.0000048,350.1681618,25.0,637657.0,5.152149,46.199616
Somalia,2009,25.329666,1.0,93.63,0.31,0.0,0.0,0.0,283.20413,11.82,610.0000143,350.1681618,25.0,637657.0,5.152149,46.199616
Somalia,2010,52.163345,1.1,93.57,0.31,0.0,0.0,0.0,283.123,11.87,629.9999952,350.1681618,25.0,637657.0,5.152149,46.199616
Somalia,2011,51.968113,1.3,93.65,0.31,0.0,0.0,0.0,278.7153,11.79,629.9999952,350.1681618,25.0,637657.0,5.152149,46.199616
Somalia,2012,51.761917,1.4,93.9,0.32,0.0,0.0,0.0,274.60495,11.68,629.9999952,350.1681618,25.0,637657.0,5.152149,46.199616
Somalia,2013,51.53379,1.6,94.4,0.33,0.0,0.0,0.0,265.8011,11.95,649.9999762,350.1681618,25.0,637657.0,5.152149,46.199616
Somalia,2014,51.293636,1.8,94.64,0.33,0.0,0.0,0.0,256.69754,11.74,649.9999762,374.1147807,25.0,637657.0,5.152149,46.199616
Somalia,2015,51.13486,2.0,94.5,0.33,0.0,0.0,0.0,257.54523,11.35,649.9999762,386.437817,25.0,637657.0,5.152149,46.199616
Somalia,2016,51.113235,2.3,94.78,0.33,0.0,0.01,2.9411764,253.76219,11.61,660.0000262,389.8220615,25.0,637657.0,5.152149,46.199616
Somalia,2017,52.1,2.4,94.9,0.33,0.0,0.02,5.714286,244.04947,11.73,660.0000262,384.4634014,25.0,637657.0,5.152149,46.199616
Somalia,2018,50.764977,2.7,94.93,0.33,0.0,0.02,5.714286,236.28375,11.69,660.0000262,389.8313955,25.0,637657.0,5.152149,46.199616
Somalia,2019,49.2,2.9,95.03,0.33,0.0,0.02,5.714286,227.57283,11.64,689.9999976,419.3948077,25.0,637657.0,5.152149,46.199616
Somalia,2020,49.73087,3.2,95.03,0.35,0.0,0.03,7.894737,212.09578,11.64,689.9999976,438.2551656,25.0,637657.0,5.152149,46.199616
South Africa,2000,72.28246,55.9,16.25,181.67,13.01,1.79,7.5329566,25321.518,10.07,284660.0,3374.718423,49.0,1219090.0,-30.559482,22.937506
South Africa,2001,70.2,57.8,15.62,183.36,10.72,2.46,6.706014,25228.531,9.48,320540.0,2971.819769,49.0,1219090.0,-30.559482,22.937506
South Africa,2002,76.7,60.0,13.88,188.79,11.99,2.81,7.269512,24361.893,8.67,331320.0073,2797.087291,49.0,1219090.0,-30.559482,22.937506
South Africa,2003,78.8,62.1,13.05,204.39,12.66,1.19,6.3462243,26150.76,9.48,353089.9963,4217.11478,49.0,1219090.0,-30.559482,22.937506
South Africa,2004,80.9,64.4,12.29,212.63,14.28,1.33,6.8392916,28271.896,9.88,379989.9902,5409.133489,49.0,1219090.0,-30.559482,22.937506
South Africa,2005,80.8,66.8,10.98,215.23,12.24,1.75,6.103307,26508.63,9.03,377649.9939,6033.101491,49.0,1219090.0,-30.559482,22.937506
South Africa,2006,80.7,69.0,10.74,223.25,10.07,3.28,5.642434,26793.564,8.72,379790.0085,6266.533987,49.0,1219090.0,-30.559482,22.937506
South Africa,2007,82.0,71.4,10.36,232.91,12.6,1.3,5.6318626,27245.98,9.01,397059.9976,6780.884555,49.0,1219090.0,-30.559482,22.937506
South Africa,2008,81.9,73.5,11.55,226.32,12.75,1.66,5.9859595,28867.244,9.47,426739.9902,6350.65271,49.0,1219090.0,-30.559482,22.937506
South Africa,2009,82.6,75.4,10.97,218.17,11.57,1.86,5.798791,28399.283,9.74,404200.0122,6532.736968,49.0,1219090.0,-30.559482,22.937506
South Africa,2010,82.9,77.1,11.77,227.57,12.9,2.51,6.342086,28247.576,8.83,425309.9976,8148.961202,49.0,1219090.0,-30.559482,22.937506
South Africa,2011,83.6,78.8,11.36,229.06,12.94,2.49,6.311096,27552.764,8.7,409260.0098,8810.930651,49.0,1219090.0,-30.559482,22.937506
South Africa,2012,85.3,80.2,10.6,226.84,12.4,1.66,5.836447,26770.203,8.14,426779.9988,8222.197279,49.0,1219090.0,-30.559482,22.937506
South Africa,2013,85.2,81.5,9.77,223.28,13.61,1.62,6.3854766,26525.145,7.88,436920.0134,7467.079185,49.0,1219090.0,-30.559482,22.937506
South Africa,2014,85.9,82.65,9.85,218.42,14.76,3.38,7.668245,26411.893,8.2,447929.9927,6988.808739,49.0,1219090.0,-30.559482,22.937506
South Africa,2015,85.3,83.4,10.28,214.88,10.97,6.09,7.3553505,25352.562,7.58,424809.9976,6259.839681,49.0,1219090.0,-30.559482,22.937506
South Africa,2016,83.9,84.4,10.53,213.09,15.21,7.69,9.703801,26236.475,7.91,425140.0146,5756.965741,49.0,1219090.0,-30.559482,22.937506
South Africa,2017,84.4,85.2,10.45,212.77,15.09,10.04,10.563262,26033.504,7.86,435649.9939,6690.939847,49.0,1219090.0,-30.559482,22.937506
South Africa,2018,84.7,85.7,10.19,214.25,10.56,12.22,9.610598,24742.117,7.73,434350.0061,7005.095413,49.0,1219090.0,-30.559482,22.937506
South Africa,2019,85.0,86.3,10.5,208.39,13.6,12.57,11.15706,25511.209,8.03,439640.0146,6624.761865,49.0,1219090.0,-30.559482,22.937506
South Africa,2020,84.38554,86.8,10.5,197.5,11.62,12.83,11.015995,23568.951,8.03,439640.0146,5655.867654,49.0,1219090.0,-30.559482,22.937506
Spain,2000,100.0,100.0,7.88,124.22,62.21,34.49,43.7715,37495.703,3.6,293310.0,14713.06571,94.0,505370.0,40.463667,-3.74922
Spain,2001,100.0,100.0,8.93,120.06,63.71,49.3,48.487576,39003.945,3.56,294790.0,15355.70317,94.0,505370.0,40.463667,-3.74922
Spain,2002,100.0,100.0,7.42,143.72,63.02,33.17,40.0942,38938.438,3.57,312750.0,17025.53198,94.0,505370.0,40.463667,-3.74922
Spain,2003,100.0,100.0,8.92,139.67,61.88,55.75,45.717064,40418.156,3.58,318660.0037,21463.44266,94.0,505370.0,40.463667,-3.74922
Spain,2004,100.0,100.0,8.05,159.91,63.61,50.13,41.56404,41185.832,3.63,335559.9976,24861.2828,94.0,505370.0,40.463667,-3.74922
Spain,2005,100.0,100.0,7.3,184.65,57.54,42.27,35.087536,40779.03,3.57,350500.0,26419.29686,94.0,505370.0,40.463667,-3.74922
Spain,2006,100.0,100.0,8.49,182.98,60.13,52.15,38.0275,40681.79,3.43,341779.9988,28365.31349,94.0,505370.0,40.463667,-3.74922
Spain,2007,100.0,100.0,9.02,188.13,55.1,58.3,37.6082,40817.645,3.36,354679.9927,32549.97098,94.0,505370.0,40.463667,-3.74922
Spain,2008,100.0,100.0,9.76,189.55,58.97,62.15,38.986706,39067.87,3.22,324269.989,35366.2596,94.0,505370.0,40.463667,-3.74922
Spain,2009,100.0,100.0,12.25,164.69,52.76,74.08,43.50839,35904.375,3.07,287489.9902,32042.47408,94.0,505370.0,40.463667,-3.74922
Spain,2010,100.0,100.0,14.44,138.39,61.99,97.77,53.583763,36714.2,3.07,273250.0,30502.71971,94.0,505370.0,40.463667,-3.74922
Spain,2011,100.0,100.0,14.79,146.12,57.72,87.53,49.850708,35901.07,3.04,274399.9939,31636.44631,94.0,505370.0,40.463667,-3.74922
Spain,2012,100.0,100.0,15.83,145.33,61.47,86.97,50.529327,35681.477,3.13,269269.989,28324.42934,94.0,505370.0,40.463667,-3.74922
Spain,2013,100.0,100.0,16.99,113.32,56.73,111.42,59.739937,34008.008,2.96,242809.9976,29059.54795,94.0,505370.0,40.463667,-3.74922
Spain,2014,100.0,100.0,17.41,107.37,57.31,110.26,60.94784,33478.24,2.86,240960.0067,29461.55033,94.0,505370.0,40.463667,-3.74922
Spain,2015,100.0,100.0,16.33,123.19,57.2,97.09,55.604,33920.24,2.85,256279.9988,25732.01836,94.0,505370.0,40.463667,-3.74922
Spain,2016,100.0,100.0,17.21,107.93,58.63,104.63,60.201332,34212.625,2.79,247029.9988,26505.34322,94.0,505370.0,40.463667,-3.74922
Spain,2017,100.0,100.0,15.71,126.93,58.04,87.93,53.488457,34520.543,2.86,263450.0122,28100.58624,94.0,505370.0,40.463667,-3.74922
Spain,2018,100.0,100.0,17.42,112.23,55.77,103.88,58.720753,34986.293,2.77,257040.0085,30349.7521,94.0,505370.0,40.463667,-3.74922
Spain,2019,100.0,100.0,17.27,111.55,58.35,100.99,58.82092,33764.863,2.64,239979.9957,29555.3157,94.0,505370.0,40.463667,-3.74922
Spain,2020,100.0,100.0,17.27,87.64,58.3,113.79,66.25726,30391.29,2.64,239979.9957,27063.19392,94.0,505370.0,40.463667,-3.74922
Sri Lanka,2000,70.2628,16.9,64.16,3.28,0.0,3.17,49.14729,2851.8083,3.12,10930.0,869.696285,341.0,65610.0,7.873054,80.771797
Sri Lanka,2001,63.6,17.5,62.93,3.44,0.0,3.09,47.32006,2750.116,3.06,10850.0,832.8035723,341.0,65610.0,7.873054,80.771797
Sri Lanka,2002,80.7,17.9,62.1,4.12,0.0,2.68,39.411762,2799.956,3.0,11390.00034,867.4914868,341.0,65610.0,7.873054,80.771797
Sri Lanka,2003,74.99882,18.5,61.31,4.14,0.0,3.27,44.129555,2852.4663,3.0,12409.99985,982.195697,341.0,65610.0,7.873054,80.771797
Sri Lanka,2004,76.56858,18.7,61.61,4.94,0.0,2.94,37.309643,2745.2893,2.88,12869.99989,1065.784437,341.0,65610.0,7.873054,80.771797
Sri Lanka,2005,78.13781,19.5,60.08,5.5,0.0,3.43,38.409855,3140.5315,2.78,13979.99954,1248.698185,341.0,65610.0,7.873054,80.771797
Sri Lanka,2006,82.05,19.8,62.18,4.55,0.0,3.86,45.897743,3338.2832,2.6,12399.99962,1435.816813,341.0,65610.0,7.873054,80.771797
Sri Lanka,2007,80.0,20.3,60.2,5.57,0.0,3.94,41.430073,3358.7993,2.48,13590.00015,1630.388906,341.0,65610.0,7.873054,80.771797
Sri Lanka,2008,82.86739,20.9,61.58,5.46,0.0,4.16,43.243244,3134.0298,2.28,12810.00042,2037.322103,341.0,65610.0,7.873054,80.771797
Sri Lanka,2009,87.09,21.3,63.51,5.67,0.0,3.94,40.998962,3147.0713,2.24,12289.99996,2090.401826,341.0,65610.0,7.873054,80.771797
Sri Lanka,2010,85.3,21.7,61.85,4.76,0.0,5.69,54.44976,3368.2034,2.21,13069.99969,2799.648738,341.0,65610.0,7.873054,80.771797
Sri Lanka,2011,87.76,22.3,59.25,6.47,0.0,4.72,42.180515,3623.197,2.21,15420.00008,3200.861132,341.0,65610.0,7.873054,80.771797
Sri Lanka,2012,87.0,23.0,60.7,7.89,0.0,3.48,30.606861,3708.9927,2.18,16850.00038,3350.521876,341.0,65610.0,7.873054,80.771797
Sri Lanka,2013,90.2,24.0,59.88,4.52,0.0,7.14,61.234993,3748.5815,1.87,14479.99954,3610.289363,341.0,65610.0,7.873054,80.771797
Sri Lanka,2014,92.660515,24.8,57.31,7.1,0.0,4.87,40.685043,4007.7144,1.93,17600.00038,3819.25353,341.0,65610.0,7.873054,80.771797
Sri Lanka,2015,94.35187,25.75,52.89,6.38,0.0,6.34,49.842766,4476.9307,1.94,20360.00061,3843.780672,341.0,65610.0,7.873054,80.771797
Sri Lanka,2016,97.5,26.9,50.92,9.01,0.0,4.68,34.185535,4878.142,1.91,21930.00031,3886.291502,341.0,65610.0,7.873054,80.771797
Sri Lanka,2017,97.5,28.2,49.33,10.1,0.0,4.59,31.245747,4726.284,1.81,23360.00061,4077.043841,341.0,65610.0,7.873054,80.771797
Sri Lanka,2018,99.56487,29.4,51.4,7.92,0.0,7.04,47.058823,4876.866,1.76,21690.00053,4059.20823,341.0,65610.0,7.873054,80.771797
Sri Lanka,2019,99.75857,30.6,49.91,10.18,0.0,5.71,35.934547,4973.5986,1.78,23780.00069,3852.265603,341.0,65610.0,7.873054,80.771797
Sri Lanka,2020,100.0,32.2,49.91,9.64,0.0,5.94,38.1258,4853.1104,1.78,23780.00069,3680.673477,341.0,65610.0,7.873054,80.771797
Sudan,2000,23.0,7.6,80.42,1.23,0.0,1.35,52.325584,1182.5435,7.88,5690.0,366.172742,25.0,1861484.0,12.862807,30.217636
Sudan,2001,29.255226,9.5,79.38,1.38,0.0,1.45,51.23675,1239.9237,7.84,6250.0,456.6242379,25.0,1861484.0,12.862807,30.217636
Sudan,2002,29.525602,11.2,76.76,1.59,0.0,1.5,48.54369,1434.762,7.91,7710.000038,512.4412582,25.0,1861484.0,12.862807,30.217636
Sudan,2003,29.790567,13.4,77.0,2.0,0.0,1.33,39.93994,1455.1571,7.13,7929.999828,586.7532114,25.0,1861484.0,12.862807,30.217636
Sudan,2004,30.052393,15.5,75.4,2.2,0.0,1.26,36.416183,1560.1315,6.86,8829.999924,711.9219842,25.0,1861484.0,12.862807,30.217636
Sudan,2005,30.313347,17.9,72.28,2.38,0.0,1.42,37.36842,1767.6344,6.6,10500.0,914.1665223,25.0,1861484.0,12.862807,30.217636
Sudan,2006,30.575792,21.3,69.25,2.9,0.0,1.56,34.977577,2052.4446,6.42,12899.99962,1143.932251,25.0,1861484.0,12.862807,30.217636
Sudan,2007,30.842442,24.15,65.64,3.28,0.0,1.66,33.603237,2118.6284,5.54,13960.00004,1461.315914,25.0,1861484.0,12.862807,30.217636
Sudan,2008,19.97,26.6,63.51,3.76,0.0,1.64,30.370369,2246.169,5.23,14949.99981,1551.085771,25.0,1861484.0,12.862807,30.217636
Sudan,2009,29.0,29.7,63.12,3.07,0.0,3.35,52.180683,2354.9653,5.3,15479.99954,1202.557881,25.0,1861484.0,12.862807,30.217636
Sudan,2010,38.039776,32.5,61.32,1.3,0.0,6.2,82.666664,2604.3655,4.84,16420.00008,1338.443724,25.0,1861484.0,12.862807,30.217636
Sudan,2011,39.820805,35.6,63.68,1.9,0.0,6.48,77.326965,2462.639,5.2,15920.00008,1366.410905,25.0,1861484.0,12.862807,30.217636
Sudan,2012,41.591995,38.95,63.76,2.53,0.0,6.8,72.88317,2326.128,4.41,15800.00019,1039.762051,25.0,1861484.0,12.862807,30.217636
Sudan,2013,43.343517,40.95,65.7,1.82,0.0,8.41,82.20919,2385.0166,5.05,15220.00027,1160.535552,25.0,1861484.0,12.862807,30.217636
Sudan,2014,44.9,43.3,64.91,2.23,0.0,9.04,80.21295,2378.8403,4.87,16120.00084,1303.838955,25.0,1861484.0,12.862807,30.217636
Sudan,2015,46.903107,45.4,63.02,4.09,0.0,8.73,68.09672,2384.2434,4.71,18709.99908,1329.635962,25.0,1861484.0,12.862807,30.217636
Sudan,2016,48.849403,47.9,59.52,5.6,0.0,8.5,60.283688,2684.0552,4.7,21129.99916,1069.839957,25.0,1861484.0,12.862807,30.217636
Sudan,2017,50.75472,49.8,60.47,5.45,0.0,9.77,64.19186,2654.5432,4.5,20959.99908,1011.521216,25.0,1861484.0,12.862807,30.217636
Sudan,2018,52.447002,51.3,61.27,5.82,0.0,10.08,63.39623,2554.7512,4.47,20860.00061,740.746767,25.0,1861484.0,12.862807,30.217636
Sudan,2019,53.96254,53.6,62.23,5.98,0.0,10.33,63.33538,2459.3628,4.62,20620.00084,610.9278615,25.0,1861484.0,12.862807,30.217636
Sudan,2020,55.3897,54.7,62.23,5.68,0.0,10.79,65.513054,2378.228,4.62,20620.00084,486.4188163,25.0,1861484.0,12.862807,30.217636
Suriname,2000,95.49438,77.9,23.63,0.69,0.0,0.71,50.714287,17458.83,4.15,1480.0,2012.281651,4.0,163820.0,3.919305,-56.027783
Suriname,2001,95.397385,78.85,24.14,0.69,0.0,0.73,51.40845,16939.615,4.29,1520.0,1750.576737,4.0,163820.0,3.919305,-56.027783
Suriname,2002,95.292816,79.8,27.79,0.69,0.0,0.74,51.748253,18476.682,2.89,1120.000005,2267.753984,4.0,163820.0,3.919305,-56.027783
Suriname,2003,95.18301,80.9,24.64,0.69,0.0,0.75,52.083332,16105.433,2.91,1230.000019,2611.377493,4.0,163820.0,3.919305,-56.027783
Suriname,2004,95.07031,82.0,22.63,0.69,0.0,0.76,52.41379,18010.424,2.96,1389.999986,3006.183233,4.0,163820.0,3.919305,-56.027783
Suriname,2005,94.95708,82.8,18.88,0.7,0.0,0.82,53.94737,18127.873,3.26,1690.000057,3590.648183,4.0,163820.0,3.919305,-56.027783
Suriname,2006,91.01984,83.5,22.09,0.7,0.0,0.86,55.12821,19537.414,2.92,1529.999971,5197.747907,4.0,163820.0,3.919305,-56.027783
Suriname,2007,94.738884,84.6,24.59,0.7,0.0,0.86,55.12821,18059.73,2.64,1409.999967,5744.759727,4.0,163820.0,3.919305,-56.027783
Suriname,2008,94.639275,85.3,26.19,0.7,0.0,0.86,55.12821,21127.252,2.68,1460.000038,6831.983622,4.0,163820.0,3.919305,-56.027783
Suriname,2009,94.549614,86.3,26.47,0.7,0.0,0.86,55.12821,21246.133,2.62,1450.000048,7408.360786,4.0,163820.0,3.919305,-56.027783
Suriname,2010,91.19752,87.1,22.1,0.48,0.0,1.2,71.42858,25234.633,2.96,1740.00001,8255.874872,4.0,163820.0,3.919305,-56.027783
Suriname,2011,94.410934,88.0,21.16,0.86,0.0,1.03,54.497356,20305.736,3.7,1950.000048,8263.203803,4.0,163820.0,3.919305,-56.027783
Suriname,2012,94.36734,89.0,15.77,1.07,0.0,0.82,43.386242,21876.135,3.07,2440.000057,9200.974786,4.0,163820.0,3.919305,-56.027783
Suriname,2013,94.34358,89.8,17.63,1.09,0.0,0.83,43.229168,20840.512,3.66,2289.999962,9402.164419,4.0,163820.0,3.919305,-56.027783
Suriname,2014,94.33763,90.6,12.85,1.37,0.0,0.55,28.645834,20081.727,3.85,2619.999886,9471.922001,4.0,163820.0,3.919305,-56.027783
Suriname,2015,94.89523,91.2,11.59,1.46,0.0,0.49,25.128204,18293.592,3.56,2720.000029,9168.237157,4.0,163820.0,3.919305,-56.027783
Suriname,2016,95.816315,92.0,11.29,1.12,0.0,0.8,41.666668,18815.174,4.14,2950.000048,5872.789429,4.0,163820.0,3.919305,-56.027783
Suriname,2017,96.696335,92.7,14.96,0.95,0.0,0.93,49.468086,21698.678,3.91,2500.0,6295.560562,4.0,163820.0,3.919305,-56.027783
Suriname,2018,97.4,93.3,17.55,0.89,0.0,1.0,52.910053,21688.73,3.57,2210.000038,6938.086981,4.0,163820.0,3.919305,-56.027783
Suriname,2019,97.82542,93.9,14.4,0.99,0.0,0.96,49.230766,21629.324,3.97,2650.000095,6853.693411,4.0,163820.0,3.919305,-56.027783
Suriname,2020,98.20477,94.5,14.4,0.94,0.0,0.98,51.041668,20356.205,3.97,2650.000095,4916.605666,4.0,163820.0,3.919305,-56.027783
Sweden,2000,100.0,100.0,39.82,4.77,57.32,83.14,96.71556,72085.086,5.54,53280.0,29624.91267,25.0,450295.0,60.128161,18.643501
Sweden,2001,100.0,100.0,37.38,6.17,72.11,83.32,96.18192,77094.32,5.81,52500.0,27247.85773,25.0,450295.0,60.128161,18.643501
Sweden,2002,100.0,100.0,35.85,7.44,68.11,71.15,94.92842,71925.88,5.83,54020.00046,29899.19525,25.0,450295.0,60.128161,18.643501
Sweden,2003,100.0,100.0,34.56,9.24,67.42,58.73,93.17527,68647.01,5.57,55200.00076,37321.7979,25.0,450295.0,60.128161,18.643501
Sweden,2004,100.0,100.0,35.49,6.02,77.49,68.18,96.03138,73592.02,5.54,53590.00015,42821.67314,25.0,450295.0,60.128161,18.643501
Sweden,2005,100.0,100.0,39.3,4.76,72.38,81.23,96.994385,75121.83,5.26,50209.99908,43437.06312,25.0,450295.0,60.128161,18.643501
Sweden,2006,100.0,100.0,40.08,5.24,66.98,71.06,96.34282,70265.69,4.9,48900.00153,46593.60216,25.0,450295.0,60.128161,18.643501
Sweden,2007,100.0,100.0,41.75,4.42,66.97,77.43,97.02996,70870.68,4.71,47139.99939,53700.00534,25.0,450295.0,60.128161,18.643501
Sweden,2008,100.0,100.0,43.2,4.6,63.89,81.41,96.93129,69369.7,4.7,46150.00153,56152.55234,25.0,450295.0,60.128161,18.643501
Sweden,2009,100.0,100.0,45.71,4.62,52.17,79.81,96.61786,63081.84,4.5,42880.00107,46946.96027,25.0,450295.0,60.128161,18.643501
Sweden,2010,100.0,100.0,44.7,8.53,57.83,82.09,94.25396,66485.91,4.77,48130.00107,52869.04429,25.0,450295.0,60.128161,18.643501
Sweden,2011,100.0,100.0,45.43,5.72,60.47,84.09,96.19377,64929.965,4.52,44580.00183,60755.75955,25.0,450295.0,60.128161,18.643501
Sweden,2012,100.0,100.0,48.29,4.09,64.04,98.3,97.54251,68276.21,4.59,42139.99939,58037.82132,25.0,450295.0,60.128161,18.643501
Sweden,2013,100.0,100.0,47.27,3.88,66.46,82.69,97.46455,63351.668,4.48,40540.00092,61126.9432,25.0,450295.0,60.128161,18.643501
Sweden,2014,100.0,100.0,48.61,2.93,64.88,85.74,98.09183,62421.89,4.25,39080.00183,60020.36046,25.0,450295.0,60.128161,18.643501
Sweden,2015,100.0,100.0,51.91,3.15,56.35,102.5,98.055565,63877.484,3.76,39189.99863,51545.48361,25.0,450295.0,60.128161,18.643501
Sweden,2016,100.0,100.0,50.89,3.66,63.1,89.13,97.65219,62081.117,3.96,38779.99878,51965.15715,25.0,450295.0,60.128161,18.643501
Sweden,2017,100.0,100.0,51.81,3.47,65.7,95.06,97.88711,63417.605,3.97,38290.00092,53791.50873,25.0,450295.0,60.128161,18.643501
Sweden,2018,100.0,100.0,51.54,3.66,68.55,91.15,97.75955,61487.004,3.97,36009.99832,54589.06039,25.0,450295.0,60.128161,18.643501
Sweden,2019,100.0,100.0,52.88,3.35,66.13,98.94,98.010925,63283.47,3.8,35000.0,51939.42974,25.0,450295.0,60.128161,18.643501
Sweden,2020,100.0,100.0,52.88,2.44,49.2,112.15,98.5103,59395.523,3.8,35000.0,52274.40879,25.0,450295.0,60.128161,18.643501
Switzerland,2000,100.0,100.0,18.19,2.63,25.12,34.0,95.74089,50728.715,2.44,43710.0,38952.0342,219.0,41277.0,46.818188,8.227512
Switzerland,2001,100.0,100.0,18.72,2.72,25.47,38.44,95.917755,53862.72,2.55,45150.0,39727.84667,219.0,41277.0,46.818188,8.227512
Switzerland,2002,100.0,100.0,18.19,2.79,25.87,32.47,95.43595,49782.92,2.49,43569.99969,42578.76314,219.0,41277.0,46.818188,8.227512
Switzerland,2003,100.0,100.0,18.03,2.86,26.11,32.11,95.31761,48884.53,2.5,44840.00015,49470.39713,219.0,41277.0,46.818188,8.227512
Switzerland,2004,100.0,100.0,18.1,2.92,25.61,31.12,95.104774,47846.156,2.44,45279.99878,54878.471,219.0,41277.0,46.818188,8.227512
Switzerland,2005,100.0,100.0,18.73,2.97,22.11,28.85,94.49286,45606.344,2.36,45849.99847,56546.78566,219.0,41277.0,46.818188,8.227512
Switzerland,2006,100.0,100.0,18.07,3.1,26.37,28.46,94.64871,47162.11,2.37,45479.99954,59300.61722,219.0,41277.0,46.818188,8.227512
Switzerland,2007,100.0,100.0,19.31,3.01,26.49,32.56,95.14986,46220.9,2.16,43540.00092,65359.51922,219.0,41277.0,46.818188,8.227512
Switzerland,2008,100.0,100.0,19.55,3.04,26.27,33.41,95.15306,47155.75,2.19,44959.99908,74572.23237,219.0,41277.0,46.818188,8.227512
Switzerland,2009,100.0,100.0,19.97,3.0,26.27,33.03,95.18459,46436.273,2.25,43669.99817,72083.1677,219.0,41277.0,46.818188,8.227512
Switzerland,2010,100.0,100.0,20.56,3.32,25.2,33.53,94.649475,44714.965,2.11,45209.99908,77117.12601,219.0,41277.0,46.818188,8.227512
Switzerland,2011,100.0,100.0,20.57,3.34,25.56,30.3,94.35811,41971.254,2.0,41189.99863,91254.03476,219.0,41277.0,46.818188,8.227512
Switzerland,2012,100.0,100.0,21.88,3.51,24.34,36.32,94.53016,43889.645,2.0,42520.00046,86547.67089,219.0,41277.0,46.818188,8.227512
Switzerland,2013,100.0,100.0,21.83,3.48,24.87,36.37,94.622986,44514.03,2.05,43529.99878,88109.48675,219.0,41277.0,46.818188,8.227512
Switzerland,2014,100.0,100.0,22.2,3.37,26.37,36.2,94.88929,41980.58,1.87,39790.00092,89684.70758,219.0,41277.0,46.818188,8.227512
Switzerland,2015,100.0,100.0,23.94,3.33,22.09,36.73,94.64199,40582.914,1.8,39090.00015,84776.14217,219.0,41277.0,46.818188,8.227512
Switzerland,2016,100.0,100.0,24.1,3.69,20.24,33.57,93.58261,37755.19,1.72,39669.99817,83073.28008,219.0,41277.0,46.818188,8.227512
Switzerland,2017,100.0,100.0,24.99,3.67,19.5,33.45,93.518196,37489.188,1.7,38700.00076,83352.08865,219.0,41277.0,46.818188,8.227512
Switzerland,2018,100.0,100.0,24.2,3.54,24.41,34.32,94.31508,37794.062,1.66,37479.99954,86388.40495,219.0,41277.0,46.818188,8.227512
Switzerland,2019,100.0,100.0,24.76,3.58,25.28,37.64,94.61654,39156.45,1.68,37380.00107,85334.51946,219.0,41277.0,46.818188,8.227512
Switzerland,2020,100.0,100.0,24.76,3.62,22.99,40.79,94.62908,35766.375,1.68,37380.00107,87097.03645,219.0,41277.0,46.818188,8.227512
Tajikistan,2000,98.46774,36.5,62.41,0.21,0.0,13.77,98.497856,9375.051,10.92,2200.0,138.4291467,68.0,144100.0,38.861034,71.276093
Tajikistan,2001,98.6331,40.0,64.07,0.17,0.0,14.06,98.80534,9605.366,9.84,2150.0,171.0480646,68.0,144100.0,38.861034,71.276093
Tajikistan,2002,99.0,44.1,64.15,0.13,0.0,15.01,99.14134,9681.626,8.91,2130.000114,190.0026776,68.0,144100.0,38.861034,71.276093
Tajikistan,2003,100.0,48.0,64.58,0.16,0.0,16.17,99.02021,9982.501,8.18,2180.000067,237.7573352,68.0,144100.0,38.861034,71.276093
Tajikistan,2004,98.62709,52.15,61.41,0.14,0.0,16.18,99.14216,9975.018,8.02,2599.999905,311.6272313,68.0,144100.0,38.861034,71.276093
Tajikistan,2005,99.3,56.0,63.73,0.12,0.0,16.8,99.29077,10009.744,7.5,2470.000029,340.5831832,68.0,144100.0,38.861034,71.276093
Tajikistan,2006,98.61654,59.65,61.57,0.23,0.0,16.53,98.62769,9612.615,7.23,2690.000057,408.8384135,68.0,144100.0,38.861034,71.276093
Tajikistan,2007,98.61672,62.6,53.79,0.38,0.0,16.94,97.80601,8899.638,7.17,3269.999981,526.6432883,68.0,144100.0,38.861034,71.276093
Tajikistan,2008,98.62414,65.3,54.61,0.35,0.0,16.64,97.939964,8418.195,6.32,3039.999962,715.8657063,68.0,144100.0,38.861034,71.276093
Tajikistan,2009,99.0,67.7,60.58,0.22,0.0,15.74,98.62155,7411.4946,5.28,2410.000086,676.1235111,68.0,144100.0,38.861034,71.276093
Tajikistan,2010,98.6715,69.9,61.83,0.03,0.0,16.24,99.815605,7504.4023,5.06,2450.000048,749.5524123,68.0,144100.0,38.861034,71.276093
Tajikistan,2011,98.71686,71.9,59.98,0.04,0.0,16.04,99.75125,7255.999,4.73,2559.999943,847.3824321,68.0,144100.0,38.861034,71.276093
Tajikistan,2012,99.1,73.4,55.8,0.07,0.0,16.73,99.583336,7500.7905,4.76,3019.999981,969.2961039,68.0,144100.0,38.861034,71.276093
Tajikistan,2013,98.86355,74.85,55.12,0.04,0.0,16.9,99.76387,7599.0825,4.45,3200.000048,1048.225602,68.0,144100.0,38.861034,71.276093
Tajikistan,2014,98.96462,76.5,45.89,0.15,0.0,15.84,99.06191,7586.009,4.47,4579.999924,1104.172358,68.0,144100.0,38.861034,71.276093
Tajikistan,2015,98.0,77.3,48.11,0.15,0.0,16.83,99.11661,7419.728,4.57,4900.000095,978.4049812,68.0,144100.0,38.861034,71.276093
Tajikistan,2016,99.20831,78.7,41.16,0.56,0.0,16.47,96.71168,7461.84,4.8,6090.000153,807.1025861,68.0,144100.0,38.861034,71.276093
Tajikistan,2017,99.3,79.7,41.69,0.92,0.0,16.96,94.85458,7440.846,4.7,7369.999886,848.6723799,68.0,144100.0,38.861034,71.276093
Tajikistan,2018,99.3,80.9,39.47,1.27,0.0,18.21,93.48049,7761.8164,4.73,8680.000305,853.2188734,68.0,144100.0,38.861034,71.276093
Tajikistan,2019,99.63321,81.6,38.56,1.42,0.0,19.17,93.10345,8041.5947,4.84,9420.000076,890.5444024,68.0,144100.0,38.861034,71.276093
Tajikistan,2020,99.7793,82.4,38.56,1.62,0.0,18.11,91.789154,7819.3896,4.84,9420.000076,859.1379611,68.0,144100.0,38.861034,71.276093
Thailand,2000,82.1,56.9,21.82,83.15,0.0,6.38,7.126103,11764.549,4.93,164490.0,2007.735271,137.0,513120.0,15.870032,100.992541
Thailand,2001,90.45138,58.6,19.89,88.97,0.0,6.76,7.061527,12293.458,4.9,173160.0,1893.264239,137.0,513120.0,15.870032,100.992541
Thailand,2002,91.08022,61.1,19.91,93.51,0.0,8.07,7.944477,13208.064,5.1,184240.0055,2096.187802,137.0,513120.0,15.870032,100.992541
Thailand,2003,91.70383,63.0,20.21,100.61,0.0,8.36,7.6718354,14080.671,5.15,191929.9927,2359.116831,137.0,513120.0,15.870032,100.992541
Thailand,2004,92.32455,64.6,19.89,109.46,0.0,7.63,6.516355,15161.756,5.24,210190.0024,2660.126835,137.0,513120.0,15.870032,100.992541
Thailand,2005,92.94473,66.4,20.11,115.58,0.0,7.42,6.0325203,15521.235,5.18,217770.0043,2894.062656,137.0,513120.0,15.870032,100.992541
Thailand,2006,99.1462,68.2,20.53,119.41,0.0,9.82,7.598855,15733.904,5.03,219880.0049,3369.543198,137.0,513120.0,15.870032,100.992541
Thailand,2007,94.19337,69.6,21.61,122.12,0.0,10.2,7.708585,16149.867,4.95,224589.9963,3973.017172,137.0,513120.0,15.870032,100.992541
Thailand,2008,94.82717,71.1,22.63,127.43,0.0,8.95,6.562546,16027.417,4.99,227580.0018,4379.658787,137.0,513120.0,15.870032,100.992541
Thailand,2009,98.96,72.6,22.83,128.09,0.0,9.09,6.626331,16344.104,5.0,220259.9945,4213.006654,137.0,513120.0,15.870032,100.992541
Thailand,2010,99.7,73.6,22.83,141.72,0.0,8.58,5.708583,17299.504,5.1,234380.0049,5076.339872,137.0,513120.0,15.870032,100.992541
Thailand,2011,99.35184,74.7,22.96,135.31,0.0,11.83,8.039962,17644.098,5.05,233600.0061,5492.1215,137.0,513120.0,15.870032,100.992541
Thailand,2012,99.10863,75.9,23.56,143.73,0.0,13.42,8.539612,18817.51,5.05,250679.9927,5860.581471,137.0,513120.0,15.870032,100.992541
Thailand,2013,99.440575,77.1,23.21,148.29,0.0,12.33,7.6765037,18809.137,5.28,260700.0122,6168.261356,137.0,513120.0,15.870032,100.992541
Thailand,2014,99.461945,77.9,24.41,149.26,0.0,13.68,8.395728,19310.582,5.2,256799.9878,5951.883487,137.0,513120.0,15.870032,100.992541
Thailand,2015,99.6,78.9,22.65,153.4,0.0,13.33,7.994962,19661.768,5.07,264000.0,5840.053067,137.0,513120.0,15.870032,100.992541
Thailand,2016,99.84996,80.1,22.43,161.79,0.0,15.97,8.984024,19981.582,5.02,261600.0061,5993.305516,137.0,513120.0,15.870032,100.992541
Thailand,2017,99.9,80.8,22.25,161.88,0.0,19.92,10.957095,20264.654,4.79,258820.0073,6593.818352,137.0,513120.0,15.870032,100.992541
Thailand,2018,99.82,81.7,23.7,156.26,0.0,25.84,14.190005,20834.088,4.5,257049.9878,7296.879608,137.0,513120.0,15.870032,100.992541
Thailand,2019,99.9,82.7,23.96,162.59,0.0,28.02,14.700173,20792.385,4.52,267089.9963,7817.009671,137.0,513120.0,15.870032,100.992541
Thailand,2020,100.0,83.6,23.96,154.52,0.0,24.73,13.796373,19298.086,4.52,267089.9963,7186.874092,137.0,513120.0,15.870032,100.992541
Togo,2000,16.956234,0.5,77.11,0.07,0.0,0.1,58.82353,918.548,10.56,1270.0,302.958592,152.0,56785.0,8.619543,0.824782
Togo,2001,19.600367,0.6,82.05,0.07,0.0,0.05,41.666668,790.456,10.44,1180.0,292.8231035,152.0,56785.0,8.619543,0.824782
Togo,2002,21.352861,0.7,78.66,0.06,0.0,0.09,59.999996,844.63257,10.42,1340.000033,328.3981073,152.0,56785.0,8.619543,0.824782
Togo,2003,23.100119,0.8,74.79,0.05,0.0,0.12,70.588234,1026.2677,10.31,1830.000043,396.9205798,152.0,56785.0,8.619543,0.824782
Togo,2004,24.844492,1.0,76.14,0.1,0.0,0.08,44.444443,983.6732,10.52,1779.999971,413.3298662,152.0,56785.0,8.619543,0.824782
Togo,2005,26.588327,1.3,77.22,0.11,0.0,0.07,38.888885,934.8484,11.25,1750.0,406.562366,152.0,56785.0,8.619543,0.824782
Togo,2006,27.9,1.6,79.65,0.12,0.0,0.09,42.857143,792.30255,10.94,1570.000052,408.0571173,152.0,56785.0,8.619543,0.824782
Togo,2007,30.084267,1.9,79.9,0.09,0.0,0.09,49.999996,939.68665,11.5,1500.0,449.7382505,152.0,56785.0,8.619543,0.824782
Togo,2008,31.841726,2.4,76.51,0.03,0.0,0.09,75.0,1089.204,11.51,1570.000052,546.3503702,152.0,56785.0,8.619543,0.824782
Togo,2009,33.609127,2.9,63.38,0.03,0.0,0.11,78.57143,1878.3422,13.27,2819.999933,540.6087126,152.0,56785.0,8.619543,0.824782
Togo,2010,30.791744,3.4,65.81,0.08,0.0,0.09,52.941177,1746.39,12.5,2630.000114,534.0447826,152.0,56785.0,8.619543,0.824782
Togo,2011,39.7,4.0,69.1,0.02,0.0,0.1,83.333336,1573.317,11.82,2519.999981,587.0974928,152.0,56785.0,8.619543,0.824782
Togo,2012,38.998062,4.5,72.65,0.02,0.0,0.09,81.818184,1360.6296,11.06,2240.00001,571.8067239,152.0,56785.0,8.619543,0.824782
Togo,2013,40.831367,5.3,76.19,0.06,0.0,0.04,40.0,1350.6348,10.12,1750.0,621.3988536,152.0,56785.0,8.619543,0.824782
Togo,2014,45.7,6.0,81.44,0.08,0.0,0.12,60.0,1142.6974,9.96,1590.000033,640.9342196,152.0,56785.0,8.619543,0.824782
Togo,2015,44.64759,6.6,81.03,0.31,0.0,0.06,16.216215,868.2643,9.17,1830.000043,570.9099672,152.0,56785.0,8.619543,0.824782
Togo,2016,46.76501,7.3,80.65,0.23,0.0,0.2,46.511627,1134.5723,9.36,2299.999952,803.1518934,152.0,56785.0,8.619543,0.824782
Togo,2017,48.0,8.0,77.73,0.56,0.0,0.21,27.272728,1072.4285,8.26,2069.999933,830.7452767,152.0,56785.0,8.619543,0.824782
Togo,2018,50.0,8.6,75.08,0.36,0.0,0.21,36.842106,1253.3207,8.48,2309.999943,901.5230169,152.0,56785.0,8.619543,0.824782
Togo,2019,52.36311,9.25,76.21,0.45,0.0,0.25,35.714287,1304.0579,8.02,2369.999886,893.3524541,152.0,56785.0,8.619543,0.824782
Togo,2020,53.997433,10.1,76.21,0.43,0.0,0.15,25.862072,1152.5186,8.02,2369.999886,914.9507925,152.0,56785.0,8.619543,0.824782
Tonga,2000,85.57863,35.9,2.48,0.03,0.0,0.0,0.0,4269.8066,2.97,100.0,2091.113009,147.0,747.0,-21.178986,-175.198242
Tonga,2001,86.293625,38.05,2.7,0.04,0.0,0.0,0.0,3823.2922,2.64,90.0,1839.086867,147.0,747.0,-21.178986,-175.198242
Tonga,2002,87.00104,40.5,2.48,0.04,0.0,0.0,0.0,4121.7227,2.66,100.0000015,1845.669127,147.0,747.0,-21.178986,-175.198242
Tonga,2003,87.70322,42.8,2.01,0.04,0.0,0.0,0.0,5048.9946,3.2,119.9999973,2030.775469,147.0,747.0,-21.178986,-175.198242
Tonga,2004,88.40251,45.8,2.15,0.04,0.0,0.0,0.0,4648.0396,3.11,129.9999952,2301.654115,147.0,747.0,-21.178986,-175.198242
Tonga,2005,89.101265,47.9,2.15,0.05,0.0,0.0,0.0,4922.036,3.1,129.9999952,2594.418739,147.0,747.0,-21.178986,-175.198242
Tonga,2006,92.3,50.7,1.86,0.05,0.0,0.0,0.0,5507.4424,3.56,150.000006,2873.076637,147.0,747.0,-21.178986,-175.198242
Tonga,2007,90.50704,53.1,2.17,0.05,0.0,0.0,0.0,4695.1675,3.17,129.9999952,2910.145122,147.0,747.0,-21.178986,-175.198242
Tonga,2008,91.21943,55.2,1.99,0.05,0.0,0.0,0.0,5056.352,3.21,129.9999952,3331.546555,147.0,747.0,-21.178986,-175.198242
Tonga,2009,91.94175,57.6,1.82,0.05,0.0,0.0,0.0,5477.1777,3.67,140.0000006,3006.606344,147.0,747.0,-21.178986,-175.198242
Tonga,2010,92.67672,59.8,1.01,0.05,0.0,0.0,0.0,4973.945,3.1,119.9999973,3527.952342,147.0,747.0,-21.178986,-175.198242
Tonga,2011,92.17545,62.1,1.14,0.05,0.0,0.0,0.0,4697.0693,2.68,109.9999994,4002.813771,147.0,747.0,-21.178986,-175.198242
Tonga,2012,92.8,64.6,1.15,0.05,0.0,0.0,0.0,4791.762,2.68,109.9999994,4581.783245,147.0,747.0,-21.178986,-175.198242
Tonga,2013,94.983665,67.0,1.58,0.05,0.0,0.0,0.0,4721.155,2.79,119.9999973,4428.146521,147.0,747.0,-21.178986,-175.198242
Tonga,2014,95.7897,69.5,1.7,0.05,0.0,0.0,0.0,5144.9155,2.68,109.9999994,4354.24436,147.0,747.0,-21.178986,-175.198242
Tonga,2015,100.0,72.1,1.94,0.05,0.0,0.0,0.0,5404.378,2.73,119.9999973,4336.239603,147.0,747.0,-21.178986,-175.198242
Tonga,2016,97.02,75.1,2.03,0.05,0.0,0.0,0.0,5738.4834,2.77,150.000006,4157.877249,147.0,747.0,-21.178986,-175.198242
Tonga,2017,98.36157,77.1,1.96,0.05,0.0,0.01,16.666668,6831.2397,2.84,180.0000072,4513.432531,147.0,747.0,-21.178986,-175.198242
Tonga,2018,99.13257,79.75,1.78,0.06,0.0,0.01,14.285714,5979.639,2.87,159.9999964,4740.700272,147.0,747.0,-21.178986,-175.198242
Tonga,2019,98.4,82.1,1.77,0.06,0.0,0.01,14.285714,6863.2144,3.42,159.9999964,4903.012138,147.0,747.0,-21.178986,-175.198242
Tonga,2020,100.0,84.1,1.77,0.06,0.0,0.01,14.285714,6542.066,3.42,159.9999964,4624.823449,147.0,747.0,-21.178986,-175.198242
Trinidad and Tobago,2000,91.29,100.0,0.76,5.11,0.0,0.03,0.5836576,89203.08,19.47,10200.0,6435.134212,273.0,5128.0,10.691803,-61.222503
Trinidad and Tobago,2001,96.93202,100.0,0.71,5.27,0.0,0.03,0.5660377,95790.32,20.76,11620.0,6939.828471,273.0,5128.0,10.691803,-61.222503
Trinidad and Tobago,2002,97.123146,100.0,0.69,5.27,0.0,0.03,0.5660377,103376.06,20.78,12680.00031,7053.087371,273.0,5128.0,10.691803,-61.222503
Trinidad and Tobago,2003,97.30902,100.0,0.6,6.02,0.0,0.03,0.49586776,115246.71,20.45,15449.99981,8807.866068,273.0,5128.0,10.691803,-61.222503
Trinidad and Tobago,2004,97.49202,100.0,0.6,6.01,0.0,0.03,0.49668875,126030.695,19.36,16100.00038,10293.86925,273.0,5128.0,10.691803,-61.222503
Trinidad and Tobago,2005,97.67448,100.0,0.54,6.6,0.0,0.04,0.60240966,134353.78,21.26,17590.00015,12327.28071,273.0,5128.0,10.691803,-61.222503
Trinidad and Tobago,2006,100.0,100.0,0.55,6.71,0.0,0.04,0.5925926,156027.7,20.95,20059.99947,14102.59329,273.0,5128.0,10.691803,-61.222503
Trinidad and Tobago,2007,100.0,100.0,0.45,7.19,0.0,0.03,0.41551247,159970.84,21.29,20500.0,16539.89075,273.0,5128.0,10.691803,-61.222503
Trinidad and Tobago,2008,100.0,100.0,0.46,7.26,0.0,0.0,0.0,156718.94,19.97,20020.00046,21204.00818,273.0,5128.0,10.691803,-61.222503
Trinidad and Tobago,2009,99.0,100.0,0.49,7.37,0.0,0.0,0.0,154489.58,20.97,19040.00092,14514.24061,273.0,5128.0,10.691803,-61.222503
Trinidad and Tobago,2010,100.0,100.0,0.38,7.97,0.0,0.0,0.0,165831.28,21.6,21459.99908,16683.39306,273.0,5128.0,10.691803,-61.222503
Trinidad and Tobago,2011,100.0,100.0,0.38,8.24,0.0,0.0,0.0,161740.31,21.57,22260.00023,19034.12071,273.0,5128.0,10.691803,-61.222503
Trinidad and Tobago,2012,100.0,100.0,0.37,8.58,0.0,0.0,0.0,158071.06,20.9,21520.00046,19157.45977,273.0,5128.0,10.691803,-61.222503
Trinidad and Tobago,2013,100.0,100.0,0.36,8.94,0.0,0.0,0.0,159847.2,20.32,22209.99908,20143.54541,273.0,5128.0,10.691803,-61.222503
Trinidad and Tobago,2014,100.0,100.0,0.35,8.85,0.0,0.0,0.0,157936.94,20.98,22040.00092,20270.93377,273.0,5128.0,10.691803,-61.222503
Trinidad and Tobago,2015,100.0,100.0,0.37,9.0,0.0,0.01,0.11098779,152244.28,19.93,21329.99992,18214.46062,273.0,5128.0,10.691803,-61.222503
Trinidad and Tobago,2016,100.0,100.0,0.43,8.85,0.0,0.01,0.11286682,134233.72,18.48,18309.99947,16250.62869,273.0,5128.0,10.691803,-61.222503
Trinidad and Tobago,2017,100.0,100.0,0.42,8.76,0.0,0.01,0.11402508,141542.45,19.21,18250.0,16173.74005,273.0,5128.0,10.691803,-61.222503
Trinidad and Tobago,2018,100.0,100.0,0.45,8.67,0.0,0.01,0.11520737,131650.61,19.34,17780.00069,17037.86236,273.0,5128.0,10.691803,-61.222503
Trinidad and Tobago,2019,100.0,100.0,0.43,8.63,0.0,0.01,0.11574074,123712.94,19.9,17190.00053,16637.16294,273.0,5128.0,10.691803,-61.222503
Trinidad and Tobago,2020,100.0,100.0,0.43,8.2,0.0,0.01,0.12180268,108794.93,19.9,17190.00053,15425.63511,273.0,5128.0,10.691803,-61.222503
Tunisia,2000,94.8,94.2,14.24,9.88,0.0,0.08,0.8032128,9003.821,4.3,20700.0,2211.835015,76.0,163610.0,33.886917,9.537499
Tunisia,2001,97.3,95.1,14.22,10.64,0.0,0.07,0.6535948,9892.748,4.37,21570.0,2253.034852,76.0,163610.0,33.886917,9.537499
Tunisia,2002,97.8,96.1,14.55,11.04,0.0,0.09,0.80862534,9695.501,4.37,21709.99908,2344.396907,76.0,163610.0,33.886917,9.537499
Tunisia,2003,98.4,96.8,14.13,11.48,0.0,0.19,1.6281062,9464.025,4.29,21500.0,2760.405122,76.0,163610.0,33.886917,9.537499
Tunisia,2004,99.0,97.4,13.92,12.1,0.0,0.19,1.5459723,9557.016,4.26,22479.99954,3111.374381,76.0,163610.0,33.886917,9.537499
Tunisia,2005,99.3,97.9,14.18,12.79,0.0,0.18,1.387818,10276.655,4.04,22969.99931,3193.204358,76.0,163610.0,33.886917,9.537499
Tunisia,2006,99.4,98.4,14.32,13.15,0.0,0.13,0.9789157,9603.969,4.04,23899.99962,3369.924443,76.0,163610.0,33.886917,9.537499
Tunisia,2007,99.4,98.7,14.32,12.83,0.0,0.09,0.6965944,8479.419,3.91,24750.0,3776.332046,76.0,163610.0,33.886917,9.537499
Tunisia,2008,99.4,99.0,14.61,13.44,0.0,0.07,0.5181347,9715.218,3.91,25250.0,4307.580023,76.0,163610.0,33.886917,9.537499
Tunisia,2009,99.5,99.2,16.07,14.17,0.0,0.18,1.2543553,8024.898,3.69,25290.00092,4128.463959,76.0,163610.0,33.886917,9.537499
Tunisia,2010,99.5,99.4,12.61,14.76,0.0,0.19,1.270903,8150.696,4.01,27520.00046,4344.64192,76.0,163610.0,33.886917,9.537499
Tunisia,2011,99.5,99.5,13.24,15.17,0.0,0.16,1.0437051,7678.843,3.9,26340.00015,4479.930327,76.0,163610.0,33.886917,9.537499
Tunisia,2012,99.5,99.6,13.0,16.48,0.0,0.32,1.904762,8332.082,3.9,27790.00092,4361.687736,76.0,163610.0,33.886917,9.537499
Tunisia,2013,99.7,99.7,13.17,16.64,0.0,0.44,2.5761125,8726.086,3.87,27850.00038,4444.816511,76.0,163610.0,33.886917,9.537499
Tunisia,2014,99.8,99.7,12.86,17.27,0.0,0.59,3.303471,9507.342,3.82,29950.00076,4544.016632,76.0,163610.0,33.886917,9.537499
Tunisia,2015,99.9,99.7,12.5,17.77,0.0,0.58,3.1607628,9709.658,3.87,30479.99954,4094.836287,76.0,163610.0,33.886917,9.537499
Tunisia,2016,100.0,99.8,12.4,17.86,0.0,0.63,3.4072473,9585.773,3.88,29610.00061,3924.363346,76.0,163610.0,33.886917,9.537499
Tunisia,2017,100.0,99.8,11.82,18.57,0.0,0.6,3.1298907,10039.691,3.92,29959.99908,3687.777461,76.0,163610.0,33.886917,9.537499
Tunisia,2018,99.8,99.8,11.91,18.88,0.0,0.64,3.2786884,10208.622,3.85,29889.99939,3680.892597,76.0,163610.0,33.886917,9.537499
Tunisia,2019,100.0,99.8,12.2,19.73,0.0,0.82,3.9902678,10128.142,3.75,29909.99985,3574.654024,76.0,163610.0,33.886917,9.537499
Tunisia,2020,100.0,99.8,12.2,18.73,0.0,0.85,4.3411646,9290.702,3.75,29909.99985,3521.591948,76.0,163610.0,33.886917,9.537499
Turkmenistan,2000,99.6,99.4,0.09,9.25,0.0,0.0,0.0,26223.863,29.85,38510.0,643.1909754,13.0,488100.0,38.969719,59.556278
Turkmenistan,2001,99.73518,99.5,0.09,9.97,0.0,0.0,0.0,32628.65,24.27,39120.0,774.482152,13.0,488100.0,38.969719,59.556278
Turkmenistan,2002,99.71919,99.6,0.09,10.06,0.0,0.0,0.0,27147.498,20.25,41409.99985,967.8874353,13.0,488100.0,38.969719,59.556278
Turkmenistan,2003,99.69797,99.6,0.08,10.15,0.0,0.0,0.0,37007.59,27.14,46349.99847,1283.908782,13.0,488100.0,38.969719,59.556278
Turkmenistan,2004,99.67385,99.65,0.07,11.2,0.0,0.0,0.0,36185.508,32.57,49369.99893,1453.917784,13.0,488100.0,38.969719,59.556278
Turkmenistan,2005,99.6492,99.7,0.07,12.05,0.0,0.0,0.0,36145.84,28.09,50590.00015,1704.41538,13.0,488100.0,38.969719,59.556278
Turkmenistan,2006,99.84133,99.8,0.08,12.83,0.0,0.0,0.0,36023.754,26.15,51919.99817,2136.472101,13.0,488100.0,38.969719,59.556278
Turkmenistan,2007,99.60816,99.8,0.07,13.98,0.0,0.0,0.0,34462.887,23.34,58479.99954,2600.368758,13.0,488100.0,38.969719,59.556278
Turkmenistan,2008,99.59714,99.8,0.07,14.13,0.0,0.0,0.0,27853.562,25.06,59279.99878,3904.465301,13.0,488100.0,38.969719,59.556278
Turkmenistan,2009,99.596054,99.8,0.08,15.02,0.0,0.0,0.0,44702.367,20.74,52389.99939,4036.456805,13.0,488100.0,38.969719,59.556278
Turkmenistan,2010,100.0,99.9,0.07,15.66,0.0,0.0,0.0,47374.234,21.67,59180.00031,4439.202128,13.0,488100.0,38.969719,59.556278
Turkmenistan,2011,99.87741,99.9,0.06,16.19,0.0,0.0,0.0,51670.953,20.55,65449.99695,5649.962106,13.0,488100.0,38.969719,59.556278
Turkmenistan,2012,99.895836,99.9,0.05,16.68,0.0,0.0,0.0,55318.344,19.15,69010.00214,6675.178055,13.0,488100.0,38.969719,59.556278
Turkmenistan,2013,99.912094,99.9,0.06,17.74,0.0,0.0,0.0,48244.71,17.83,70220.00122,7304.285771,13.0,488100.0,38.969719,59.556278
Turkmenistan,2014,99.935104,99.9,0.05,19.18,0.0,0.0,0.0,49096.004,16.5,71400.00153,7962.244925,13.0,488100.0,38.969719,59.556278
Turkmenistan,2015,100.0,99.9,0.05,21.18,0.0,0.0,0.0,57717.438,16.0,73400.00153,6432.685325,13.0,488100.0,38.969719,59.556278
Turkmenistan,2016,99.9899,99.9,0.05,21.18,0.0,0.0,0.0,56153.7,15.04,73339.99634,6387.682575,13.0,488100.0,38.969719,59.556278
Turkmenistan,2017,99.99625,99.9,0.06,21.18,0.0,0.0,0.0,54625.52,14.13,73120.00275,6587.092604,13.0,488100.0,38.969719,59.556278
Turkmenistan,2018,100.0,99.9,0.06,21.18,0.0,0.0,0.0,59849.832,13.33,73050.00305,6967.375043,13.0,488100.0,38.969719,59.556278
Turkmenistan,2019,99.9,99.9,0.06,21.18,0.0,0.0,0.0,57961.055,12.87,72870.00275,7612.03518,13.0,488100.0,38.969719,59.556278
Turkmenistan,2020,100.0,99.9,0.06,20.11,0.0,0.0,0.0,67626.92,12.87,72870.00275,7612.03518,13.0,488100.0,38.969719,59.556278
Uganda,2000,7.3511305,0.9,95.01,0.04,0.0,1.55,97.484276,430.94543,13.37,1300.0,261.8691416,229.0,241038.0,1.373333,32.290275
Uganda,2001,8.6,0.9,95.22,0.04,0.0,1.55,97.484276,426.19104,13.97,1300.0,239.473127,229.0,241038.0,1.373333,32.290275
Uganda,2002,7.8,0.9,95.35,0.04,0.0,1.67,97.66082,423.49295,13.36,1490.00001,245.5000403,229.0,241038.0,1.373333,32.290275
Uganda,2003,10.563554,0.9,95.28,0.05,0.0,1.75,97.22222,432.8561,13.08,1570.000052,254.3012043,229.0,241038.0,1.373333,32.290275
Uganda,2004,11.625457,0.8,95.02,0.05,0.0,1.89,97.422676,447.65942,12.77,1629.999995,296.0142675,229.0,241038.0,1.373333,32.290275
Uganda,2005,8.9,0.8,94.11,0.11,0.0,1.84,94.35897,493.46793,12.6,2019.999981,333.7315763,229.0,241038.0,1.373333,32.290275
Uganda,2006,9.0,0.8,93.82,0.4,0.0,1.17,74.522285,465.70273,11.89,2400.000095,349.2171001,229.0,241038.0,1.373333,32.290275
Uganda,2007,14.817822,0.8,93.74,0.56,0.0,1.41,71.5736,545.6078,11.52,2869.999886,403.6637446,229.0,241038.0,1.373333,32.290275
Uganda,2008,15.892814,0.9,93.73,0.62,0.0,1.7,73.27586,557.28687,11.01,2970.000029,474.5179496,229.0,241038.0,1.373333,32.290275
Uganda,2009,10.0,0.8,93.87,0.89,0.0,1.51,62.916664,552.86536,10.76,3359.999895,799.9658963,229.0,241038.0,1.373333,32.290275
Uganda,2010,12.1,0.8,93.18,1.1,0.0,1.59,59.107807,604.4495,10.69,3329.999924,822.5393725,229.0,241038.0,1.373333,32.290275
Uganda,2011,14.6,0.8,92.79,1.0,0.0,1.61,61.685825,614.26904,10.19,3740.00001,832.5690782,229.0,241038.0,1.373333,32.290275
Uganda,2012,20.319271,0.8,92.95,0.38,0.0,1.58,80.61224,577.6927,10.19,3779.999971,790.1314506,229.0,241038.0,1.373333,32.290275
Uganda,2013,13.9,0.8,92.55,0.14,0.0,2.45,94.5946,651.41376,10.34,3690.000057,810.090395,229.0,241038.0,1.373333,32.290275
Uganda,2014,20.4,0.7,91.84,0.29,0.0,2.52,89.67972,728.95105,10.28,4110.000134,883.5287445,229.0,241038.0,1.373333,32.290275
Uganda,2015,18.5,0.7,91.07,0.29,0.0,2.58,89.89548,707.7433,10.24,4719.99979,847.2676289,229.0,241038.0,1.373333,32.290275
Uganda,2016,26.7,0.7,90.83,0.29,0.0,3.48,92.30769,765.0577,10.16,4949.999809,736.5598474,229.0,241038.0,1.373333,32.290275
Uganda,2017,32.521152,0.6,90.76,0.26,0.0,3.65,93.35038,804.89435,10.3,5170.000076,746.8307529,229.0,241038.0,1.373333,32.290275
Uganda,2018,41.92,0.6,90.07,0.31,0.0,4.0,92.80743,841.20447,10.17,5860.000134,770.6007843,229.0,241038.0,1.373333,32.290275
Uganda,2019,41.3,0.5,90.22,0.09,0.0,4.24,97.92147,811.62756,9.98,5860.000134,798.5857341,229.0,241038.0,1.373333,32.290275
Uganda,2020,42.074417,0.5,90.22,0.13,0.0,4.32,97.07866,766.4143,9.98,5860.000134,822.0276815,229.0,241038.0,1.373333,32.290275
Ukraine,2000,100.0,91.65,1.25,82.65,77.34,11.28,51.742863,32435.855,15.78,297380.0,658.348608,75.0,603550.0,48.379433,31.16558
Ukraine,2001,100.0,92.0,1.23,84.59,76.17,12.05,51.050285,32281.633,14.48,300550.0,807.8019371,75.0,603550.0,48.379433,31.16558
Ukraine,2002,100.0,92.3,1.03,85.93,77.99,9.65,50.492596,32374.943,13.91,303940.0024,911.9111514,75.0,603550.0,48.379433,31.16558
Ukraine,2003,100.0,92.7,0.99,89.52,81.41,9.27,50.321865,33439.895,13.19,330230.011,1087.785627,75.0,603550.0,48.379433,31.16558
Ukraine,2004,100.0,92.9,1.21,83.22,87.02,11.78,54.279747,33554.93,11.86,307140.0146,1416.60381,75.0,603550.0,48.379433,31.16558
Ukraine,2005,99.88556,93.2,1.27,84.75,88.76,12.4,54.413425,34223.043,11.44,295410.0037,1894.470781,75.0,603550.0,48.379433,31.16558
Ukraine,2006,100.0,93.6,1.75,90.09,90.22,12.92,53.376804,34864.605,10.23,303989.9902,2391.323934,75.0,603550.0,48.379433,31.16558
Ukraine,2007,99.8,93.9,2.39,93.13,92.54,10.47,52.51861,34933.59,9.78,312140.0146,3197.934295,75.0,603550.0,48.379433,31.16558
Ukraine,2008,100.0,94.0,2.72,90.92,89.84,11.82,52.788452,33911.27,9.24,301200.0122,4066.547885,75.0,603550.0,48.379433,31.16558
Ukraine,2009,100.0,94.2,2.96,78.58,82.92,12.12,54.74024,29011.01,9.2,251619.9951,2639.391654,75.0,603550.0,48.379433,31.16558
Ukraine,2010,100.0,94.3,2.88,86.28,89.15,13.39,54.305687,31235.12,10.26,268920.0134,3078.429982,75.0,603550.0,48.379433,31.16558
Ukraine,2011,100.0,94.6,2.74,93.5,90.25,11.2,52.038986,32400.47,9.3,283339.9963,3704.824973,75.0,603550.0,48.379433,31.16558
Ukraine,2012,99.86749,94.7,2.86,96.99,90.14,11.23,51.104053,31779.547,8.98,277109.9854,4004.804396,75.0,603550.0,48.379433,31.16558
Ukraine,2013,100.0,94.8,3.49,95.39,83.21,15.11,50.756283,30228.559,8.52,270269.989,4187.739845,75.0,603550.0,48.379433,31.16558
Ukraine,2014,100.0,94.8,3.5,83.42,88.39,10.17,54.159798,26764.613,8.29,237729.9957,3104.643206,75.0,603550.0,48.379433,31.16558
Ukraine,2015,100.0,94.9,4.15,66.91,87.63,7.1,58.605545,22306.594,8.07,191070.0073,2124.662319,75.0,603550.0,48.379433,31.16558
Ukraine,2016,100.0,94.9,5.48,72.66,80.95,9.25,55.384995,23419.848,7.79,201660.0037,2187.73051,75.0,603550.0,48.379433,31.16558
Ukraine,2017,100.0,94.9,6.48,57.96,85.58,10.88,62.466003,21840.365,7.42,174940.0024,2638.326055,75.0,603550.0,48.379433,31.16558
Ukraine,2018,100.0,95.0,6.92,60.81,84.4,13.02,61.568604,22768.459,7.51,185619.9951,3096.561697,75.0,603550.0,48.379433,31.16558
Ukraine,2019,100.0,94.9,7.44,57.79,83.0,11.87,62.144634,21661.146,6.95,174729.9957,3661.456204,75.0,603550.0,48.379433,31.16558
Ukraine,2020,100.0,94.9,7.44,54.5,76.2,17.56,63.240257,20916.844,6.95,174729.9957,3724.938437,75.0,603550.0,48.379433,31.16558
United Arab Emirates,2000,100.0,100.0,0.08,37.54,0.0,0.0,0.0,163580.66,4.08,84730.0,33291.36625,118.0,83600.0,23.424076,53.847818
United Arab Emirates,2001,100.0,100.0,0.06,40.58,0.0,0.0,0.0,156784.6,5.6,97200.0,31280.75586,118.0,83600.0,23.424076,53.847818
United Arab Emirates,2002,100.0,100.0,0.07,44.04,0.0,0.0,0.0,162836.45,5.4,99150.00153,31567.54631,118.0,83600.0,23.424076,53.847818
United Arab Emirates,2003,100.0,100.0,0.07,46.48,0.0,0.0,0.0,165507.6,4.88,103819.9997,33499.10278,118.0,83600.0,23.424076,53.847818
United Arab Emirates,2004,100.0,100.0,0.1,49.27,0.0,0.0,0.0,169047.55,4.4,110010.0021,36333.18733,118.0,83600.0,23.424076,53.847818
United Arab Emirates,2005,100.0,100.0,0.11,57.05,0.0,0.0,0.0,164587.45,4.47,116459.9991,39365.45964,118.0,83600.0,23.424076,53.847818
United Arab Emirates,2006,100.0,100.0,0.12,62.76,0.0,0.0,0.0,151316.52,4.23,121559.9976,41907.42147,118.0,83600.0,23.424076,53.847818
United Arab Emirates,2007,100.0,100.0,0.11,74.03,0.0,0.0,0.0,139351.47,4.45,131830.0018,41809.46216,118.0,83600.0,23.424076,53.847818
United Arab Emirates,2008,100.0,100.0,0.11,77.06,0.0,0.0,0.0,134274.22,5.1,156050.0031,44498.94051,118.0,83600.0,23.424076,53.847818
United Arab Emirates,2009,100.0,100.0,0.11,82.9,0.0,0.01,0.012061271,115803.19,5.76,157020.0043,32024.19778,118.0,83600.0,23.424076,53.847818
United Arab Emirates,2010,100.0,100.0,0.11,88.31,0.0,0.02,0.022642363,114656.625,5.48,162789.9933,33893.26387,118.0,83600.0,23.424076,53.847818
United Arab Emirates,2011,100.0,100.0,0.11,93.19,0.0,0.03,0.032181934,119056.13,5.03,165600.0061,39194.67224,118.0,83600.0,23.424076,53.847818
United Arab Emirates,2012,100.0,100.0,0.1,99.83,0.0,0.02,0.020030046,123958.766,5.11,175589.9963,40976.49075,118.0,83600.0,23.424076,53.847818
United Arab Emirates,2013,100.0,100.0,0.1,103.33,0.0,0.08,0.077361956,129486.234,5.13,184470.0012,42412.6395,118.0,83600.0,23.424076,53.847818
United Arab Emirates,2014,100.0,100.0,0.14,109.26,0.0,0.31,0.28292415,127985.82,5.4,184759.9945,43751.80565,118.0,83600.0,23.424076,53.847818
United Arab Emirates,2015,100.0,100.0,0.13,119.45,0.0,0.31,0.25885102,137896.34,5.56,195240.0055,38663.4005,118.0,83600.0,23.424076,53.847818
United Arab Emirates,2016,100.0,100.0,0.12,121.53,0.0,0.32,0.26261798,142115.27,5.96,201080.0018,38141.86713,118.0,83600.0,23.424076,53.847818
United Arab Emirates,2017,100.0,100.0,0.19,125.79,0.0,0.75,0.592698,135601.27,4.54,197039.9933,40644.79119,118.0,83600.0,23.424076,53.847818
United Arab Emirates,2018,100.0,100.0,0.32,126.61,0.0,1.32,1.0318142,132789.17,4.11,177119.9951,43839.32449,118.0,83600.0,23.424076,53.847818
United Arab Emirates,2019,100.0,100.0,0.67,125.85,0.0,3.8,2.930968,134878.39,3.36,188860.0006,42701.44305,118.0,83600.0,23.424076,53.847818
United Arab Emirates,2020,100.0,100.0,0.67,119.49,1.56,5.5,5.5788226,126073.66,3.36,188860.0006,36284.55524,118.0,83600.0,23.424076,53.847818
United Kingdom,2000,100.0,100.0,0.96,279.34,85.06,9.98,25.385971,45275.645,4.14,530890.0,28223.06757,281.0,243610.0,55.378051,-3.435973
United Kingdom,2001,100.0,100.0,0.85,282.72,90.09,9.56,26.061146,45559.023,4.05,545260.0,27806.44882,281.0,243610.0,55.378051,-3.435973
United Kingdom,2002,100.0,100.0,0.97,285.62,87.85,11.13,25.735828,44332.9,3.9,530789.978,30049.89632,281.0,243610.0,55.378051,-3.435973
United Kingdom,2003,100.0,100.0,0.93,296.15,88.69,10.62,25.112528,44750.703,3.84,543039.978,34487.46757,281.0,243610.0,55.378051,-3.435973
United Kingdom,2004,100.0,100.0,1.14,297.15,80.0,14.14,24.058882,44856.6,3.71,543080.0171,40371.71083,281.0,243610.0,55.378051,-3.435973
United Kingdom,2005,100.0,100.0,1.35,296.87,81.62,16.93,24.922867,44937.305,3.62,540919.9829,42132.09072,281.0,243610.0,55.378051,-3.435973
United Kingdom,2006,100.0,100.0,1.55,299.88,75.45,18.11,23.779991,44057.82,3.47,542059.9976,44654.09692,281.0,243610.0,55.378051,-3.435973
United Kingdom,2007,100.0,100.0,1.84,310.26,63.03,19.69,21.049417,42517.13,3.27,530500.0,50653.25691,281.0,243610.0,55.378051,-3.435973
United Kingdom,2008,100.0,100.0,2.79,310.5,52.49,21.85,19.317118,41451.902,3.24,515340.0269,47549.34863,281.0,243610.0,55.378051,-3.435973
United Kingdom,2009,100.0,100.0,3.38,278.73,69.1,25.25,25.289482,39040.56,3.18,466489.9902,38952.21103,281.0,243610.0,55.378051,-3.435973
United Kingdom,2010,100.0,100.0,3.67,290.59,62.14,26.18,23.308966,39540.008,3.23,482440.0024,39688.61497,281.0,243610.0,55.378051,-3.435973
United Kingdom,2011,100.0,100.0,4.44,260.88,68.98,35.2,28.537775,37007.074,2.96,445589.9963,42284.88449,281.0,243610.0,55.378051,-3.435973
United Kingdom,2012,100.0,100.0,4.77,249.25,70.4,41.24,30.934633,37292.91,2.99,467779.9988,42686.80005,281.0,243610.0,55.378051,-3.435973
United Kingdom,2013,100.0,100.0,6.02,231.56,70.61,53.21,34.84158,36881.977,2.88,453760.0098,43713.81412,281.0,243610.0,55.378051,-3.435973
United Kingdom,2014,100.0,100.0,7.36,206.94,63.75,64.52,38.265564,34583.77,2.64,415600.0061,47787.2413,281.0,243610.0,55.378051,-3.435973
United Kingdom,2015,100.0,100.0,8.61,182.43,70.34,82.57,45.5985,34890.32,2.61,401079.9866,45404.56777,281.0,243610.0,55.378051,-3.435973
United Kingdom,2016,100.0,100.0,8.6,181.56,71.73,82.99,46.009277,34296.684,2.53,380809.9976,41499.5557,281.0,243610.0,55.378051,-3.435973
United Kingdom,2017,100.0,100.0,9.7,165.91,70.34,98.85,50.489407,34098.812,2.45,367000.0,40857.75558,281.0,243610.0,55.378051,-3.435973
United Kingdom,2018,100.0,100.0,10.99,155.41,65.06,110.03,52.977306,33771.496,2.41,360730.011,43646.95197,281.0,243610.0,55.378051,-3.435973
United Kingdom,2019,100.0,100.0,12.24,144.99,56.18,120.48,54.923054,32893.76,2.3,348920.0134,43070.49836,281.0,243610.0,55.378051,-3.435973
United Kingdom,2020,100.0,100.0,12.24,124.78,50.85,131.74,59.403976,29425.54,2.3,348920.0134,41059.16881,281.0,243610.0,55.378051,-3.435973
United States,2000,100.0,100.0,5.43,2697.28,753.89,350.93,29.05815,93999.86,6.73,5775810.0,36334.90878,36.0,9833517.0,37.09024,-95.712891
United States,2001,100.0,100.0,4.68,2678.68,768.83,280.06,28.138706,90772.18,6.54,5748260.0,37133.24281,36.0,9833517.0,37.09024,-95.712891
United States,2002,100.0,100.0,4.84,2727.83,780.06,336.34,29.040926,91201.06,6.5,5593029.785,38023.16111,36.0,9833517.0,37.09024,-95.712891
United States,2003,100.0,100.0,5.33,2756.03,763.73,349.18,28.765244,90619.11,6.33,5658990.234,39496.48588,36.0,9833517.0,37.09024,-95.712891
United States,2004,100.0,100.0,5.48,2818.28,788.53,345.14,28.686348,91504.484,6.22,5738290.039,41712.80107,36.0,9833517.0,37.09024,-95.712891
United States,2005,100.0,100.0,5.84,2899.96,781.99,353.04,28.129686,90654.53,6.04,5753490.234,44114.74778,36.0,9833517.0,37.09024,-95.712891
United States,2006,100.0,100.0,6.4,2878.56,787.22,381.16,28.870703,89067.04,5.82,5653080.078,46298.73144,36.0,9833517.0,37.09024,-95.712891
United States,2007,100.0,100.0,6.3,2988.24,806.42,347.91,27.865068,89395.14,5.81,5736319.824,47975.9677,36.0,9833517.0,37.09024,-95.712891
United States,2008,100.0,100.0,6.85,2924.21,806.21,377.11,28.808554,86378.65,5.67,5558379.883,48382.55845,36.0,9833517.0,37.09024,-95.712891
United States,2009,100.0,100.0,7.35,2725.41,798.85,415.56,30.823996,81376.18,5.53,5156430.176,47099.98047,36.0,9833517.0,37.09024,-95.712891
United States,2010,100.0,100.0,7.44,2882.49,806.97,424.48,29.93359,83397.48,5.52,5392109.863,48466.6576,36.0,9833517.0,37.09024,-95.712891
United States,2011,100.0,100.0,8.36,2788.93,790.2,509.74,31.792154,81962.36,5.36,5173600.098,49882.55813,36.0,9833517.0,37.09024,-95.712891
United States,2012,100.0,100.0,8.73,2779.02,769.33,492.32,31.223783,79102.34,5.15,4956060.059,51602.93105,36.0,9833517.0,37.09024,-95.712891
United States,2013,100.0,100.0,9.08,2746.21,789.02,520.38,32.28614,80556.516,5.15,5092100.098,53106.53677,36.0,9833517.0,37.09024,-95.712891
United States,2014,100.0,100.0,9.22,2752.01,797.17,546.83,32.81242,80725.086,5.08,5107209.961,55049.98833,36.0,9833517.0,37.09024,-95.712891
United States,2015,100.0,100.0,9.03,2730.32,797.18,556.49,33.14577,79317.37,4.88,4990709.961,56863.3715,36.0,9833517.0,37.09024,-95.712891
United States,2016,100.0,100.0,9.46,2656.96,805.69,624.91,34.998875,78613.54,4.74,4894500.0,58021.4005,36.0,9833517.0,37.09024,-95.712891
United States,2017,100.0,100.0,9.92,2540.17,804.95,707.19,37.315506,78289.01,4.62,4819370.117,60109.65573,36.0,9833517.0,37.09024,-95.712891
United States,2018,100.0,100.0,10.12,2661.3,807.08,733.17,36.659092,80583.34,4.61,4975310.059,63064.41841,36.0,9833517.0,37.09024,-95.712891
United States,2019,100.0,100.0,10.42,2588.21,809.41,760.76,37.75918,79489.016,4.51,4817720.215,65279.52903,36.0,9833517.0,37.09024,-95.712891
United States,2020,100.0,100.0,10.42,2431.9,789.88,821.4,39.8518,73236.14,4.51,4817720.215,63593.44362,36.0,9833517.0,37.09024,-95.712891
Uruguay,2000,97.676865,100.0,38.73,0.49,0.0,7.0,93.45795,14601.469,2.7,5460.0,6875.025469,20.0,176215.0,-32.522779,-55.765835
Uruguay,2001,97.78539,100.0,41.63,0.06,0.0,9.1,99.344986,15946.608,2.47,4950.0,6284.45968,20.0,176215.0,-32.522779,-55.765835
Uruguay,2002,97.88633,100.0,43.25,0.07,0.0,9.44,99.26392,14137.804,2.48,4530.00021,4090.891888,20.0,176215.0,-32.522779,-55.765835
Uruguay,2003,97.98204,100.0,43.83,0.08,0.0,8.45,99.06213,14181.147,2.48,4489.999771,3624.205685,20.0,176215.0,-32.522779,-55.765835
Uruguay,2004,98.07486,100.0,39.31,1.01,0.0,4.77,82.52595,13627.525,2.69,5460.000038,4120.544205,20.0,176215.0,-32.522779,-55.765835
Uruguay,2005,98.167145,100.0,41.32,0.9,0.0,6.66,88.09524,14696.39,2.6,5420.000076,5226.9441,20.0,176215.0,-32.522779,-55.765835
Uruguay,2006,98.505424,100.0,37.6,1.87,0.0,3.6,65.81353,13377.3125,2.7,6329.999924,5887.845162,20.0,176215.0,-32.522779,-55.765835
Uruguay,2007,98.692635,100.0,43.2,0.97,0.0,8.31,89.547424,15803.453,2.53,5849.999905,7026.503055,20.0,176215.0,-32.522779,-55.765835
Uruguay,2008,98.784355,100.0,44.09,3.01,0.0,5.5,64.629845,16750.07,3.05,7750.0,9091.079039,20.0,176215.0,-32.522779,-55.765835
Uruguay,2009,99.1,100.0,44.64,2.72,0.0,6.08,69.090904,17655.945,2.89,7670.000076,9451.932449,20.0,176215.0,-32.522779,-55.765835
Uruguay,2010,99.3,100.0,53.29,1.72,0.0,9.31,84.40617,18292.451,2.63,6280.00021,11992.02377,20.0,176215.0,-32.522779,-55.765835
Uruguay,2011,99.17,100.0,49.67,2.76,0.0,7.61,73.384766,17861.395,2.71,7610.000134,14236.715,20.0,176215.0,-32.522779,-55.765835
Uruguay,2012,99.6,100.0,47.85,3.85,0.0,6.76,63.713478,17839.785,2.79,8520.000458,15171.58017,20.0,176215.0,-32.522779,-55.765835
Uruguay,2013,99.61181,100.0,51.87,2.04,0.0,9.41,82.18341,18592.736,2.62,7360.000134,16973.68924,20.0,176215.0,-32.522779,-55.765835
Uruguay,2014,99.65708,100.0,56.7,1.64,0.0,11.21,87.23735,19071.291,2.58,6500.0,16831.94819,20.0,176215.0,-32.522779,-55.765835
Uruguay,2015,99.70948,100.0,59.4,1.91,0.0,11.7,85.9662,19596.402,2.75,6639.999866,15613.74597,20.0,176215.0,-32.522779,-55.765835
Uruguay,2016,99.7,100.0,60.32,1.34,0.0,12.41,90.25455,19814.26,2.82,6519.999981,16715.63347,20.0,176215.0,-32.522779,-55.765835
Uruguay,2017,99.8,100.0,60.82,1.32,0.0,12.93,90.73684,19084.248,2.71,6099.999905,18690.89384,20.0,176215.0,-32.522779,-55.765835
Uruguay,2018,99.8,100.0,60.86,1.36,0.0,13.14,90.62069,19538.71,2.79,6539.999962,18703.86029,20.0,176215.0,-32.522779,-55.765835
Uruguay,2019,99.9,100.0,60.76,1.89,0.0,14.16,88.224304,19985.01,2.77,6489.999771,17688.01501,20.0,176215.0,-32.522779,-55.765835
Uruguay,2020,100.0,100.0,60.76,2.4,0.0,11.14,82.27474,17631.44,2.77,6489.999771,15438.41167,20.0,176215.0,-32.522779,-55.765835
Uzbekistan,2000,99.59327,83.6,0.72,38.51,0.0,5.82,13.128806,24053.547,28.2,123810.0,558.2268024,79.0,447400.0,41.377491,64.585262
Uzbekistan,2001,99.630104,83.9,0.78,39.05,0.0,5.9,13.125695,23824.65,27.36,125700.0,456.7062895,79.0,447400.0,41.377491,64.585262
Uzbekistan,2002,99.7,84.2,1.02,40.55,0.0,6.12,13.11335,24111.441,27.27,129889.9994,383.343068,79.0,447400.0,41.377491,64.585262
Uzbekistan,2003,99.683365,84.5,1.42,39.27,0.0,7.54,16.107668,21826.992,25.32,121910.0037,396.377979,79.0,447400.0,41.377491,64.585262
Uzbekistan,2004,99.7045,84.6,1.05,38.48,0.0,8.92,18.818565,21485.61,23.29,124839.9963,465.1198869,79.0,447400.0,41.377491,64.585262
Uzbekistan,2005,99.72508,85.0,1.62,38.13,0.0,8.84,18.820522,21171.098,20.58,119190.0024,546.7768502,79.0,447400.0,41.377491,64.585262
Uzbekistan,2006,99.4901,85.3,0.85,39.25,0.0,4.65,10.592255,19566.176,19.78,127360.0006,654.2838373,79.0,447400.0,41.377491,64.585262
Uzbekistan,2007,99.774536,85.3,0.9,40.0,0.0,4.61,10.334005,20663.172,17.64,122580.0018,830.4076942,79.0,447400.0,41.377491,64.585262
Uzbekistan,2008,99.80875,85.7,0.8,35.76,0.0,4.44,11.044776,19085.639,16.65,128880.0049,1082.286025,79.0,447400.0,41.377491,64.585262
Uzbekistan,2009,99.852905,85.6,1.25,38.18,0.0,6.42,14.394619,18643.188,14.07,116529.9988,1213.265328,79.0,447400.0,41.377491,64.585262
Uzbekistan,2010,99.91289,85.8,1.35,41.16,0.0,8.11,16.46032,18563.715,14.22,126239.9979,1742.349256,79.0,447400.0,41.377491,64.585262
Uzbekistan,2011,99.96144,85.6,0.95,44.28,0.0,5.65,11.315842,19236.137,13.59,128630.0049,2051.129515,79.0,447400.0,41.377491,64.585262
Uzbekistan,2012,99.98982,85.8,1.34,43.56,0.0,6.59,13.140578,18406.984,11.04,113139.9994,2267.623275,79.0,447400.0,41.377491,64.585262
Uzbekistan,2013,99.99887,85.5,1.19,45.97,0.0,5.65,10.945371,18200.295,10.15,111860.0006,2419.718703,79.0,447400.0,41.377491,64.585262
Uzbekistan,2014,100.0,85.5,1.4,46.7,0.0,6.01,11.402011,18518.158,8.83,104870.0027,2628.460008,79.0,447400.0,41.377491,64.585262
Uzbekistan,2015,100.0,85.35,1.71,47.55,0.0,7.0,12.832264,17386.195,7.86,99169.99817,2753.971072,79.0,447400.0,41.377491,64.585262
Uzbekistan,2016,100.0,85.2,1.61,48.75,0.0,7.25,12.946428,16374.342,7.82,105230.0034,2704.677188,79.0,447400.0,41.377491,64.585262
Uzbekistan,2017,100.0,84.9,1.75,49.71,0.0,8.35,14.381675,16642.676,7.88,109529.9988,1916.764642,79.0,447400.0,41.377491,64.585262
Uzbekistan,2018,100.0,84.3,1.49,53.58,0.0,5.85,9.8435135,16445.74,9.05,112470.0012,1597.068337,79.0,447400.0,41.377491,64.585262
Uzbekistan,2019,100.0,84.6,1.57,53.64,0.0,6.47,10.7636,16212.221,8.37,116709.9991,1784.009816,79.0,447400.0,41.377491,64.585262
Uzbekistan,2020,100.0,84.25,1.57,50.93,0.0,5.01,8.956025,15860.609,8.37,116709.9991,1750.697113,79.0,447400.0,41.377491,64.585262
Vanuatu,2000,22.14308,15.9,48.65,0.04,0.0,0.0,0.0,1988.2789,3.66,90.0,1470.63587,25.0,12189.0,-15.376706,166.959158
Vanuatu,2001,23.94388,15.7,47.42,0.04,0.0,0.0,0.0,2158.8423,3.88,90.0,1363.185058,25.0,12189.0,-15.376706,166.959158
Vanuatu,2002,25.737099,15.5,51.92,0.04,0.0,0.0,0.0,2008.1954,3.82,79.99999821,1354.100243,25.0,12189.0,-15.376706,166.959158
Vanuatu,2003,27.52508,15.35,50.45,0.04,0.0,0.0,0.0,2298.1453,3.78,90.00000358,1580.575634,25.0,12189.0,-15.376706,166.959158
Vanuatu,2004,29.310175,15.1,64.06,0.04,0.0,0.0,0.0,1804.7319,3.03,70.0000003,1788.122206,25.0,12189.0,-15.376706,166.959158
Vanuatu,2005,31.094734,14.7,64.26,0.04,0.0,0.0,0.0,1761.5437,2.88,70.0000003,1887.226576,25.0,12189.0,-15.376706,166.959158
Vanuatu,2006,26.44,14.5,63.75,0.04,0.0,0.0,0.0,1595.11,2.48,70.0000003,2049.532809,25.0,12189.0,-15.376706,166.959158
Vanuatu,2007,33.62462,13.9,42.26,0.05,0.0,0.0,0.0,2524.6426,3.53,109.9999994,2352.973255,25.0,12189.0,-15.376706,166.959158
Vanuatu,2008,36.470303,13.5,47.63,0.05,0.0,0.0,0.0,2429.7217,3.33,100.0000015,2629.053124,25.0,12189.0,-15.376706,166.959158
Vanuatu,2009,33.291115,12.9,38.79,0.05,0.0,0.0,0.0,2740.9023,3.71,129.9999952,2573.889015,25.0,12189.0,-15.376706,166.959158
Vanuatu,2010,44.1,12.3,38.4,0.05,0.0,0.0,0.0,2766.5137,3.7,129.9999952,2839.40634,25.0,12189.0,-15.376706,166.959158
Vanuatu,2011,41.93533,11.5,35.99,0.05,0.0,0.01,16.666668,3125.876,3.71,129.9999952,3173.822022,25.0,12189.0,-15.376706,166.959158
Vanuatu,2012,43.789528,11.0,39.28,0.05,0.0,0.01,16.666668,2561.162,3.45,119.9999973,2997.293432,25.0,12189.0,-15.376706,166.959158
Vanuatu,2013,31.7,10.6,41.26,0.05,0.0,0.02,28.571428,2422.6257,3.36,109.9999994,2954.774511,25.0,12189.0,-15.376706,166.959158
Vanuatu,2014,49.057446,10.0,31.74,0.05,0.0,0.02,28.571428,2701.0388,4.03,159.9999964,2926.67996,25.0,12189.0,-15.376706,166.959158
Vanuatu,2015,52.2051,9.5,35.91,0.05,0.0,0.02,28.571428,2484.069,3.61,140.0000006,2695.666186,25.0,12189.0,-15.376706,166.959158
Vanuatu,2016,57.82,8.8,33.4,0.05,0.0,0.02,28.571428,2445.8684,3.71,180.0000072,2805.66532,25.0,12189.0,-15.376706,166.959158
Vanuatu,2017,62.8,8.4,36.13,0.05,0.0,0.01,16.666668,2661.3218,3.33,170.0000018,3082.475083,25.0,12189.0,-15.376706,166.959158
Vanuatu,2018,61.754513,8.3,29.96,0.05,0.0,0.02,28.571428,3346.0903,3.8,209.9999934,3125.404999,25.0,12189.0,-15.376706,166.959158
Vanuatu,2019,64.59019,8.0,31.86,0.05,0.0,0.02,28.571428,3154.4717,3.53,209.9999934,3116.297759,25.0,12189.0,-15.376706,166.959158
Vanuatu,2020,67.33327,7.6,31.86,0.05,0.0,0.02,28.571428,2923.538,3.53,209.9999934,2870.0893,25.0,12189.0,-15.376706,166.959158
Zambia,2000,16.7,13.8,89.98,0.07,0.0,7.69,99.09794,2951.3672,12.77,1810.0,345.6896207,25.0,752618.0,-13.133897,27.849332
Zambia,2001,20.172386,14.2,89.76,0.07,0.0,7.83,99.11392,2997.7124,12.49,1840.0,382.9410352,25.0,752618.0,-13.133897,27.849332
Zambia,2002,17.4,14.6,89.56,0.08,0.0,8.03,99.013565,3006.324,12.29,1919.999957,382.2419633,25.0,752618.0,-13.133897,27.849332
Zambia,2003,18.5,15.1,89.2,0.08,0.0,8.18,99.03147,3019.908,11.81,2079.999924,435.4581994,25.0,752618.0,-13.133897,27.849332
Zambia,2004,20.3,15.3,89.28,0.07,0.0,8.39,99.172585,3012.9995,11.29,2109.999895,538.591553,25.0,752618.0,-13.133897,27.849332
Zambia,2005,23.321308,15.7,88.68,0.08,0.0,8.8,99.0991,3068.1736,10.81,2289.999962,702.7411184,25.0,752618.0,-13.133897,27.849332
Zambia,2006,24.107258,15.9,89.43,0.08,0.0,9.58,99.171844,3064.4688,10.18,2180.000067,1047.918843,25.0,752618.0,-13.133897,27.849332
Zambia,2007,18.5,16.1,90.32,0.06,0.0,9.54,99.37499,2793.334,9.51,1980.000019,1124.290586,25.0,752618.0,-13.133897,27.849332
Zambia,2008,25.695429,16.2,89.36,0.04,0.0,9.45,99.57851,2786.6501,9.06,2190.000057,1394.0005,25.0,752618.0,-13.133897,27.849332
Zambia,2009,26.50307,16.3,88.68,0.05,0.0,9.81,99.49291,2734.891,8.47,2490.00001,1159.907499,25.0,752618.0,-13.133897,27.849332
Zambia,2010,22.0,16.2,88.59,0.05,0.0,10.36,99.51969,2768.134,7.89,2660.000086,1489.459087,25.0,752618.0,-13.133897,27.849332
Zambia,2011,28.15901,15.9,87.28,0.05,0.0,11.4,99.563324,2998.1587,7.85,3049.999952,1672.907535,25.0,752618.0,-13.133897,27.849332
Zambia,2012,29.012726,15.5,84.63,0.06,0.0,12.26,99.51299,3116.7373,7.65,4030.00021,1763.069442,25.0,752618.0,-13.133897,27.849332
Zambia,2013,29.886272,15.1,84.56,0.05,0.0,13.18,99.62208,3198.5288,7.49,4239.999771,1878.346811,25.0,752618.0,-13.133897,27.849332
Zambia,2014,27.9,14.6,83.77,0.35,0.0,14.01,97.562675,3323.3853,7.45,4690.000057,1762.427817,25.0,752618.0,-13.133897,27.849332
Zambia,2015,31.1,14.0,83.09,0.36,0.0,13.0,97.30539,3115.0676,7.41,4960.000038,1338.290927,25.0,752618.0,-13.133897,27.849332
Zambia,2016,35.425453,13.4,83.07,0.65,0.0,10.97,94.4062,2846.699,7.33,5320.000172,1280.806543,25.0,752618.0,-13.133897,27.849332
Zambia,2017,40.3,12.5,81.89,1.8,0.0,12.64,87.53463,3202.0718,7.44,6809.999943,1535.196574,25.0,752618.0,-13.133897,27.849332
Zambia,2018,40.31789,11.9,82.28,2.24,0.0,13.89,86.11284,3494.5369,7.35,7730.000019,1516.368371,25.0,752618.0,-13.133897,27.849332
Zambia,2019,43.0,11.2,84.5,2.05,0.0,12.62,86.0259,2983.8816,7.09,6800.000191,1305.001031,25.0,752618.0,-13.133897,27.849332
Zambia,2020,44.524475,10.4,84.5,2.0,0.0,13.1,86.75497,3099.083,7.09,6800.000191,985.132436,25.0,752618.0,-13.133897,27.849332
Zimbabwe,2000,33.65489,33.5,69.26,3.3,0.0,3.44,51.038578,4919.5225,9.39,13700.0,563.0575041,38.0,390757.0,-19.015438,29.154857
Zimbabwe,2001,34.172844,33.6,71.53,4.33,0.0,3.25,42.875988,4614.9575,9.23,13900.0,568.3862905,38.0,390757.0,-19.015438,29.154857
Zimbabwe,2002,34.2,33.5,74.3,4.12,0.0,4.14,50.121063,4561.243,9.96,12489.99977,530.5304463,38.0,390757.0,-19.015438,29.154857
Zimbabwe,2003,35.18835,32.8,77.83,2.98,0.0,5.56,65.105385,4397.342,11.47,10180.00031,478.0076044,38.0,390757.0,-19.015438,29.154857
Zimbabwe,2004,35.6906,32.2,81.58,3.63,0.0,5.78,61.42402,4045.2322,11.9,9770.000458,482.9984515,38.0,390757.0,-19.015438,29.154857
Zimbabwe,2005,36.192314,31.7,80.15,3.84,0.0,5.2,57.522125,4160.4126,13.24,10510.00023,476.5554025,38.0,390757.0,-19.015438,29.154857
Zimbabwe,2006,37.2,31.4,78.59,2.23,0.0,5.45,70.96355,4158.7817,14.09,9829.999924,447.8547399,38.0,390757.0,-19.015438,29.154857
Zimbabwe,2007,37.20401,31.0,77.97,1.86,0.0,5.49,74.69388,4036.7202,14.4,9760.000229,431.7872587,38.0,390757.0,-19.015438,29.154857
Zimbabwe,2008,37.719345,30.5,81.86,1.6,0.0,5.79,78.34912,3324.8596,16.34,7599.999905,356.6932344,38.0,390757.0,-19.015438,29.154857
Zimbabwe,2009,43.369083,30.5,82.09,1.57,0.0,5.54,77.91843,3254.282,15.0,7750.0,771.5990323,38.0,390757.0,-19.015438,29.154857
Zimbabwe,2010,38.78255,30.15,82.27,2.49,0.0,5.95,70.497635,3592.6724,12.71,9600.000381,948.331481,38.0,390757.0,-19.015438,29.154857
Zimbabwe,2011,36.9,30.1,79.27,3.43,0.0,5.51,61.633114,3860.7898,11.77,11409.99985,1093.653409,38.0,390757.0,-19.015438,29.154857
Zimbabwe,2012,44.0,29.8,77.5,3.25,0.0,5.68,63.60582,4106.9497,10.42,12010.00023,1304.968011,38.0,390757.0,-19.015438,29.154857
Zimbabwe,2013,40.498375,29.8,78.87,3.9,0.0,5.36,57.88337,4085.332,10.48,12279.99973,1429.998461,38.0,390757.0,-19.015438,29.154857
Zimbabwe,2014,32.3,29.5,80.27,3.92,0.0,5.79,59.62925,3940.8862,10.4,12079.99992,1434.896277,38.0,390757.0,-19.015438,29.154857
Zimbabwe,2015,33.7,29.5,80.82,4.02,0.0,5.37,57.188496,3860.9202,10.36,12430.00031,1445.069702,38.0,390757.0,-19.015438,29.154857
Zimbabwe,2016,42.56173,29.8,81.9,3.5,0.0,3.32,48.68035,3227.6802,10.0,11020.00046,1464.588957,38.0,390757.0,-19.015438,29.154857
Zimbabwe,2017,44.178635,29.8,82.46,3.05,0.0,4.3,58.503407,3068.0115,9.51,10340.00015,1235.189032,38.0,390757.0,-19.015438,29.154857
Zimbabwe,2018,45.572647,29.9,80.23,3.73,0.0,5.46,59.412407,3441.9858,9.83,12380.00011,1254.642265,38.0,390757.0,-19.015438,29.154857
Zimbabwe,2019,46.781475,30.1,81.5,3.66,0.0,4.58,55.582527,3003.6553,10.47,11760.00023,1316.740657,38.0,390757.0,-19.015438,29.154857
Zimbabwe,2020,52.74767,30.4,81.9,3.4,0.0,4.19,55.204216,2680.1318,10.0,11760.00023,1214.50982,38.0,390757.0,-19.015438,29.154857
